year,month,day,carrier,dest,dep_delay,arr_delay,delay_change_minutes
2013,6,1,DL,MIA,93.0,73.0,-20.0
2013,6,1,EV,CLT,124.0,115.0,-9.0
2013,6,1,VX,LAX,99.0,106.0,7.0
2013,6,1,UA,DEN,157.0,126.0,-31.0
2013,6,1,DL,DTW,319.0,312.0,-7.0
2013,6,1,MQ,DTW,114.0,111.0,-3.0
2013,6,1,9E,CVG,107.0,100.0,-7.0
2013,6,1,AA,ORD,138.0,131.0,-7.0
2013,6,1,AA,ORD,182.0,147.0,-35.0
2013,6,1,B6,MCO,105.0,78.0,-27.0
2013,6,1,9E,CLE,164.0,128.0,-36.0
2013,6,2,UA,MSY,145.0,127.0,-18.0
2013,6,2,B6,ROC,99.0,92.0,-7.0
2013,6,2,EV,RIC,214.0,206.0,-8.0
2013,6,2,B6,FLL,185.0,195.0,10.0
2013,6,2,EV,CLT,322.0,302.0,-20.0
2013,6,2,EV,SDF,209.0,195.0,-14.0
2013,6,2,EV,DCA,225.0,218.0,-7.0
2013,6,2,WN,MDW,324.0,292.0,-32.0
2013,6,2,UA,IAH,-3.0,74.0,77.0
2013,6,2,UA,IAH,1.0,72.0,71.0
2013,6,2,UA,IAH,62.0,88.0,26.0
2013,6,2,UA,IAH,106.0,106.0,0.0
2013,6,2,MQ,ORD,54.0,66.0,12.0
2013,6,2,EV,MKE,120.0,130.0,10.0
2013,6,2,UA,DEN,83.0,80.0,-3.0
2013,6,2,B6,MCO,70.0,62.0,-8.0
2013,6,2,EV,SAV,73.0,66.0,-7.0
2013,6,2,DL,ATL,131.0,145.0,14.0
2013,6,2,DL,ATL,58.0,92.0,34.0
2013,6,2,FL,ATL,69.0,84.0,15.0
2013,6,2,EV,BTV,130.0,128.0,-2.0
2013,6,2,AA,DFW,124.0,102.0,-22.0
2013,6,2,UA,CLE,68.0,71.0,3.0
2013,6,2,EV,IAD,65.0,67.0,2.0
2013,6,2,9E,IAD,57.0,91.0,34.0
2013,6,2,MQ,CLE,70.0,66.0,-4.0
2013,6,2,EV,MEM,181.0,185.0,4.0
2013,6,2,EV,DTW,117.0,109.0,-8.0
2013,6,2,EV,BNA,82.0,82.0,0.0
2013,6,2,EV,PVD,117.0,95.0,-22.0
2013,6,2,EV,CMH,154.0,137.0,-17.0
2013,6,2,B6,PBI,76.0,62.0,-14.0
2013,6,2,UA,ORD,153.0,123.0,-30.0
2013,6,2,EV,SDF,132.0,133.0,1.0
2013,6,2,UA,CLE,132.0,89.0,-43.0
2013,6,2,EV,GSO,78.0,90.0,12.0
2013,6,2,MQ,CVG,115.0,114.0,-1.0
2013,6,2,UA,DEN,165.0,136.0,-29.0
2013,6,2,DL,MSP,93.0,66.0,-27.0
2013,6,2,WN,MDW,151.0,170.0,19.0
2013,6,2,EV,STL,151.0,159.0,8.0
2013,6,2,DL,MIA,122.0,121.0,-1.0
2013,6,2,DL,FLL,139.0,125.0,-14.0
2013,6,2,MQ,CMH,141.0,151.0,10.0
2013,6,2,US,PHX,100.0,96.0,-4.0
2013,6,2,WN,MDW,85.0,79.0,-6.0
2013,6,2,EV,GRR,155.0,158.0,3.0
2013,6,2,DL,MEM,91.0,77.0,-14.0
2013,6,2,EV,CVG,173.0,194.0,21.0
2013,6,2,DL,SLC,62.0,82.0,20.0
2013,6,2,9E,BNA,154.0,140.0,-14.0
2013,6,2,MQ,DTW,117.0,111.0,-6.0
2013,6,2,9E,CLE,110.0,137.0,27.0
2013,6,2,B6,TPA,191.0,183.0,-8.0
2013,6,2,EV,MSY,155.0,143.0,-12.0
2013,6,2,EV,CLT,231.0,223.0,-8.0
2013,6,2,DL,PWM,77.0,61.0,-16.0
2013,6,2,B6,SYR,117.0,109.0,-8.0
2013,6,2,UA,IAH,93.0,80.0,-13.0
2013,6,2,MQ,DCA,122.0,187.0,65.0
2013,6,2,EV,MSP,128.0,148.0,20.0
2013,6,2,MQ,BWI,39.0,75.0,36.0
2013,6,2,B6,SEA,99.0,112.0,13.0
2013,6,2,UA,IAH,129.0,100.0,-29.0
2013,6,2,WN,STL,199.0,182.0,-17.0
2013,6,2,US,CLT,130.0,141.0,11.0
2013,6,2,MQ,IND,241.0,258.0,17.0
2013,6,2,AA,DFW,92.0,71.0,-21.0
2013,6,2,YV,CLT,102.0,132.0,30.0
2013,6,2,EV,STL,127.0,124.0,-3.0
2013,6,2,9E,CVG,148.0,130.0,-18.0
2013,6,2,EV,CMH,109.0,98.0,-11.0
2013,6,2,B6,TPA,170.0,185.0,15.0
2013,6,2,WN,DEN,215.0,192.0,-23.0
2013,6,2,B6,IAD,119.0,137.0,18.0
2013,6,2,MQ,RDU,95.0,128.0,33.0
2013,6,2,EV,RIC,163.0,168.0,5.0
2013,6,2,WN,DEN,114.0,85.0,-29.0
2013,6,2,US,CLT,120.0,145.0,25.0
2013,6,2,UA,ORD,157.0,183.0,26.0
2013,6,2,DL,DEN,112.0,90.0,-22.0
2013,6,2,EV,BNA,93.0,97.0,4.0
2013,6,2,MQ,ATL,207.0,218.0,11.0
2013,6,2,DL,MSP,78.0,69.0,-9.0
2013,6,2,DL,MCO,126.0,169.0,43.0
2013,6,2,AA,ORD,120.0,115.0,-5.0
2013,6,2,UA,LAX,93.0,78.0,-15.0
2013,6,2,DL,PBI,117.0,102.0,-15.0
2013,6,2,WN,HOU,178.0,166.0,-12.0
2013,6,2,B6,PBI,113.0,104.0,-9.0
2013,6,2,UA,SFO,102.0,108.0,6.0
2013,6,2,AA,SFO,132.0,131.0,-1.0
2013,6,2,MQ,CRW,93.0,102.0,9.0
2013,6,2,UA,SFO,119.0,101.0,-18.0
2013,6,2,9E,BWI,79.0,68.0,-11.0
2013,6,2,B6,SMF,58.0,62.0,4.0
2013,6,2,AA,LAX,120.0,80.0,-40.0
2013,6,2,DL,MCO,66.0,64.0,-2.0
2013,6,2,DL,ATL,156.0,147.0,-9.0
2013,6,2,B6,FLL,92.0,81.0,-11.0
2013,6,2,DL,TPA,61.0,63.0,2.0
2013,6,2,DL,MIA,77.0,86.0,9.0
2013,6,2,9E,MSP,143.0,121.0,-22.0
2013,6,2,9E,CLE,78.0,69.0,-9.0
2013,6,2,B6,FLL,71.0,111.0,40.0
2013,6,2,AA,TPA,82.0,67.0,-15.0
2013,6,2,AA,MIA,67.0,74.0,7.0
2013,6,2,WN,MKE,107.0,85.0,-22.0
2013,6,2,US,CLT,144.0,175.0,31.0
2013,6,2,AA,LAX,104.0,80.0,-24.0
2013,6,2,AA,SEA,145.0,142.0,-3.0
2013,6,2,AA,ORD,71.0,65.0,-6.0
2013,6,2,WN,BNA,162.0,167.0,5.0
2013,6,2,MQ,CMH,169.0,149.0,-20.0
2013,6,2,US,BOS,62.0,63.0,1.0
2013,6,2,DL,SEA,99.0,84.0,-15.0
2013,6,2,AA,BOS,73.0,73.0,0.0
2013,6,2,DL,ATL,128.0,127.0,-1.0
2013,6,2,DL,DTW,161.0,172.0,11.0
2013,6,2,MQ,CLE,162.0,167.0,5.0
2013,6,2,UA,LAX,193.0,222.0,29.0
2013,6,2,9E,RIC,146.0,137.0,-9.0
2013,6,2,WN,MDW,193.0,173.0,-20.0
2013,6,2,EV,CHS,73.0,78.0,5.0
2013,6,2,DL,ATL,135.0,126.0,-9.0
2013,6,2,UA,SAT,114.0,89.0,-25.0
2013,6,2,B6,PHX,65.0,71.0,6.0
2013,6,2,VX,SFO,243.0,202.0,-41.0
2013,6,2,B6,MCO,229.0,231.0,2.0
2013,6,2,DL,ATL,200.0,179.0,-21.0
2013,6,2,B6,MCO,137.0,119.0,-18.0
2013,6,2,B6,BOS,88.0,81.0,-7.0
2013,6,2,AS,SEA,205.0,170.0,-35.0
2013,6,2,B6,BOS,73.0,67.0,-6.0
2013,6,2,9E,IAD,134.0,112.0,-22.0
2013,6,2,WN,STL,254.0,241.0,-13.0
2013,6,2,B6,MSY,66.0,67.0,1.0
2013,6,2,9E,ORF,213.0,229.0,16.0
2013,6,2,EV,TYS,143.0,136.0,-7.0
2013,6,2,UA,ORD,148.0,129.0,-19.0
2013,6,2,AA,ORD,188.0,167.0,-21.0
2013,6,2,MQ,ATL,101.0,96.0,-5.0
2013,6,2,UA,BQN,93.0,61.0,-32.0
2013,6,2,DL,PIT,152.0,128.0,-24.0
2013,6,2,UA,PBI,150.0,141.0,-9.0
2013,6,2,9E,CVG,185.0,163.0,-22.0
2013,6,2,UA,IAH,198.0,190.0,-8.0
2013,6,2,UA,CLE,237.0,213.0,-24.0
2013,6,2,B6,MCO,75.0,83.0,8.0
2013,6,2,VX,SFO,200.0,211.0,11.0
2013,6,2,WN,MSY,228.0,209.0,-19.0
2013,6,2,UA,IAH,135.0,119.0,-16.0
2013,6,2,UA,BOS,143.0,116.0,-27.0
2013,6,2,MQ,RDU,59.0,66.0,7.0
2013,6,2,UA,FLL,162.0,154.0,-8.0
2013,6,2,UA,FLL,100.0,79.0,-21.0
2013,6,2,US,DCA,215.0,211.0,-4.0
2013,6,2,MQ,CMH,176.0,166.0,-10.0
2013,6,2,UA,BOS,100.0,79.0,-21.0
2013,6,2,MQ,MSP,226.0,223.0,-3.0
2013,6,2,UA,IAH,81.0,128.0,47.0
2013,6,2,B6,FLL,237.0,213.0,-24.0
2013,6,2,UA,LAX,143.0,145.0,2.0
2013,6,2,FL,CAK,140.0,153.0,13.0
2013,6,2,EV,BNA,212.0,260.0,48.0
2013,6,2,VX,LAX,244.0,290.0,46.0
2013,6,2,UA,TPA,168.0,194.0,26.0
2013,6,2,B6,FLL,79.0,71.0,-8.0
2013,6,2,EV,BTV,101.0,152.0,51.0
2013,6,2,UA,PBI,84.0,106.0,22.0
2013,6,2,EV,BHM,256.0,243.0,-13.0
2013,6,2,DL,ATL,199.0,237.0,38.0
2013,6,2,UA,MCO,120.0,124.0,4.0
2013,6,2,B6,MCO,197.0,170.0,-27.0
2013,6,2,AA,LAX,115.0,104.0,-11.0
2013,6,2,US,BOS,162.0,185.0,23.0
2013,6,2,VX,LAX,222.0,234.0,12.0
2013,6,2,B6,TPA,136.0,125.0,-11.0
2013,6,2,UA,SFO,191.0,149.0,-42.0
2013,6,3,MQ,CLT,175.0,160.0,-15.0
2013,6,3,FL,ATL,49.0,61.0,12.0
2013,6,3,EV,DTW,97.0,95.0,-2.0
2013,6,3,9E,DTW,37.0,64.0,27.0
2013,6,3,EV,MEM,21.0,65.0,44.0
2013,6,3,US,CLT,46.0,61.0,15.0
2013,6,3,US,BOS,73.0,80.0,7.0
2013,6,3,EV,MSP,252.0,237.0,-15.0
2013,6,3,MQ,CLE,119.0,115.0,-4.0
2013,6,3,AA,DFW,102.0,67.0,-35.0
2013,6,3,EV,ATL,95.0,87.0,-8.0
2013,6,3,MQ,BNA,78.0,74.0,-4.0
2013,6,3,EV,SAV,72.0,79.0,7.0
2013,6,3,9E,ORD,181.0,160.0,-21.0
2013,6,3,AA,MIA,96.0,105.0,9.0
2013,6,3,US,DCA,95.0,93.0,-2.0
2013,6,3,FL,CAK,94.0,79.0,-15.0
2013,6,3,MQ,ATL,110.0,109.0,-1.0
2013,6,3,US,DCA,57.0,63.0,6.0
2013,6,3,9E,SDF,142.0,132.0,-10.0
2013,6,3,EV,MKE,79.0,83.0,4.0
2013,6,3,US,CLT,55.0,77.0,22.0
2013,6,3,EV,BTV,206.0,164.0,-42.0
2013,6,3,9E,DAY,154.0,152.0,-2.0
2013,6,3,EV,IAD,151.0,144.0,-7.0
2013,6,3,DL,PBI,43.0,62.0,19.0
2013,6,3,UA,ORD,169.0,157.0,-12.0
2013,6,3,US,PHX,140.0,137.0,-3.0
2013,6,3,MQ,CLT,233.0,239.0,6.0
2013,6,3,DL,ATL,67.0,85.0,18.0
2013,6,3,MQ,ATL,258.0,272.0,14.0
2013,6,3,US,BOS,80.0,92.0,12.0
2013,6,3,9E,BOS,80.0,66.0,-14.0
2013,6,3,B6,RSW,5.0,68.0,63.0
2013,6,3,MQ,DTW,169.0,186.0,17.0
2013,6,3,MQ,MSP,104.0,125.0,21.0
2013,6,3,UA,ORD,89.0,99.0,10.0
2013,6,3,US,CLT,35.0,62.0,27.0
2013,6,3,UA,DEN,143.0,149.0,6.0
2013,6,3,UA,IAH,104.0,92.0,-12.0
2013,6,3,B6,SRQ,25.0,73.0,48.0
2013,6,3,EV,BNA,65.0,61.0,-4.0
2013,6,3,MQ,CMH,59.0,75.0,16.0
2013,6,3,WN,MKE,76.0,77.0,1.0
2013,6,3,AA,MIA,29.0,62.0,33.0
2013,6,3,EV,MCI,89.0,72.0,-17.0
2013,6,3,MQ,RDU,126.0,131.0,5.0
2013,6,3,FL,ATL,68.0,87.0,19.0
2013,6,3,MQ,ATL,153.0,166.0,13.0
2013,6,3,EV,MEM,218.0,211.0,-7.0
2013,6,3,MQ,CLT,41.0,88.0,47.0
2013,6,3,B6,BOS,105.0,104.0,-1.0
2013,6,3,UA,MIA,17.0,78.0,61.0
2013,6,3,DL,FLL,40.0,60.0,20.0
2013,6,3,AA,MCO,20.0,69.0,49.0
2013,6,3,MQ,DTW,125.0,124.0,-1.0
2013,6,3,EV,CHS,46.0,89.0,43.0
2013,6,3,FL,ATL,79.0,75.0,-4.0
2013,6,3,EV,DCA,147.0,186.0,39.0
2013,6,3,MQ,MSP,85.0,136.0,51.0
2013,6,3,MQ,CLE,122.0,111.0,-11.0
2013,6,3,UA,ORD,86.0,96.0,10.0
2013,6,3,EV,CVG,157.0,141.0,-16.0
2013,6,3,EV,IAD,90.0,76.0,-14.0
2013,6,3,B6,FLL,66.0,104.0,38.0
2013,6,3,EV,JAX,62.0,81.0,19.0
2013,6,3,DL,MCO,32.0,61.0,29.0
2013,6,3,B6,TPA,41.0,80.0,39.0
2013,6,3,AA,MIA,88.0,111.0,23.0
2013,6,3,EV,DTW,74.0,82.0,8.0
2013,6,3,9E,IND,48.0,71.0,23.0
2013,6,3,DL,MIA,28.0,63.0,35.0
2013,6,3,MQ,CLT,69.0,117.0,48.0
2013,6,3,MQ,CVG,41.0,70.0,29.0
2013,6,3,MQ,CMH,121.0,145.0,24.0
2013,6,3,EV,MKE,83.0,88.0,5.0
2013,6,3,9E,DCA,130.0,139.0,9.0
2013,6,3,DL,ATL,92.0,93.0,1.0
2013,6,3,EV,CVG,109.0,110.0,1.0
2013,6,3,EV,MSP,140.0,152.0,12.0
2013,6,3,MQ,RDU,54.0,66.0,12.0
2013,6,3,MQ,ATL,130.0,133.0,3.0
2013,6,3,EV,ROC,62.0,65.0,3.0
2013,6,3,EV,MSY,89.0,98.0,9.0
2013,6,3,DL,AUS,40.0,71.0,31.0
2013,6,3,B6,TPA,72.0,90.0,18.0
2013,6,3,MQ,DCA,48.0,65.0,17.0
2013,6,3,9E,BOS,98.0,83.0,-15.0
2013,6,3,MQ,RDU,149.0,141.0,-8.0
2013,6,3,EV,DCA,95.0,107.0,12.0
2013,6,3,MQ,ATL,107.0,104.0,-3.0
2013,6,3,EV,ROC,227.0,264.0,37.0
2013,6,3,EV,DCA,31.0,73.0,42.0
2013,6,3,EV,RIC,93.0,106.0,13.0
2013,6,3,9E,CLE,94.0,76.0,-18.0
2013,6,3,DL,ATL,76.0,78.0,2.0
2013,6,3,B6,MCO,130.0,122.0,-8.0
2013,6,3,WN,HOU,93.0,109.0,16.0
2013,6,3,DL,SLC,81.0,89.0,8.0
2013,6,3,UA,ORD,44.0,65.0,21.0
2013,6,3,MQ,BNA,108.0,109.0,1.0
2013,6,3,WN,MDW,127.0,106.0,-21.0
2013,6,3,WN,STL,189.0,164.0,-25.0
2013,6,3,EV,GRR,219.0,236.0,17.0
2013,6,3,DL,DEN,96.0,75.0,-21.0
2013,6,3,EV,BNA,191.0,170.0,-21.0
2013,6,3,B6,BUR,111.0,101.0,-10.0
2013,6,3,EV,SDF,234.0,243.0,9.0
2013,6,3,F9,DEN,114.0,103.0,-11.0
2013,6,3,DL,ATL,75.0,65.0,-10.0
2013,6,3,WN,BNA,87.0,66.0,-21.0
2013,6,3,9E,MSP,84.0,104.0,20.0
2013,6,3,9E,DTW,100.0,90.0,-10.0
2013,6,3,DL,ATL,119.0,92.0,-27.0
2013,6,3,FL,ATL,149.0,148.0,-1.0
2013,6,3,EV,DTW,166.0,161.0,-5.0
2013,6,3,B6,FLL,72.0,61.0,-11.0
2013,6,3,B6,FLL,95.0,91.0,-4.0
2013,6,3,UA,DEN,190.0,191.0,1.0
2013,6,3,EV,CVG,184.0,183.0,-1.0
2013,6,3,EV,TUL,59.0,63.0,4.0
2013,6,3,US,CLT,101.0,105.0,4.0
2013,6,3,DL,ATL,96.0,62.0,-34.0
2013,6,3,UA,IAH,225.0,192.0,-33.0
2013,6,3,UA,CLE,302.0,282.0,-20.0
2013,6,3,EV,OKC,85.0,77.0,-8.0
2013,6,3,FL,ATL,129.0,112.0,-17.0
2013,6,3,UA,MIA,55.0,68.0,13.0
2013,6,3,EV,IAD,102.0,94.0,-8.0
2013,6,3,MQ,CRW,158.0,154.0,-4.0
2013,6,3,9E,DAY,170.0,147.0,-23.0
2013,6,3,DL,TPA,105.0,93.0,-12.0
2013,6,3,9E,ORD,121.0,81.0,-40.0
2013,6,3,B6,SLC,138.0,107.0,-31.0
2013,6,3,MQ,CMH,198.0,188.0,-10.0
2013,6,3,UA,ORD,150.0,137.0,-13.0
2013,6,3,EV,ALB,91.0,77.0,-14.0
2013,6,3,EV,TYS,129.0,122.0,-7.0
2013,6,3,9E,CLE,136.0,134.0,-2.0
2013,6,3,9E,RDU,133.0,101.0,-32.0
2013,6,3,B6,FLL,130.0,149.0,19.0
2013,6,3,B6,MCO,229.0,226.0,-3.0
2013,6,3,DL,ATL,118.0,104.0,-14.0
2013,6,3,EV,BHM,178.0,141.0,-37.0
2013,6,3,UA,ORD,119.0,100.0,-19.0
2013,6,3,MQ,MSP,191.0,185.0,-6.0
2013,6,3,EV,RIC,68.0,66.0,-2.0
2013,6,3,DL,MSP,224.0,201.0,-23.0
2013,6,3,EV,BGR,199.0,168.0,-31.0
2013,6,3,MQ,BNA,226.0,221.0,-5.0
2013,6,3,9E,TYS,123.0,94.0,-29.0
2013,6,3,MQ,CLE,230.0,218.0,-12.0
2013,6,3,EV,CLE,156.0,141.0,-15.0
2013,6,3,EV,CLT,209.0,188.0,-21.0
2013,6,3,B6,MCO,113.0,103.0,-10.0
2013,6,3,MQ,ATL,156.0,132.0,-24.0
2013,6,3,MQ,RDU,217.0,214.0,-3.0
2013,6,3,FL,CAK,157.0,169.0,12.0
2013,6,3,UA,IAH,116.0,98.0,-18.0
2013,6,3,B6,RDU,81.0,66.0,-15.0
2013,6,3,MQ,RDU,115.0,113.0,-2.0
2013,6,3,UA,BOS,152.0,128.0,-24.0
2013,6,3,B6,FLL,125.0,132.0,7.0
2013,6,3,MQ,DTW,164.0,143.0,-21.0
2013,6,4,US,PHX,110.0,108.0,-2.0
2013,6,4,B6,CHS,56.0,63.0,7.0
2013,6,4,EV,DTW,208.0,196.0,-12.0
2013,6,4,MQ,CLE,68.0,75.0,7.0
2013,6,4,EV,CHS,105.0,88.0,-17.0
2013,6,4,MQ,CLT,136.0,151.0,15.0
2013,6,4,EV,IAD,91.0,103.0,12.0
2013,6,4,EV,XNA,71.0,119.0,48.0
2013,6,4,B6,PWM,56.0,60.0,4.0
2013,6,4,B6,FLL,175.0,188.0,13.0
2013,6,4,AA,ORD,82.0,77.0,-5.0
2013,6,4,EV,PWM,90.0,94.0,4.0
2013,6,4,B6,HOU,70.0,66.0,-4.0
2013,6,4,DL,FLL,91.0,104.0,13.0
2013,6,4,UA,CLE,90.0,88.0,-2.0
2013,6,4,MQ,RDU,186.0,212.0,26.0
2013,6,4,EV,SDF,88.0,84.0,-4.0
2013,6,4,B6,FLL,78.0,74.0,-4.0
2013,6,4,DL,DEN,84.0,73.0,-11.0
2013,6,4,MQ,BNA,67.0,71.0,4.0
2013,6,4,DL,MIA,133.0,121.0,-12.0
2013,6,4,DL,SLC,71.0,97.0,26.0
2013,6,4,MQ,DCA,103.0,73.0,-30.0
2013,6,4,WN,MDW,195.0,206.0,11.0
2013,6,4,9E,MSP,171.0,163.0,-8.0
2013,6,4,MQ,RDU,68.0,93.0,25.0
2013,6,4,9E,DTW,101.0,72.0,-29.0
2013,6,4,WN,MSY,96.0,77.0,-19.0
2013,6,4,MQ,BWI,104.0,92.0,-12.0
2013,6,4,MQ,CLE,135.0,132.0,-3.0
2013,6,4,EV,ATL,106.0,79.0,-27.0
2013,6,4,DL,MCO,149.0,125.0,-24.0
2013,6,4,UA,LAX,250.0,265.0,15.0
2013,6,4,WN,MDW,100.0,73.0,-27.0
2013,6,4,EV,DCA,96.0,80.0,-16.0
2013,6,5,EV,MKE,229.0,212.0,-17.0
2013,6,5,DL,ATL,82.0,97.0,15.0
2013,6,5,EV,IAD,78.0,81.0,3.0
2013,6,5,MQ,CLE,82.0,80.0,-2.0
2013,6,5,UA,LAX,85.0,99.0,14.0
2013,6,5,EV,JAX,86.0,91.0,5.0
2013,6,5,B6,PWM,97.0,94.0,-3.0
2013,6,5,MQ,DCA,89.0,86.0,-3.0
2013,6,5,EV,ALB,160.0,145.0,-15.0
2013,6,5,MQ,RDU,95.0,92.0,-3.0
2013,6,5,AA,DFW,154.0,134.0,-20.0
2013,6,5,FL,ATL,123.0,129.0,6.0
2013,6,5,EV,IAD,69.0,61.0,-8.0
2013,6,5,MQ,ATL,-11.0,121.0,132.0
2013,6,5,EV,RDU,79.0,67.0,-12.0
2013,6,5,EV,CHS,117.0,123.0,6.0
2013,6,5,VX,LAX,291.0,300.0,9.0
2013,6,5,DL,ATL,45.0,121.0,76.0
2013,6,5,AA,DFW,613.0,598.0,-15.0
2013,6,5,MQ,ATL,13.0,85.0,72.0
2013,6,5,DL,ATL,175.0,199.0,24.0
2013,6,5,VX,SFO,221.0,233.0,12.0
2013,6,5,EV,ATL,104.0,113.0,9.0
2013,6,5,DL,ATL,140.0,162.0,22.0
2013,6,5,DL,ATL,201.0,224.0,23.0
2013,6,5,FL,ATL,149.0,160.0,11.0
2013,6,5,DL,ATL,97.0,107.0,10.0
2013,6,5,EV,ATL,135.0,128.0,-7.0
2013,6,5,MQ,CLT,76.0,74.0,-2.0
2013,6,5,FL,CAK,121.0,116.0,-5.0
2013,6,6,EV,IND,84.0,98.0,14.0
2013,6,6,MQ,CLT,106.0,110.0,4.0
2013,6,6,DL,MSY,82.0,73.0,-9.0
2013,6,6,MQ,CLT,48.0,61.0,13.0
2013,6,6,DL,TPA,131.0,145.0,14.0
2013,6,6,FL,ATL,129.0,141.0,12.0
2013,6,6,UA,LAX,95.0,76.0,-19.0
2013,6,6,DL,FLL,102.0,87.0,-15.0
2013,6,6,MQ,ATL,45.0,63.0,18.0
2013,6,6,AA,DFW,64.0,71.0,7.0
2013,6,6,MQ,MSP,119.0,136.0,17.0
2013,6,6,MQ,CLT,-4.0,66.0,70.0
2013,6,6,FL,ATL,63.0,75.0,12.0
2013,6,6,US,PHX,67.0,80.0,13.0
2013,6,6,EV,IAD,62.0,60.0,-2.0
2013,6,6,MQ,CLE,66.0,66.0,0.0
2013,6,6,UA,IAH,-1.0,61.0,62.0
2013,6,6,DL,TPA,67.0,64.0,-3.0
2013,6,6,UA,ORD,98.0,92.0,-6.0
2013,6,6,MQ,RDU,81.0,80.0,-1.0
2013,6,6,MQ,CMH,94.0,110.0,16.0
2013,6,6,UA,SFO,108.0,113.0,5.0
2013,6,6,EV,RIC,56.0,67.0,11.0
2013,6,6,UA,SAT,58.0,63.0,5.0
2013,6,6,FL,ATL,228.0,243.0,15.0
2013,6,6,EV,CVG,59.0,96.0,37.0
2013,6,6,EV,MSP,63.0,70.0,7.0
2013,6,6,AA,AUS,82.0,91.0,9.0
2013,6,6,B6,FLL,61.0,62.0,1.0
2013,6,6,MQ,CLE,115.0,114.0,-1.0
2013,6,6,YV,CLT,202.0,221.0,19.0
2013,6,6,AA,DFW,502.0,495.0,-7.0
2013,6,6,UA,IAH,110.0,103.0,-7.0
2013,6,6,UA,BOS,95.0,70.0,-25.0
2013,6,6,EV,SYR,79.0,63.0,-16.0
2013,6,7,B6,BTV,91.0,107.0,16.0
2013,6,7,B6,PHX,238.0,224.0,-14.0
2013,6,7,B6,PBI,371.0,376.0,5.0
2013,6,7,EV,MEM,119.0,110.0,-9.0
2013,6,7,US,CLT,26.0,64.0,38.0
2013,6,7,AA,LAX,72.0,69.0,-3.0
2013,6,7,UA,ORD,106.0,107.0,1.0
2013,6,7,MQ,DTW,167.0,186.0,19.0
2013,6,7,DL,FLL,-4.0,70.0,74.0
2013,6,7,EV,AVL,99.0,97.0,-2.0
2013,6,7,UA,DEN,141.0,122.0,-19.0
2013,6,7,EV,CHS,85.0,74.0,-11.0
2013,6,7,EV,CHS,64.0,65.0,1.0
2013,6,7,MQ,DCA,130.0,140.0,10.0
2013,6,7,MQ,DCA,98.0,105.0,7.0
2013,6,7,UA,FLL,71.0,98.0,27.0
2013,6,7,WN,DEN,86.0,70.0,-16.0
2013,6,7,MQ,RDU,54.0,76.0,22.0
2013,6,7,EV,MSP,176.0,149.0,-27.0
2013,6,7,EV,BTV,84.0,73.0,-11.0
2013,6,7,EV,IND,104.0,100.0,-4.0
2013,6,7,AA,MIA,91.0,159.0,68.0
2013,6,7,UA,LAX,74.0,97.0,23.0
2013,6,7,EV,MSN,95.0,88.0,-7.0
2013,6,7,B6,FLL,65.0,130.0,65.0
2013,6,7,AA,MIA,23.0,80.0,57.0
2013,6,7,EV,ATL,99.0,96.0,-3.0
2013,6,7,B6,FLL,-2.0,66.0,68.0
2013,6,7,DL,MIA,40.0,93.0,53.0
2013,6,7,B6,BTV,56.0,64.0,8.0
2013,6,7,WN,STL,77.0,63.0,-14.0
2013,6,7,B6,PBI,72.0,92.0,20.0
2013,6,7,B6,BOS,44.0,73.0,29.0
2013,6,7,MQ,CMH,106.0,92.0,-14.0
2013,6,7,US,PHX,62.0,77.0,15.0
2013,6,7,DL,DEN,67.0,100.0,33.0
2013,6,7,DL,AUS,40.0,112.0,72.0
2013,6,7,EV,RDU,46.0,69.0,23.0
2013,6,7,DL,SAT,38.0,83.0,45.0
2013,6,7,AA,MIA,26.0,78.0,52.0
2013,6,7,AA,DFW,65.0,62.0,-3.0
2013,6,7,B6,SAN,85.0,78.0,-7.0
2013,6,7,B6,RDU,35.0,118.0,83.0
2013,6,7,WN,HOU,60.0,68.0,8.0
2013,6,7,UA,LAX,17.0,63.0,46.0
2013,6,7,WN,MDW,89.0,80.0,-9.0
2013,6,7,B6,SYR,75.0,89.0,14.0
2013,6,7,9E,BOS,126.0,149.0,23.0
2013,6,7,B6,SFO,45.0,62.0,17.0
2013,6,7,B6,BOS,63.0,106.0,43.0
2013,6,7,B6,ORD,144.0,157.0,13.0
2013,6,7,EV,ATL,86.0,93.0,7.0
2013,6,7,9E,BNA,151.0,220.0,69.0
2013,6,7,B6,IAD,60.0,103.0,43.0
2013,6,7,US,CLT,3.0,68.0,65.0
2013,6,7,B6,TPA,126.0,115.0,-11.0
2013,6,7,EV,IND,74.0,92.0,18.0
2013,6,7,DL,SAN,84.0,116.0,32.0
2013,6,7,B6,PWM,100.0,193.0,93.0
2013,6,7,DL,MIA,26.0,118.0,92.0
2013,6,7,DL,LAX,29.0,82.0,53.0
2013,6,7,US,CLT,70.0,108.0,38.0
2013,6,7,9E,ORF,32.0,90.0,58.0
2013,6,7,DL,SFO,-1.0,67.0,68.0
2013,6,7,WN,MDW,60.0,69.0,9.0
2013,6,7,B6,SEA,92.0,164.0,72.0
2013,6,7,US,BOS,5.0,60.0,55.0
2013,6,7,VX,SFO,99.0,108.0,9.0
2013,6,7,US,PHX,135.0,145.0,10.0
2013,6,7,9E,DTW,63.0,120.0,57.0
2013,6,7,B6,SJC,53.0,83.0,30.0
2013,6,7,MQ,BNA,151.0,185.0,34.0
2013,6,7,B6,BUF,55.0,142.0,87.0
2013,6,7,DL,ATL,82.0,82.0,0.0
2013,6,7,WN,DEN,117.0,86.0,-31.0
2013,6,7,UA,BOS,99.0,129.0,30.0
2013,6,7,FL,ATL,132.0,124.0,-8.0
2013,6,7,MQ,DCA,168.0,212.0,44.0
2013,6,7,MQ,RDU,116.0,115.0,-1.0
2013,6,7,9E,MSP,92.0,159.0,67.0
2013,6,7,B6,MCO,129.0,135.0,6.0
2013,6,7,B6,TPA,49.0,96.0,47.0
2013,6,7,DL,SEA,32.0,79.0,47.0
2013,6,7,DL,MCO,57.0,123.0,66.0
2013,6,7,9E,RDU,232.0,292.0,60.0
2013,6,7,AS,SEA,100.0,95.0,-5.0
2013,6,7,UA,CLE,316.0,352.0,36.0
2013,6,7,WN,MSY,91.0,98.0,7.0
2013,6,7,DL,TPA,77.0,128.0,51.0
2013,6,7,B6,LAS,69.0,115.0,46.0
2013,6,7,VX,SFO,77.0,76.0,-1.0
2013,6,7,DL,MIA,56.0,60.0,4.0
2013,6,7,MQ,ORD,129.0,139.0,10.0
2013,6,7,EV,CLT,67.0,107.0,40.0
2013,6,7,DL,FLL,48.0,62.0,14.0
2013,6,7,EV,ATL,59.0,64.0,5.0
2013,6,7,EV,IAD,58.0,71.0,13.0
2013,6,7,DL,PHX,79.0,68.0,-11.0
2013,6,7,9E,BWI,86.0,134.0,48.0
2013,6,7,9E,CVG,226.0,222.0,-4.0
2013,6,7,UA,SJU,9.0,68.0,59.0
2013,6,7,B6,MCO,79.0,118.0,39.0
2013,6,7,DL,FLL,60.0,98.0,38.0
2013,6,7,B6,BOS,27.0,75.0,48.0
2013,6,7,AA,MIA,64.0,100.0,36.0
2013,6,7,9E,CLE,87.0,148.0,61.0
2013,6,7,FL,ATL,114.0,130.0,16.0
2013,6,7,B6,SMF,83.0,120.0,37.0
2013,6,7,EV,BHM,115.0,113.0,-2.0
2013,6,7,9E,MCI,118.0,182.0,64.0
2013,6,7,US,DCA,118.0,135.0,17.0
2013,6,7,EV,GSO,103.0,105.0,2.0
2013,6,7,EV,TYS,74.0,100.0,26.0
2013,6,7,VX,LAX,125.0,112.0,-13.0
2013,6,7,B6,SFO,47.0,89.0,42.0
2013,6,7,AA,BOS,76.0,159.0,83.0
2013,6,7,UA,BOS,114.0,107.0,-7.0
2013,6,7,UA,LAX,166.0,154.0,-12.0
2013,6,7,US,DCA,76.0,87.0,11.0
2013,6,7,B6,PDX,39.0,128.0,89.0
2013,6,7,UA,SAN,115.0,100.0,-15.0
2013,6,7,EV,MCI,121.0,99.0,-22.0
2013,6,7,9E,CLT,120.0,167.0,47.0
2013,6,7,MQ,ATL,76.0,79.0,3.0
2013,6,7,9E,ORD,132.0,134.0,2.0
2013,6,7,B6,AUS,67.0,71.0,4.0
2013,6,7,B6,FLL,123.0,119.0,-4.0
2013,6,7,DL,MSY,154.0,176.0,22.0
2013,6,7,B6,ORD,70.0,107.0,37.0
2013,6,7,EV,CVG,91.0,106.0,15.0
2013,6,7,B6,MSY,61.0,94.0,33.0
2013,6,7,EV,OMA,82.0,73.0,-9.0
2013,6,7,9E,TYS,95.0,72.0,-23.0
2013,6,7,EV,SDF,60.0,61.0,1.0
2013,6,7,B6,BOS,83.0,100.0,17.0
2013,6,7,UA,LAX,98.0,113.0,15.0
2013,6,7,B6,DEN,45.0,81.0,36.0
2013,6,7,VX,LAX,127.0,118.0,-9.0
2013,6,7,WN,MKE,184.0,144.0,-40.0
2013,6,7,DL,TPA,156.0,153.0,-3.0
2013,6,7,B6,SJU,-3.0,65.0,68.0
2013,6,7,DL,MCO,173.0,166.0,-7.0
2013,6,7,B6,MCO,79.0,84.0,5.0
2013,6,7,MQ,ORD,85.0,83.0,-2.0
2013,6,7,EV,DCA,60.0,64.0,4.0
2013,6,7,DL,LAX,84.0,64.0,-20.0
2013,6,7,EV,RIC,94.0,75.0,-19.0
2013,6,7,UA,MCO,91.0,78.0,-13.0
2013,6,7,AA,TPA,189.0,185.0,-4.0
2013,6,7,AA,SFO,277.0,241.0,-36.0
2013,6,7,FL,CAK,128.0,117.0,-11.0
2013,6,7,9E,CVG,215.0,200.0,-15.0
2013,6,7,MQ,CMH,157.0,143.0,-14.0
2013,6,7,UA,DEN,102.0,83.0,-19.0
2013,6,7,B6,FLL,241.0,229.0,-12.0
2013,6,7,EV,IAD,199.0,206.0,7.0
2013,6,7,9E,JAX,178.0,166.0,-12.0
2013,6,7,B6,JAX,98.0,98.0,0.0
2013,6,7,MQ,RDU,199.0,214.0,15.0
2013,6,7,MQ,RDU,221.0,213.0,-8.0
2013,6,7,UA,BOS,137.0,113.0,-24.0
2013,6,7,MQ,DCA,154.0,173.0,19.0
2013,6,7,EV,MHT,106.0,97.0,-9.0
2013,6,7,UA,BQN,168.0,150.0,-18.0
2013,6,7,B6,FLL,116.0,125.0,9.0
2013,6,7,DL,BOS,121.0,119.0,-2.0
2013,6,7,B6,RDU,88.0,82.0,-6.0
2013,6,7,US,BOS,154.0,147.0,-7.0
2013,6,7,B6,SYR,51.0,83.0,32.0
2013,6,7,B6,BUF,147.0,168.0,21.0
2013,6,7,EV,DSM,222.0,196.0,-26.0
2013,6,7,MQ,BNA,315.0,303.0,-12.0
2013,6,7,B6,FLL,282.0,287.0,5.0
2013,6,7,EV,TUL,220.0,205.0,-15.0
2013,6,7,B6,MCO,216.0,231.0,15.0
2013,6,7,UA,SAT,413.0,396.0,-17.0
2013,6,7,MQ,ORF,419.0,451.0,32.0
2013,6,8,DL,ATL,93.0,87.0,-6.0
2013,6,8,DL,FLL,50.0,76.0,26.0
2013,6,8,EV,ALB,107.0,91.0,-16.0
2013,6,8,MQ,CLT,70.0,84.0,14.0
2013,6,8,US,CLT,119.0,116.0,-3.0
2013,6,8,B6,TPA,170.0,180.0,10.0
2013,6,8,EV,IAD,69.0,67.0,-2.0
2013,6,8,EV,IAD,104.0,81.0,-23.0
2013,6,8,UA,LAS,40.0,84.0,44.0
2013,6,8,DL,TPA,252.0,253.0,1.0
2013,6,8,9E,BOS,208.0,191.0,-17.0
2013,6,8,EV,IND,120.0,120.0,0.0
2013,6,8,B6,RSW,60.0,77.0,17.0
2013,6,8,WN,BNA,355.0,348.0,-7.0
2013,6,8,EV,DAY,73.0,66.0,-7.0
2013,6,8,MQ,ORD,113.0,108.0,-5.0
2013,6,8,WN,PHX,80.0,75.0,-5.0
2013,6,8,MQ,RDU,121.0,135.0,14.0
2013,6,8,B6,FLL,142.0,136.0,-6.0
2013,6,8,UA,LAX,119.0,115.0,-4.0
2013,6,8,B6,ROC,127.0,119.0,-8.0
2013,6,8,EV,MSP,73.0,66.0,-7.0
2013,6,8,AA,LAX,74.0,68.0,-6.0
2013,6,8,DL,PBI,145.0,148.0,3.0
2013,6,8,MQ,BNA,78.0,63.0,-15.0
2013,6,8,MQ,CVG,74.0,72.0,-2.0
2013,6,8,B6,FLL,159.0,150.0,-9.0
2013,6,8,AA,SFO,166.0,133.0,-33.0
2013,6,8,B6,PBI,99.0,94.0,-5.0
2013,6,8,US,CLT,90.0,71.0,-19.0
2013,6,8,AA,LAX,115.0,102.0,-13.0
2013,6,8,DL,SAT,112.0,86.0,-26.0
2013,6,8,DL,ATL,94.0,66.0,-28.0
2013,6,8,9E,ORF,105.0,83.0,-22.0
2013,6,8,9E,MSP,104.0,79.0,-25.0
2013,6,8,B6,PHX,65.0,71.0,6.0
2013,6,8,B6,ABQ,107.0,61.0,-46.0
2013,6,8,EV,IAD,134.0,122.0,-12.0
2013,6,8,B6,MCO,67.0,63.0,-4.0
2013,6,8,DL,LAS,125.0,101.0,-24.0
2013,6,8,DL,BOS,123.0,100.0,-23.0
2013,6,9,B6,LAX,123.0,101.0,-22.0
2013,6,9,B6,RSW,76.0,83.0,7.0
2013,6,9,DL,ATL,110.0,108.0,-2.0
2013,6,9,EV,ATL,55.0,63.0,8.0
2013,6,9,DL,MCO,88.0,90.0,2.0
2013,6,9,DL,ATL,65.0,76.0,11.0
2013,6,9,MQ,ATL,184.0,182.0,-2.0
2013,6,9,MQ,ATL,38.0,64.0,26.0
2013,6,9,US,BOS,135.0,123.0,-12.0
2013,6,9,AA,DFW,81.0,73.0,-8.0
2013,6,9,EV,MHT,94.0,86.0,-8.0
2013,6,9,EV,BNA,55.0,64.0,9.0
2013,6,9,EV,CLE,246.0,239.0,-7.0
2013,6,9,EV,SDF,77.0,87.0,10.0
2013,6,9,B6,PBI,81.0,64.0,-17.0
2013,6,9,EV,SAV,67.0,64.0,-3.0
2013,6,9,AA,DFW,70.0,67.0,-3.0
2013,6,9,9E,ORD,136.0,132.0,-4.0
2013,6,9,AA,SFO,147.0,150.0,3.0
2013,6,9,FL,ATL,50.0,60.0,10.0
2013,6,9,US,BOS,74.0,60.0,-14.0
2013,6,9,EV,MCI,76.0,76.0,0.0
2013,6,9,UA,ORD,87.0,63.0,-24.0
2013,6,9,US,CLT,78.0,66.0,-12.0
2013,6,9,UA,DEN,187.0,153.0,-34.0
2013,6,9,UA,SFO,130.0,103.0,-27.0
2013,6,9,EV,RIC,187.0,162.0,-25.0
2013,6,9,9E,CVG,198.0,161.0,-37.0
2013,6,9,UA,PBI,84.0,64.0,-20.0
2013,6,9,EV,CLT,139.0,138.0,-1.0
2013,6,10,B6,PWM,82.0,86.0,4.0
2013,6,10,B6,BTV,93.0,104.0,11.0
2013,6,10,B6,RDU,161.0,148.0,-13.0
2013,6,10,B6,BUF,107.0,92.0,-15.0
2013,6,10,B6,ROC,120.0,111.0,-9.0
2013,6,10,EV,PIT,92.0,79.0,-13.0
2013,6,10,EV,CLT,72.0,86.0,14.0
2013,6,10,DL,ATL,40.0,66.0,26.0
2013,6,10,EV,IAD,72.0,73.0,1.0
2013,6,10,UA,SFO,84.0,84.0,0.0
2013,6,10,UA,LAX,110.0,96.0,-14.0
2013,6,10,EV,PVD,80.0,66.0,-14.0
2013,6,10,UA,SFO,39.0,91.0,52.0
2013,6,10,VX,SFO,129.0,98.0,-31.0
2013,6,10,VX,SFO,132.0,108.0,-24.0
2013,6,10,DL,ATL,64.0,84.0,20.0
2013,6,10,UA,SFO,90.0,80.0,-10.0
2013,6,10,MQ,ATL,76.0,103.0,27.0
2013,6,10,WN,HOU,66.0,60.0,-6.0
2013,6,10,US,DCA,56.0,152.0,96.0
2013,6,10,EV,DCA,55.0,184.0,129.0
2013,6,10,UA,ATL,75.0,70.0,-5.0
2013,6,10,EV,MCI,123.0,116.0,-7.0
2013,6,10,EV,CLT,96.0,122.0,26.0
2013,6,10,MQ,RDU,45.0,63.0,18.0
2013,6,10,FL,ATL,73.0,81.0,8.0
2013,6,10,MQ,CLT,27.0,60.0,33.0
2013,6,10,US,DCA,29.0,98.0,69.0
2013,6,10,B6,MCO,50.0,60.0,10.0
2013,6,10,B6,ROC,63.0,64.0,1.0
2013,6,10,DL,ATL,80.0,91.0,11.0
2013,6,10,UA,SFO,16.0,60.0,44.0
2013,6,10,B6,MVY,79.0,78.0,-1.0
2013,6,10,DL,ATL,59.0,117.0,58.0
2013,6,10,UA,SFO,87.0,64.0,-23.0
2013,6,10,9E,DCA,12.0,85.0,73.0
2013,6,10,WN,PHX,84.0,70.0,-14.0
2013,6,10,B6,MCO,76.0,92.0,16.0
2013,6,10,US,CLT,13.0,87.0,74.0
2013,6,10,US,CLT,27.0,80.0,53.0
2013,6,10,DL,ATL,85.0,123.0,38.0
2013,6,10,UA,CLE,53.0,71.0,18.0
2013,6,10,9E,DFW,61.0,75.0,14.0
2013,6,10,B6,CHS,112.0,139.0,27.0
2013,6,10,US,PHL,31.0,91.0,60.0
2013,6,10,9E,BWI,100.0,119.0,19.0
2013,6,10,US,DCA,16.0,72.0,56.0
2013,6,10,EV,BNA,181.0,177.0,-4.0
2013,6,10,FL,CAK,116.0,117.0,1.0
2013,6,10,B6,HOU,99.0,100.0,1.0
2013,6,10,B6,TPA,62.0,98.0,36.0
2013,6,10,EV,ATL,115.0,131.0,16.0
2013,6,10,EV,ORF,89.0,99.0,10.0
2013,6,10,UA,SFO,78.0,97.0,19.0
2013,6,10,9E,BNA,68.0,67.0,-1.0
2013,6,10,EV,IAD,145.0,130.0,-15.0
2013,6,10,MQ,CMH,79.0,72.0,-7.0
2013,6,10,WN,MDW,95.0,80.0,-15.0
2013,6,10,EV,MSP,97.0,94.0,-3.0
2013,6,10,DL,ATL,83.0,102.0,19.0
2013,6,10,WN,DEN,80.0,70.0,-10.0
2013,6,10,EV,BNA,104.0,97.0,-7.0
2013,6,10,DL,ATL,55.0,62.0,7.0
2013,6,10,AA,SFO,114.0,107.0,-7.0
2013,6,10,9E,DTW,52.0,63.0,11.0
2013,6,10,9E,CVG,33.0,62.0,29.0
2013,6,10,UA,SFO,74.0,110.0,36.0
2013,6,10,EV,SDF,98.0,98.0,0.0
2013,6,10,9E,ORD,110.0,100.0,-10.0
2013,6,10,9E,CLT,170.0,199.0,29.0
2013,6,10,YV,IAD,84.0,61.0,-23.0
2013,6,10,B6,ORD,110.0,89.0,-21.0
2013,6,10,EV,MKE,115.0,109.0,-6.0
2013,6,10,UA,SFO,59.0,82.0,23.0
2013,6,10,MQ,CLT,155.0,156.0,1.0
2013,6,10,EV,DAY,107.0,112.0,5.0
2013,6,10,MQ,IND,169.0,171.0,2.0
2013,6,10,AA,LAS,65.0,71.0,6.0
2013,6,10,US,DCA,66.0,62.0,-4.0
2013,6,10,B6,BOS,82.0,82.0,0.0
2013,6,10,US,CLT,65.0,68.0,3.0
2013,6,10,VX,SFO,101.0,133.0,32.0
2013,6,10,UA,SAT,73.0,80.0,7.0
2013,6,10,MQ,BNA,74.0,108.0,34.0
2013,6,10,DL,AUS,133.0,138.0,5.0
2013,6,10,MQ,ATL,124.0,122.0,-2.0
2013,6,10,AA,DFW,80.0,65.0,-15.0
2013,6,10,MQ,ORF,80.0,109.0,29.0
2013,6,10,9E,IAD,211.0,256.0,45.0
2013,6,10,EV,ATL,88.0,95.0,7.0
2013,6,10,EV,BUF,64.0,88.0,24.0
2013,6,10,B6,IAD,62.0,115.0,53.0
2013,6,10,EV,STL,89.0,86.0,-3.0
2013,6,10,B6,PWM,96.0,97.0,1.0
2013,6,10,UA,SAN,79.0,83.0,4.0
2013,6,10,B6,ROC,79.0,92.0,13.0
2013,6,10,DL,BOS,144.0,148.0,4.0
2013,6,10,US,CLT,76.0,73.0,-3.0
2013,6,10,B6,CLT,111.0,138.0,27.0
2013,6,10,UA,SFO,87.0,87.0,0.0
2013,6,10,B6,RDU,87.0,113.0,26.0
2013,6,10,9E,DTW,159.0,151.0,-8.0
2013,6,10,EV,IND,100.0,106.0,6.0
2013,6,10,9E,CVG,122.0,164.0,42.0
2013,6,10,WN,HOU,113.0,117.0,4.0
2013,6,10,DL,SLC,100.0,102.0,2.0
2013,6,10,9E,PHL,153.0,195.0,42.0
2013,6,10,UA,DEN,117.0,112.0,-5.0
2013,6,10,B6,MCO,96.0,84.0,-12.0
2013,6,10,FL,ATL,108.0,111.0,3.0
2013,6,10,AA,SEA,53.0,64.0,11.0
2013,6,10,EV,MSP,107.0,113.0,6.0
2013,6,10,9E,BUF,281.0,308.0,27.0
2013,6,10,9E,MKE,192.0,204.0,12.0
2013,6,10,DL,ATL,149.0,152.0,3.0
2013,6,10,EV,BNA,121.0,136.0,15.0
2013,6,10,DL,MIA,71.0,98.0,27.0
2013,6,10,EV,IAD,315.0,354.0,39.0
2013,6,10,UA,SFO,61.0,95.0,34.0
2013,6,10,UA,ORD,102.0,71.0,-31.0
2013,6,10,DL,MSP,103.0,73.0,-30.0
2013,6,10,MQ,CMH,96.0,85.0,-11.0
2013,6,10,MQ,ORD,92.0,82.0,-10.0
2013,6,10,WN,MSY,80.0,79.0,-1.0
2013,6,10,EV,ROC,201.0,196.0,-5.0
2013,6,10,9E,MCI,162.0,162.0,0.0
2013,6,10,B6,PBI,102.0,118.0,16.0
2013,6,10,DL,ATL,118.0,142.0,24.0
2013,6,10,9E,MSP,105.0,90.0,-15.0
2013,6,10,9E,MSY,38.0,78.0,40.0
2013,6,10,WN,STL,154.0,148.0,-6.0
2013,6,10,B6,BUF,94.0,107.0,13.0
2013,6,10,AA,TPA,46.0,64.0,18.0
2013,6,10,MQ,MSP,77.0,86.0,9.0
2013,6,10,9E,DTW,114.0,106.0,-8.0
2013,6,10,VX,SFO,79.0,131.0,52.0
2013,6,10,US,DCA,140.0,171.0,31.0
2013,6,10,US,CLT,87.0,82.0,-5.0
2013,6,10,B6,FLL,102.0,105.0,3.0
2013,6,10,US,PHX,240.0,229.0,-11.0
2013,6,10,UA,CLE,154.0,135.0,-19.0
2013,6,10,UA,ORD,95.0,74.0,-21.0
2013,6,10,WN,MDW,156.0,132.0,-24.0
2013,6,10,WN,MKE,95.0,73.0,-22.0
2013,6,10,VX,LAX,106.0,94.0,-12.0
2013,6,10,VX,SFO,202.0,186.0,-16.0
2013,6,10,DL,MCO,113.0,143.0,30.0
2013,6,10,DL,ATL,85.0,78.0,-7.0
2013,6,10,UA,BOS,176.0,159.0,-17.0
2013,6,10,WN,BNA,163.0,150.0,-13.0
2013,6,10,9E,IND,149.0,171.0,22.0
2013,6,10,B6,FLL,115.0,92.0,-23.0
2013,6,10,B6,SYR,243.0,246.0,3.0
2013,6,10,US,DCA,66.0,61.0,-5.0
2013,6,10,B6,TPA,125.0,141.0,16.0
2013,6,10,B6,PDX,34.0,85.0,51.0
2013,6,10,EV,DCA,89.0,72.0,-17.0
2013,6,10,US,DCA,135.0,140.0,5.0
2013,6,10,DL,FLL,108.0,126.0,18.0
2013,6,10,9E,BOS,109.0,114.0,5.0
2013,6,10,AA,DFW,112.0,74.0,-38.0
2013,6,10,UA,IAH,60.0,68.0,8.0
2013,6,10,UA,SEA,184.0,167.0,-17.0
2013,6,10,EV,MCI,139.0,137.0,-2.0
2013,6,10,UA,SEA,93.0,121.0,28.0
2013,6,10,EV,RIC,154.0,171.0,17.0
2013,6,10,9E,JAX,120.0,143.0,23.0
2013,6,10,9E,RDU,124.0,116.0,-8.0
2013,6,10,MQ,CMH,120.0,126.0,6.0
2013,6,10,B6,MCO,40.0,70.0,30.0
2013,6,10,VX,LAX,100.0,118.0,18.0
2013,6,10,FL,ATL,166.0,155.0,-11.0
2013,6,10,MQ,DCA,66.0,81.0,15.0
2013,6,10,B6,ORD,78.0,113.0,35.0
2013,6,10,UA,BQN,78.0,107.0,29.0
2013,6,10,UA,DEN,50.0,63.0,13.0
2013,6,10,DL,PIT,116.0,104.0,-12.0
2013,6,10,EV,DTW,141.0,148.0,7.0
2013,6,10,B6,MCO,102.0,144.0,42.0
2013,6,10,EV,TUL,103.0,102.0,-1.0
2013,6,10,UA,CLE,100.0,100.0,0.0
2013,6,10,EV,ATL,131.0,146.0,15.0
2013,6,10,B6,JAX,43.0,81.0,38.0
2013,6,10,US,DCA,64.0,79.0,15.0
2013,6,10,9E,PHL,94.0,95.0,1.0
2013,6,10,AA,BOS,129.0,141.0,12.0
2013,6,10,EV,STL,65.0,78.0,13.0
2013,6,10,9E,ORD,183.0,195.0,12.0
2013,6,10,DL,LAX,75.0,96.0,21.0
2013,6,10,B6,BOS,121.0,126.0,5.0
2013,6,10,EV,CLT,55.0,72.0,17.0
2013,6,10,FL,CAK,107.0,96.0,-11.0
2013,6,10,UA,IAH,53.0,81.0,28.0
2013,6,10,B6,BOS,107.0,119.0,12.0
2013,6,10,EV,CLE,145.0,136.0,-9.0
2013,6,10,UA,MCO,97.0,88.0,-9.0
2013,6,10,EV,DSM,154.0,152.0,-2.0
2013,6,10,UA,LAX,129.0,158.0,29.0
2013,6,10,EV,TYS,170.0,214.0,44.0
2013,6,10,EV,CLT,187.0,191.0,4.0
2013,6,10,B6,BOS,62.0,99.0,37.0
2013,6,10,UA,LAX,103.0,97.0,-6.0
2013,6,10,EV,MHT,72.0,77.0,5.0
2013,6,10,B6,SJU,25.0,100.0,75.0
2013,6,10,AA,LAX,64.0,81.0,17.0
2013,6,10,B6,MSY,127.0,160.0,33.0
2013,6,10,9E,CVG,141.0,172.0,31.0
2013,6,10,MQ,ATL,167.0,163.0,-4.0
2013,6,10,DL,SLC,215.0,235.0,20.0
2013,6,10,MQ,RDU,105.0,125.0,20.0
2013,6,10,WN,MDW,165.0,148.0,-17.0
2013,6,10,EV,DAY,170.0,155.0,-15.0
2013,6,10,B6,SYR,38.0,84.0,46.0
2013,6,10,B6,BUF,140.0,155.0,15.0
2013,6,10,DL,BOS,106.0,115.0,9.0
2013,6,10,DL,FLL,154.0,169.0,15.0
2013,6,10,EV,DCA,137.0,123.0,-14.0
2013,6,10,B6,BOS,52.0,72.0,20.0
2013,6,11,9E,CVG,59.0,63.0,4.0
2013,6,11,EV,GSP,95.0,84.0,-11.0
2013,6,11,UA,MCO,91.0,94.0,3.0
2013,6,11,B6,TPA,150.0,139.0,-11.0
2013,6,11,UA,DFW,81.0,64.0,-17.0
2013,6,11,US,CLT,58.0,64.0,6.0
2013,6,11,EV,RIC,80.0,76.0,-4.0
2013,6,11,EV,PWM,91.0,68.0,-23.0
2013,6,11,UA,LAX,97.0,119.0,22.0
2013,6,11,MQ,ATL,68.0,66.0,-2.0
2013,6,11,EV,BNA,234.0,212.0,-22.0
2013,6,11,UA,DEN,8.0,81.0,73.0
2013,6,11,MQ,ORD,120.0,118.0,-2.0
2013,6,11,UA,BOS,125.0,101.0,-24.0
2013,6,11,B6,ACK,71.0,150.0,79.0
2013,6,11,EV,PVD,113.0,129.0,16.0
2013,6,11,MQ,MSP,90.0,85.0,-5.0
2013,6,11,EV,CLT,58.0,65.0,7.0
2013,6,11,UA,MCO,61.0,70.0,9.0
2013,6,11,B6,PBI,114.0,113.0,-1.0
2013,6,11,WN,PHX,83.0,69.0,-14.0
2013,6,11,9E,CLT,74.0,98.0,24.0
2013,6,11,B6,MSY,77.0,61.0,-16.0
2013,6,11,EV,STL,63.0,69.0,6.0
2013,6,11,EV,MSP,65.0,70.0,5.0
2013,6,11,UA,ORD,106.0,106.0,0.0
2013,6,11,UA,IAH,109.0,89.0,-20.0
2013,6,11,EV,CHS,101.0,113.0,12.0
2013,6,11,MQ,ORD,51.0,72.0,21.0
2013,6,11,MQ,BNA,65.0,62.0,-3.0
2013,6,11,MQ,CMH,79.0,60.0,-19.0
2013,6,11,WN,DEN,80.0,72.0,-8.0
2013,6,11,EV,SAV,76.0,69.0,-7.0
2013,6,11,B6,TPA,141.0,140.0,-1.0
2013,6,11,B6,BOS,92.0,133.0,41.0
2013,6,11,US,PHX,113.0,77.0,-36.0
2013,6,11,B6,SJU,89.0,67.0,-22.0
2013,6,11,EV,DTW,125.0,124.0,-1.0
2013,6,11,US,BOS,44.0,78.0,34.0
2013,6,11,9E,MKE,151.0,118.0,-33.0
2013,6,11,B6,MCO,70.0,65.0,-5.0
2013,6,11,WN,MDW,130.0,121.0,-9.0
2013,6,11,EV,BNA,94.0,88.0,-6.0
2013,6,11,WN,HOU,109.0,95.0,-14.0
2013,6,11,WN,MDW,96.0,89.0,-7.0
2013,6,11,MQ,CLE,78.0,71.0,-7.0
2013,6,11,UA,DEN,88.0,71.0,-17.0
2013,6,11,9E,CVG,175.0,132.0,-43.0
2013,6,11,VX,SFO,80.0,78.0,-2.0
2013,6,11,B6,FLL,99.0,102.0,3.0
2013,6,11,B6,FLL,105.0,79.0,-26.0
2013,6,11,9E,DTW,155.0,115.0,-40.0
2013,6,11,MQ,CMH,86.0,74.0,-12.0
2013,6,11,EV,TYS,84.0,77.0,-7.0
2013,6,11,9E,BWI,71.0,70.0,-1.0
2013,6,11,DL,ATL,254.0,230.0,-24.0
2013,6,11,MQ,RDU,100.0,88.0,-12.0
2013,6,11,9E,BOS,116.0,89.0,-27.0
2013,6,11,UA,LAX,138.0,126.0,-12.0
2013,6,11,DL,LAX,40.0,73.0,33.0
2013,6,11,9E,DCA,73.0,71.0,-2.0
2013,6,11,MQ,CMH,102.0,85.0,-17.0
2013,6,11,B6,FLL,135.0,113.0,-22.0
2013,6,11,9E,CLE,110.0,118.0,8.0
2013,6,11,EV,OMA,67.0,64.0,-3.0
2013,6,11,B6,BOS,105.0,102.0,-3.0
2013,6,11,9E,JAX,152.0,124.0,-28.0
2013,6,11,B6,BUF,68.0,64.0,-4.0
2013,6,11,EV,RIC,114.0,83.0,-31.0
2013,6,11,EV,ATL,161.0,127.0,-34.0
2013,6,11,MQ,BNA,72.0,61.0,-11.0
2013,6,11,B6,FLL,69.0,82.0,13.0
2013,6,11,B6,ORD,135.0,125.0,-10.0
2013,6,11,EV,RIC,127.0,124.0,-3.0
2013,6,12,B6,PBI,99.0,99.0,0.0
2013,6,12,AA,MIA,24.0,101.0,77.0
2013,6,12,AA,MIA,-5.0,71.0,76.0
2013,6,12,AA,MIA,-8.0,66.0,74.0
2013,6,12,UA,SAN,107.0,76.0,-31.0
2013,6,12,B6,BOS,195.0,193.0,-2.0
2013,6,12,AA,DFW,162.0,137.0,-25.0
2013,6,12,EV,OMA,116.0,105.0,-11.0
2013,6,12,EV,BTV,58.0,62.0,4.0
2013,6,12,EV,IAD,89.0,94.0,5.0
2013,6,12,AA,ORD,23.0,106.0,83.0
2013,6,12,B6,ORD,73.0,117.0,44.0
2013,6,12,DL,MIA,87.0,123.0,36.0
2013,6,12,UA,DEN,35.0,80.0,45.0
2013,6,12,AA,MIA,107.0,136.0,29.0
2013,6,12,EV,ROC,93.0,72.0,-21.0
2013,6,12,VX,LAX,81.0,68.0,-13.0
2013,6,12,AA,MIA,84.0,76.0,-8.0
2013,6,12,B6,SAN,115.0,126.0,11.0
2013,6,12,UA,LAX,81.0,118.0,37.0
2013,6,12,UA,DEN,55.0,64.0,9.0
2013,6,12,AA,DFW,92.0,74.0,-18.0
2013,6,12,EV,BUF,131.0,103.0,-28.0
2013,6,12,MQ,CLE,61.0,61.0,0.0
2013,6,12,EV,BNA,78.0,93.0,15.0
2013,6,12,EV,TYS,65.0,71.0,6.0
2013,6,12,WN,MKE,119.0,100.0,-19.0
2013,6,12,EV,DCA,98.0,98.0,0.0
2013,6,12,9E,MSP,203.0,175.0,-28.0
2013,6,12,B6,ORD,75.0,135.0,60.0
2013,6,12,9E,ORD,168.0,197.0,29.0
2013,6,12,EV,DTW,157.0,136.0,-21.0
2013,6,12,B6,FLL,107.0,90.0,-17.0
2013,6,12,WN,MDW,182.0,222.0,40.0
2013,6,12,EV,BDL,129.0,102.0,-27.0
2013,6,13,B6,BUF,68.0,61.0,-7.0
2013,6,13,B6,ROC,80.0,76.0,-4.0
2013,6,13,UA,BQN,212.0,208.0,-4.0
2013,6,13,B6,MCO,380.0,364.0,-16.0
2013,6,13,B6,PSE,20.0,68.0,48.0
2013,6,13,EV,ATL,270.0,247.0,-23.0
2013,6,13,AA,ORD,208.0,184.0,-24.0
2013,6,13,B6,PWM,107.0,107.0,0.0
2013,6,13,B6,RDU,158.0,146.0,-12.0
2013,6,13,AA,MIA,282.0,256.0,-26.0
2013,6,13,EV,SDF,237.0,209.0,-28.0
2013,6,13,B6,MSY,248.0,229.0,-19.0
2013,6,13,EV,MHT,149.0,144.0,-5.0
2013,6,13,FL,ATL,361.0,339.0,-22.0
2013,6,13,EV,RIC,243.0,219.0,-24.0
2013,6,13,DL,TPA,337.0,312.0,-25.0
2013,6,13,DL,ATL,248.0,233.0,-15.0
2013,6,13,B6,BTV,186.0,172.0,-14.0
2013,6,13,B6,SYR,202.0,191.0,-11.0
2013,6,13,B6,FLL,290.0,293.0,3.0
2013,6,13,DL,ATL,446.0,420.0,-26.0
2013,6,13,AA,MIA,64.0,68.0,4.0
2013,6,13,AA,DFW,80.0,105.0,25.0
2013,6,13,MQ,ORD,0.0,73.0,73.0
2013,6,13,DL,ATL,-4.0,68.0,72.0
2013,6,13,FL,ATL,-6.0,86.0,92.0
2013,6,13,MQ,DCA,-6.0,112.0,118.0
2013,6,13,AA,DFW,-7.0,105.0,112.0
2013,6,13,EV,STL,32.0,68.0,36.0
2013,6,13,MQ,RDU,10.0,74.0,64.0
2013,6,13,UA,TPA,130.0,132.0,2.0
2013,6,13,EV,AVL,16.0,90.0,74.0
2013,6,13,MQ,ATL,-4.0,73.0,77.0
2013,6,13,DL,SLC,99.0,129.0,30.0
2013,6,13,US,CLT,-2.0,62.0,64.0
2013,6,13,EV,RIC,-3.0,71.0,74.0
2013,6,13,UA,MIA,2.0,84.0,82.0
2013,6,13,UA,DEN,141.0,185.0,44.0
2013,6,13,EV,CLT,-5.0,84.0,89.0
2013,6,13,VX,SFO,86.0,133.0,47.0
2013,6,13,VX,LAX,1.0,78.0,77.0
2013,6,13,EV,ATL,-4.0,63.0,67.0
2013,6,13,MQ,CLT,20.0,75.0,55.0
2013,6,13,EV,MCI,48.0,89.0,41.0
2013,6,13,B6,MCO,23.0,73.0,50.0
2013,6,13,UA,MCO,73.0,83.0,10.0
2013,6,13,9E,DCA,59.0,97.0,38.0
2013,6,13,MQ,BNA,96.0,177.0,81.0
2013,6,13,UA,LAX,73.0,119.0,46.0
2013,6,13,UA,ORD,-7.0,63.0,70.0
2013,6,13,WN,MKE,20.0,106.0,86.0
2013,6,13,9E,DTW,139.0,147.0,8.0
2013,6,13,UA,SAN,65.0,91.0,26.0
2013,6,13,9E,BWI,53.0,154.0,101.0
2013,6,13,US,CLT,26.0,89.0,63.0
2013,6,13,B6,SFO,83.0,88.0,5.0
2013,6,13,VX,LAX,74.0,75.0,1.0
2013,6,13,US,DCA,31.0,107.0,76.0
2013,6,13,AA,MIA,1.0,70.0,69.0
2013,6,13,DL,LAS,16.0,67.0,51.0
2013,6,13,AA,MIA,115.0,109.0,-6.0
2013,6,13,B6,BTV,84.0,114.0,30.0
2013,6,13,AA,DFW,75.0,123.0,48.0
2013,6,13,US,PHX,43.0,61.0,18.0
2013,6,13,AA,SFO,49.0,64.0,15.0
2013,6,13,B6,PBI,60.0,105.0,45.0
2013,6,13,MQ,ORD,81.0,88.0,7.0
2013,6,13,UA,IAH,152.0,132.0,-20.0
2013,6,13,DL,DTW,29.0,64.0,35.0
2013,6,13,B6,LAS,111.0,154.0,43.0
2013,6,13,UA,DEN,84.0,91.0,7.0
2013,6,13,MQ,DTW,79.0,127.0,48.0
2013,6,13,WN,AUS,136.0,122.0,-14.0
2013,6,13,UA,DEN,32.0,73.0,41.0
2013,6,13,HA,HNL,113.0,134.0,21.0
2013,6,13,WN,BNA,61.0,82.0,21.0
2013,6,13,DL,SRQ,86.0,76.0,-10.0
2013,6,13,US,CLT,65.0,100.0,35.0
2013,6,13,AA,MIA,110.0,108.0,-2.0
2013,6,13,US,BOS,77.0,65.0,-12.0
2013,6,13,UA,ORD,81.0,78.0,-3.0
2013,6,13,MQ,ATL,80.0,120.0,40.0
2013,6,13,B6,FLL,163.0,144.0,-19.0
2013,6,13,UA,LAS,180.0,163.0,-17.0
2013,6,13,UA,PHX,111.0,93.0,-18.0
2013,6,13,MQ,DCA,116.0,121.0,5.0
2013,6,13,DL,MCO,171.0,137.0,-34.0
2013,6,13,EV,JAX,84.0,76.0,-8.0
2013,6,13,US,CLT,73.0,124.0,51.0
2013,6,13,B6,BTV,117.0,121.0,4.0
2013,6,13,B6,SRQ,45.0,60.0,15.0
2013,6,13,UA,MSY,81.0,87.0,6.0
2013,6,13,MQ,CLT,27.0,79.0,52.0
2013,6,13,US,CLT,68.0,106.0,38.0
2013,6,13,WN,HOU,114.0,115.0,1.0
2013,6,13,AA,ORD,74.0,68.0,-6.0
2013,6,13,EV,BNA,71.0,64.0,-7.0
2013,6,13,UA,BOS,136.0,123.0,-13.0
2013,6,13,AA,DFW,141.0,135.0,-6.0
2013,6,13,UA,PBI,63.0,87.0,24.0
2013,6,13,UA,IAH,153.0,158.0,5.0
2013,6,13,DL,PBI,161.0,175.0,14.0
2013,6,13,UA,FLL,133.0,131.0,-2.0
2013,6,13,B6,MCO,48.0,60.0,12.0
2013,6,13,B6,RSW,83.0,102.0,19.0
2013,6,13,UA,ATL,116.0,122.0,6.0
2013,6,13,UA,SFO,181.0,186.0,5.0
2013,6,13,DL,ATL,170.0,193.0,23.0
2013,6,13,AA,ORD,161.0,158.0,-3.0
2013,6,13,B6,CHS,43.0,95.0,52.0
2013,6,13,FL,ATL,109.0,158.0,49.0
2013,6,13,MQ,ATL,32.0,76.0,44.0
2013,6,13,AA,MIA,83.0,168.0,85.0
2013,6,13,DL,FLL,212.0,287.0,75.0
2013,6,13,UA,ORD,79.0,73.0,-6.0
2013,6,13,9E,BWI,33.0,136.0,103.0
2013,6,13,MQ,ORD,94.0,84.0,-10.0
2013,6,13,UA,FLL,19.0,77.0,58.0
2013,6,13,DL,PBI,29.0,106.0,77.0
2013,6,13,B6,MCO,92.0,146.0,54.0
2013,6,13,UA,DFW,86.0,88.0,2.0
2013,6,13,B6,FLL,61.0,121.0,60.0
2013,6,13,AA,MIA,34.0,96.0,62.0
2013,6,13,DL,ATL,151.0,211.0,60.0
2013,6,13,US,CLT,41.0,131.0,90.0
2013,6,13,9E,CLT,45.0,115.0,70.0
2013,6,13,B6,BOS,97.0,113.0,16.0
2013,6,13,US,DCA,38.0,76.0,38.0
2013,6,13,EV,CLT,47.0,111.0,64.0
2013,6,13,B6,PBI,167.0,213.0,46.0
2013,6,13,B6,MVY,136.0,155.0,19.0
2013,6,13,MQ,PIT,52.0,64.0,12.0
2013,6,13,DL,MSP,76.0,87.0,11.0
2013,6,13,B6,HOU,62.0,113.0,51.0
2013,6,13,EV,MEM,85.0,81.0,-4.0
2013,6,13,US,DCA,113.0,145.0,32.0
2013,6,13,B6,MCO,59.0,121.0,62.0
2013,6,13,FL,CAK,93.0,93.0,0.0
2013,6,13,US,CLT,24.0,93.0,69.0
2013,6,13,9E,DFW,66.0,62.0,-4.0
2013,6,13,FL,ATL,119.0,177.0,58.0
2013,6,13,UA,DEN,74.0,155.0,81.0
2013,6,13,UA,ORD,76.0,96.0,20.0
2013,6,13,MQ,DCA,67.0,91.0,24.0
2013,6,13,9E,DCA,87.0,78.0,-9.0
2013,6,13,EV,ATL,95.0,115.0,20.0
2013,6,13,9E,CLE,84.0,79.0,-5.0
2013,6,13,DL,MCO,26.0,61.0,35.0
2013,6,13,AA,LAX,157.0,193.0,36.0
2013,6,13,US,PHX,143.0,134.0,-9.0
2013,6,13,DL,AUS,18.0,74.0,56.0
2013,6,13,EV,IAD,388.0,421.0,33.0
2013,6,13,AA,DFW,106.0,110.0,4.0
2013,6,13,B6,LAX,-1.0,83.0,84.0
2013,6,13,DL,LAS,71.0,91.0,20.0
2013,6,13,9E,ORF,101.0,193.0,92.0
2013,6,13,DL,MIA,55.0,133.0,78.0
2013,6,13,AA,DFW,51.0,111.0,60.0
2013,6,13,DL,ATL,43.0,74.0,31.0
2013,6,13,UA,TPA,92.0,97.0,5.0
2013,6,13,VX,LAX,-4.0,97.0,101.0
2013,6,13,DL,MEM,1.0,73.0,72.0
2013,6,13,AA,DFW,26.0,65.0,39.0
2013,6,13,MQ,BNA,77.0,132.0,55.0
2013,6,13,AA,DFW,-1.0,62.0,63.0
2013,6,13,B6,TPA,95.0,109.0,14.0
2013,6,13,DL,MIA,68.0,109.0,41.0
2013,6,13,9E,IAD,139.0,165.0,26.0
2013,6,13,B6,MSY,137.0,213.0,76.0
2013,6,13,MQ,ORF,12.0,63.0,51.0
2013,6,13,B6,MCO,45.0,126.0,81.0
2013,6,13,9E,MSP,80.0,70.0,-10.0
2013,6,13,UA,CLE,95.0,103.0,8.0
2013,6,13,EV,SAV,66.0,106.0,40.0
2013,6,13,MQ,ORD,100.0,80.0,-20.0
2013,6,13,EV,GSP,146.0,186.0,40.0
2013,6,13,MQ,BNA,47.0,87.0,40.0
2013,6,13,US,CLT,26.0,85.0,59.0
2013,6,13,B6,IAD,2.0,74.0,72.0
2013,6,13,B6,SYR,33.0,67.0,34.0
2013,6,13,EV,CHS,154.0,195.0,41.0
2013,6,13,EV,BNA,91.0,98.0,7.0
2013,6,13,DL,SAN,33.0,60.0,27.0
2013,6,13,DL,MCO,233.0,266.0,33.0
2013,6,13,UA,MCO,107.0,130.0,23.0
2013,6,13,MQ,CMH,117.0,132.0,15.0
2013,6,13,B6,BUF,108.0,129.0,21.0
2013,6,13,EV,STL,143.0,148.0,5.0
2013,6,13,B6,CLT,50.0,114.0,64.0
2013,6,13,AA,MIA,33.0,84.0,51.0
2013,6,13,AA,LAX,48.0,85.0,37.0
2013,6,13,B6,PWM,58.0,96.0,38.0
2013,6,13,9E,RDU,114.0,148.0,34.0
2013,6,13,EV,RIC,61.0,104.0,43.0
2013,6,13,B6,OAK,61.0,128.0,67.0
2013,6,13,DL,DEN,16.0,109.0,93.0
2013,6,13,AA,MIA,18.0,68.0,50.0
2013,6,13,UA,IAH,63.0,111.0,48.0
2013,6,13,AA,MIA,106.0,144.0,38.0
2013,6,13,9E,CVG,68.0,144.0,76.0
2013,6,13,UA,SFO,110.0,132.0,22.0
2013,6,13,UA,CLE,207.0,217.0,10.0
2013,6,13,UA,LAX,18.0,67.0,49.0
2013,6,13,VX,SFO,102.0,177.0,75.0
2013,6,13,B6,BUR,46.0,166.0,120.0
2013,6,13,DL,FLL,168.0,171.0,3.0
2013,6,13,B6,TPA,110.0,151.0,41.0
2013,6,13,DL,MSY,-4.0,61.0,65.0
2013,6,13,F9,DEN,52.0,76.0,24.0
2013,6,13,EV,MKE,150.0,158.0,8.0
2013,6,13,B6,BOS,69.0,68.0,-1.0
2013,6,13,DL,ATL,24.0,124.0,100.0
2013,6,13,WN,DEN,45.0,116.0,71.0
2013,6,13,B6,LGB,21.0,64.0,43.0
2013,6,13,YV,CLT,51.0,99.0,48.0
2013,6,13,EV,CVG,67.0,76.0,9.0
2013,6,13,EV,MSP,180.0,167.0,-13.0
2013,6,13,AA,AUS,71.0,131.0,60.0
2013,6,13,MQ,RDU,343.0,430.0,87.0
2013,6,13,AA,MIA,88.0,86.0,-2.0
2013,6,13,B6,SJC,-1.0,62.0,63.0
2013,6,13,AA,IAH,66.0,130.0,64.0
2013,6,13,DL,ATL,36.0,119.0,83.0
2013,6,13,AA,SAN,67.0,125.0,58.0
2013,6,13,UA,SFO,109.0,136.0,27.0
2013,6,13,WN,MDW,120.0,147.0,27.0
2013,6,13,UA,ORD,106.0,119.0,13.0
2013,6,13,UA,DEN,24.0,60.0,36.0
2013,6,13,DL,PWM,72.0,92.0,20.0
2013,6,13,9E,BNA,174.0,201.0,27.0
2013,6,13,MQ,MSP,-1.0,75.0,76.0
2013,6,13,AA,STL,32.0,95.0,63.0
2013,6,13,UA,MCO,231.0,309.0,78.0
2013,6,13,EV,JAX,235.0,126.0,-109.0
2013,6,13,AA,DFW,75.0,174.0,99.0
2013,6,13,DL,PBI,45.0,148.0,103.0
2013,6,13,DL,PHX,27.0,80.0,53.0
2013,6,13,UA,ORD,77.0,67.0,-10.0
2013,6,13,UA,LAX,41.0,79.0,38.0
2013,6,13,DL,MIA,56.0,99.0,43.0
2013,6,13,DL,SLC,113.0,136.0,23.0
2013,6,13,AA,ORD,36.0,121.0,85.0
2013,6,13,B6,BUF,45.0,61.0,16.0
2013,6,13,EV,MKE,54.0,76.0,22.0
2013,6,13,DL,FLL,-4.0,108.0,112.0
2013,6,13,UA,SAN,97.0,97.0,0.0
2013,6,13,B6,SLC,24.0,71.0,47.0
2013,6,13,UA,DFW,80.0,79.0,-1.0
2013,6,13,UA,IAH,139.0,134.0,-5.0
2013,6,13,AA,LAX,72.0,72.0,0.0
2013,6,13,VX,SFO,133.0,179.0,46.0
2013,6,13,EV,BGR,80.0,102.0,22.0
2013,6,13,9E,PHL,190.0,251.0,61.0
2013,6,13,VX,SFO,56.0,94.0,38.0
2013,6,13,B6,ROC,142.0,163.0,21.0
2013,6,13,DL,DEN,53.0,74.0,21.0
2013,6,13,9E,DAY,57.0,139.0,82.0
2013,6,13,UA,ORD,-3.0,83.0,86.0
2013,6,13,B6,FLL,52.0,73.0,21.0
2013,6,13,B6,TPA,53.0,71.0,18.0
2013,6,13,9E,MSY,29.0,69.0,40.0
2013,6,13,B6,FLL,29.0,157.0,128.0
2013,6,13,EV,BHM,60.0,158.0,98.0
2013,6,13,MQ,CMH,17.0,108.0,91.0
2013,6,13,UA,IAH,57.0,154.0,97.0
2013,6,13,AA,ORD,59.0,129.0,70.0
2013,6,13,DL,SAT,69.0,82.0,13.0
2013,6,13,EV,MHT,25.0,116.0,91.0
2013,6,13,MQ,RDU,23.0,140.0,117.0
2013,6,13,B6,FLL,230.0,254.0,24.0
2013,6,13,EV,DTW,183.0,174.0,-9.0
2013,6,13,MQ,ATL,33.0,121.0,88.0
2013,6,13,AA,LAX,78.0,89.0,11.0
2013,6,13,US,CLT,178.0,182.0,4.0
2013,6,13,MQ,DTW,-1.0,104.0,105.0
2013,6,13,B6,PHX,22.0,75.0,53.0
2013,6,13,DL,ATL,143.0,134.0,-9.0
2013,6,13,B6,TPA,351.0,380.0,29.0
2013,6,13,B6,LAS,112.0,106.0,-6.0
2013,6,13,UA,BOS,170.0,153.0,-17.0
2013,6,13,9E,ORF,131.0,164.0,33.0
2013,6,13,AA,DFW,235.0,203.0,-32.0
2013,6,13,US,BOS,-7.0,106.0,113.0
2013,6,13,VX,LAX,53.0,104.0,51.0
2013,6,13,MQ,CLT,-3.0,119.0,122.0
2013,6,13,VX,LAX,126.0,103.0,-23.0
2013,6,13,EV,ATL,246.0,241.0,-5.0
2013,6,13,DL,SLC,87.0,94.0,7.0
2013,6,13,B6,ABQ,63.0,64.0,1.0
2013,6,13,UA,LAX,40.0,72.0,32.0
2013,6,13,AS,SEA,161.0,130.0,-31.0
2013,6,13,WN,MKE,121.0,207.0,86.0
2013,6,13,B6,MCO,112.0,150.0,38.0
2013,6,13,B6,PDX,42.0,93.0,51.0
2013,6,13,B6,ORD,54.0,72.0,18.0
2013,6,13,MQ,CLE,170.0,266.0,96.0
2013,6,13,AA,LAS,255.0,261.0,6.0
2013,6,13,DL,ATL,388.0,468.0,80.0
2013,6,13,EV,DTW,112.0,84.0,-28.0
2013,6,13,DL,PIT,90.0,172.0,82.0
2013,6,13,UA,FLL,119.0,107.0,-12.0
2013,6,13,AA,SFO,217.0,226.0,9.0
2013,6,13,9E,IAD,64.0,74.0,10.0
2013,6,13,FL,CAK,66.0,154.0,88.0
2013,6,13,B6,BOS,83.0,102.0,19.0
2013,6,13,DL,ATL,128.0,125.0,-3.0
2013,6,13,US,DCA,98.0,183.0,85.0
2013,6,13,EV,CLT,130.0,121.0,-9.0
2013,6,13,UA,MIA,90.0,90.0,0.0
2013,6,13,DL,ATL,100.0,173.0,73.0
2013,6,13,US,DCA,162.0,238.0,76.0
2013,6,13,US,DCA,45.0,132.0,87.0
2013,6,13,WN,STL,251.0,229.0,-22.0
2013,6,13,EV,CVG,84.0,80.0,-4.0
2013,6,13,9E,IND,199.0,237.0,38.0
2013,6,13,DL,FLL,49.0,68.0,19.0
2013,6,13,FL,ATL,255.0,341.0,86.0
2013,6,13,9E,JAX,137.0,152.0,15.0
2013,6,13,DL,LAX,57.0,65.0,8.0
2013,6,13,9E,CVG,73.0,95.0,22.0
2013,6,13,B6,MCO,62.0,167.0,105.0
2013,6,13,B6,FLL,200.0,196.0,-4.0
2013,6,13,UA,CLE,108.0,94.0,-14.0
2013,6,13,9E,CLE,126.0,146.0,20.0
2013,6,13,UA,TPA,115.0,92.0,-23.0
2013,6,13,B6,JAX,54.0,152.0,98.0
2013,6,13,EV,DAY,107.0,83.0,-24.0
2013,6,13,B6,RDU,287.0,285.0,-2.0
2013,6,13,UA,AUS,95.0,94.0,-1.0
2013,6,13,UA,LAX,91.0,77.0,-14.0
2013,6,13,DL,TPA,151.0,189.0,38.0
2013,6,13,MQ,CMH,184.0,204.0,20.0
2013,6,13,DL,MCO,447.0,496.0,49.0
2013,6,13,EV,BNA,222.0,208.0,-14.0
2013,6,13,B6,BOS,134.0,116.0,-18.0
2013,6,13,UA,BOS,112.0,102.0,-10.0
2013,6,13,B6,BUF,101.0,106.0,5.0
2013,6,13,WN,MDW,142.0,122.0,-20.0
2013,6,13,DL,LAS,101.0,114.0,13.0
2013,6,13,EV,TYS,191.0,198.0,7.0
2013,6,13,EV,JAX,150.0,157.0,7.0
2013,6,13,9E,RDU,209.0,200.0,-9.0
2013,6,13,B6,LAS,86.0,87.0,1.0
2013,6,13,9E,BWI,191.0,193.0,2.0
2013,6,13,UA,DEN,129.0,126.0,-3.0
2013,6,13,AA,DFW,245.0,242.0,-3.0
2013,6,13,AA,DFW,243.0,212.0,-31.0
2013,6,13,WN,MSY,294.0,277.0,-17.0
2013,6,13,EV,CLE,209.0,230.0,21.0
2013,6,13,9E,PHL,182.0,160.0,-22.0
2013,6,13,WN,MDW,332.0,309.0,-23.0
2013,6,13,B6,SJU,73.0,84.0,11.0
2013,6,13,B6,TPA,135.0,129.0,-6.0
2013,6,13,WN,MDW,173.0,159.0,-14.0
2013,6,13,WN,BNA,334.0,333.0,-1.0
2013,6,13,EV,CLT,147.0,146.0,-1.0
2013,6,13,UA,LAX,275.0,247.0,-28.0
2013,6,13,DL,MIA,270.0,274.0,4.0
2013,6,14,B6,MCO,204.0,177.0,-27.0
2013,6,14,FL,CAK,250.0,227.0,-23.0
2013,6,14,MQ,DTW,95.0,84.0,-11.0
2013,6,14,WN,STL,114.0,108.0,-6.0
2013,6,14,EV,GSP,150.0,135.0,-15.0
2013,6,14,EV,BTV,90.0,75.0,-15.0
2013,6,14,AA,DFW,134.0,126.0,-8.0
2013,6,14,EV,RIC,86.0,75.0,-11.0
2013,6,14,AA,ORD,97.0,70.0,-27.0
2013,6,14,MQ,BNA,163.0,148.0,-15.0
2013,6,14,9E,SDF,89.0,73.0,-16.0
2013,6,14,MQ,DTW,73.0,69.0,-4.0
2013,6,14,MQ,ATL,110.0,130.0,20.0
2013,6,14,EV,AVL,222.0,208.0,-14.0
2013,6,14,MQ,DCA,83.0,76.0,-7.0
2013,6,14,DL,PBI,46.0,70.0,24.0
2013,6,14,EV,STL,113.0,98.0,-15.0
2013,6,14,WN,MDW,90.0,76.0,-14.0
2013,6,14,MQ,DCA,104.0,100.0,-4.0
2013,6,14,9E,PIT,335.0,342.0,7.0
2013,6,14,MQ,BNA,125.0,139.0,14.0
2013,6,14,EV,DTW,85.0,107.0,22.0
2013,6,14,UA,FLL,97.0,81.0,-16.0
2013,6,14,MQ,CLE,60.0,63.0,3.0
2013,6,14,WN,MDW,95.0,92.0,-3.0
2013,6,14,MQ,CLE,20.0,81.0,61.0
2013,6,14,DL,LAS,1.0,97.0,96.0
2013,6,14,DL,MSP,47.0,74.0,27.0
2013,6,14,DL,LAX,10.0,94.0,84.0
2013,6,14,UA,SFO,4.0,97.0,93.0
2013,6,14,DL,DTW,51.0,91.0,40.0
2013,6,14,MQ,CLT,112.0,121.0,9.0
2013,6,14,DL,SLC,3.0,60.0,57.0
2013,6,14,B6,ORD,-3.0,65.0,68.0
2013,6,14,MQ,CMH,11.0,97.0,86.0
2013,6,14,DL,FLL,28.0,68.0,40.0
2013,6,14,DL,PDX,0.0,60.0,60.0
2013,6,14,9E,BNA,5.0,68.0,63.0
2013,6,14,DL,AUS,-2.0,80.0,82.0
2013,6,14,9E,MSP,12.0,77.0,65.0
2013,6,14,9E,DFW,73.0,143.0,70.0
2013,6,14,AA,LAX,27.0,103.0,76.0
2013,6,14,MQ,CVG,12.0,72.0,60.0
2013,6,14,EV,DCA,192.0,220.0,28.0
2013,6,14,MQ,DCA,67.0,74.0,7.0
2013,6,14,US,DCA,22.0,70.0,48.0
2013,6,14,MQ,ORD,168.0,212.0,44.0
2013,6,14,DL,ATL,9.0,113.0,104.0
2013,6,14,MQ,XNA,75.0,86.0,11.0
2013,6,14,UA,SEA,53.0,68.0,15.0
2013,6,14,MQ,BNA,15.0,127.0,112.0
2013,6,14,DL,LAX,-4.0,88.0,92.0
2013,6,14,9E,CVG,-2.0,105.0,107.0
2013,6,14,AA,LAS,-9.0,60.0,69.0
2013,6,14,DL,SAN,-4.0,106.0,110.0
2013,6,14,AA,LAX,-2.0,132.0,134.0
2013,6,14,AA,AUS,-2.0,96.0,98.0
2013,6,14,FL,CAK,173.0,201.0,28.0
2013,6,14,B6,IAD,-2.0,86.0,88.0
2013,6,14,B6,SJU,28.0,81.0,53.0
2013,6,14,B6,SFO,-3.0,62.0,65.0
2013,6,14,B6,BUR,-1.0,83.0,84.0
2013,6,14,MQ,CLT,141.0,138.0,-3.0
2013,6,14,9E,MCI,32.0,89.0,57.0
2013,6,14,B6,LGB,-4.0,84.0,88.0
2013,6,14,UA,DEN,58.0,70.0,12.0
2013,6,14,B6,SEA,36.0,160.0,124.0
2013,6,14,EV,ATL,77.0,81.0,4.0
2013,6,14,DL,LAX,1.0,83.0,82.0
2013,6,14,AA,MIA,56.0,60.0,4.0
2013,6,14,DL,SJU,157.0,256.0,99.0
2013,6,14,DL,SFO,145.0,217.0,72.0
2013,6,14,EV,ORF,184.0,207.0,23.0
2013,6,14,UA,SFO,-2.0,69.0,71.0
2013,6,14,EV,BNA,61.0,64.0,3.0
2013,6,14,AA,IAH,57.0,61.0,4.0
2013,6,14,AA,SEA,1.0,80.0,79.0
2013,6,14,UA,CLE,173.0,140.0,-33.0
2013,6,14,AA,SAN,65.0,88.0,23.0
2013,6,14,9E,MSP,27.0,91.0,64.0
2013,6,14,WN,HOU,100.0,92.0,-8.0
2013,6,14,AA,SFO,201.0,289.0,88.0
2013,6,14,EV,BUF,94.0,87.0,-7.0
2013,6,14,B6,LAS,0.0,82.0,82.0
2013,6,14,VX,SFO,2.0,98.0,96.0
2013,6,14,EV,CVG,99.0,95.0,-4.0
2013,6,14,YV,CLT,87.0,72.0,-15.0
2013,6,14,B6,SJC,31.0,85.0,54.0
2013,6,14,AA,SFO,77.0,74.0,-3.0
2013,6,14,MQ,RDU,93.0,73.0,-20.0
2013,6,14,B6,SMF,14.0,60.0,46.0
2013,6,14,AA,MIA,128.0,76.0,-52.0
2013,6,14,EV,DTW,144.0,140.0,-4.0
2013,6,14,EV,IND,157.0,162.0,5.0
2013,6,14,DL,MIA,244.0,232.0,-12.0
2013,6,14,DL,SEA,64.0,102.0,38.0
2013,6,14,WN,BNA,119.0,100.0,-19.0
2013,6,14,US,DCA,75.0,67.0,-8.0
2013,6,14,DL,PDX,78.0,65.0,-13.0
2013,6,14,EV,MKE,124.0,130.0,6.0
2013,6,14,EV,IAD,63.0,71.0,8.0
2013,6,14,B6,OAK,218.0,202.0,-16.0
2013,6,14,AA,BOS,82.0,95.0,13.0
2013,6,14,MQ,CMH,82.0,65.0,-17.0
2013,6,14,EV,RIC,118.0,106.0,-12.0
2013,6,14,AA,DFW,98.0,72.0,-26.0
2013,6,14,EV,CLT,104.0,69.0,-35.0
2013,6,14,UA,IAH,240.0,219.0,-21.0
2013,6,14,DL,LAX,10.0,61.0,51.0
2013,6,14,EV,DCA,85.0,90.0,5.0
2013,6,14,EV,ROC,276.0,263.0,-13.0
2013,6,14,VX,LAX,271.0,262.0,-9.0
2013,6,14,F9,DEN,237.0,239.0,2.0
2013,6,14,US,CLT,265.0,240.0,-25.0
2013,6,14,EV,TUL,81.0,78.0,-3.0
2013,6,14,MQ,CMH,221.0,205.0,-16.0
2013,6,14,AA,DFW,153.0,128.0,-25.0
2013,6,14,MQ,CMH,114.0,101.0,-13.0
2013,6,14,MQ,RDU,115.0,110.0,-5.0
2013,6,14,B6,BOS,95.0,78.0,-17.0
2013,6,14,B6,BOS,82.0,67.0,-15.0
2013,6,14,EV,BNA,173.0,158.0,-15.0
2013,6,14,US,DCA,120.0,104.0,-16.0
2013,6,14,EV,JAX,92.0,81.0,-11.0
2013,6,14,UA,TPA,119.0,78.0,-41.0
2013,6,14,VX,LAX,129.0,116.0,-13.0
2013,6,14,AA,DFW,264.0,233.0,-31.0
2013,6,14,B6,PDX,100.0,88.0,-12.0
2013,6,14,DL,MIA,176.0,135.0,-41.0
2013,6,14,US,BOS,82.0,69.0,-13.0
2013,6,14,MQ,DTW,105.0,105.0,0.0
2013,6,14,9E,ORF,229.0,216.0,-13.0
2013,6,14,AA,MIA,149.0,107.0,-42.0
2013,6,14,WN,DEN,292.0,265.0,-27.0
2013,6,14,DL,ATL,186.0,142.0,-44.0
2013,6,14,DL,TPA,158.0,151.0,-7.0
2013,6,14,B6,JAX,79.0,60.0,-19.0
2013,6,14,EV,RIC,100.0,81.0,-19.0
2013,6,14,9E,PHL,130.0,120.0,-10.0
2013,6,14,FL,ATL,233.0,209.0,-24.0
2013,6,14,MQ,CLT,118.0,104.0,-14.0
2013,6,14,EV,CLT,96.0,82.0,-14.0
2013,6,14,MQ,RDU,192.0,170.0,-22.0
2013,6,14,B6,TPA,110.0,93.0,-17.0
2013,6,14,WN,MSY,300.0,256.0,-44.0
2013,6,14,MQ,BNA,122.0,99.0,-23.0
2013,6,14,B6,PWM,60.0,60.0,0.0
2013,6,15,MQ,ATL,56.0,65.0,9.0
2013,6,15,MQ,ORD,65.0,72.0,7.0
2013,6,15,DL,TPA,104.0,79.0,-25.0
2013,6,15,MQ,DCA,174.0,187.0,13.0
2013,6,15,MQ,DCA,119.0,111.0,-8.0
2013,6,15,MQ,CMH,1137.0,1127.0,-10.0
2013,6,15,MQ,DTW,95.0,96.0,1.0
2013,6,15,UA,SFO,42.0,120.0,78.0
2013,6,15,EV,MHT,86.0,76.0,-10.0
2013,6,15,UA,SFO,42.0,83.0,41.0
2013,6,15,EV,IND,88.0,73.0,-15.0
2013,6,15,UA,SFO,54.0,97.0,43.0
2013,6,15,UA,IAH,95.0,89.0,-6.0
2013,6,15,VX,SFO,49.0,61.0,12.0
2013,6,15,EV,GSP,130.0,113.0,-17.0
2013,6,15,EV,IAD,156.0,139.0,-17.0
2013,6,15,MQ,IND,123.0,97.0,-26.0
2013,6,15,MQ,RDU,160.0,142.0,-18.0
2013,6,15,UA,SFO,32.0,78.0,46.0
2013,6,15,UA,FLL,184.0,164.0,-20.0
2013,6,15,MQ,DCA,181.0,156.0,-25.0
2013,6,15,AA,BOS,137.0,96.0,-41.0
2013,6,15,AA,DFW,132.0,102.0,-30.0
2013,6,15,AA,MIA,104.0,61.0,-43.0
2013,6,15,AA,DFW,166.0,130.0,-36.0
2013,6,15,UA,TPA,86.0,60.0,-26.0
2013,6,15,DL,SFO,165.0,156.0,-9.0
2013,6,15,VX,LAX,203.0,199.0,-4.0
2013,6,15,DL,ATL,301.0,270.0,-31.0
2013,6,16,AA,LAX,144.0,159.0,15.0
2013,6,16,EV,MHT,140.0,118.0,-22.0
2013,6,16,B6,LAX,177.0,166.0,-11.0
2013,6,16,B6,LAS,144.0,159.0,15.0
2013,6,16,EV,MSN,64.0,68.0,4.0
2013,6,16,WN,MDW,115.0,97.0,-18.0
2013,6,16,EV,ATL,171.0,197.0,26.0
2013,6,16,EV,DTW,49.0,68.0,19.0
2013,6,16,UA,LAS,55.0,64.0,9.0
2013,6,16,EV,MKE,61.0,70.0,9.0
2013,6,16,EV,STL,97.0,113.0,16.0
2013,6,16,EV,GSO,173.0,141.0,-32.0
2013,6,16,UA,SFO,57.0,86.0,29.0
2013,6,16,MQ,BNA,112.0,82.0,-30.0
2013,6,16,EV,ROC,70.0,63.0,-7.0
2013,6,16,UA,LAX,3.0,64.0,61.0
2013,6,16,AA,ORD,109.0,75.0,-34.0
2013,6,16,WN,DEN,135.0,163.0,28.0
2013,6,16,F9,DEN,59.0,75.0,16.0
2013,6,16,UA,DEN,86.0,95.0,9.0
2013,6,16,MQ,CLT,205.0,198.0,-7.0
2013,6,16,EV,CHS,119.0,130.0,11.0
2013,6,16,MQ,XNA,66.0,77.0,11.0
2013,6,16,VX,SFO,7.0,93.0,86.0
2013,6,16,EV,MCI,44.0,60.0,16.0
2013,6,16,B6,SJC,62.0,76.0,14.0
2013,6,16,DL,MCO,98.0,74.0,-24.0
2013,6,16,DL,MSP,109.0,95.0,-14.0
2013,6,16,UA,LAX,-2.0,65.0,67.0
2013,6,16,UA,FLL,68.0,61.0,-7.0
2013,6,16,EV,CLT,112.0,113.0,1.0
2013,6,16,WN,BNA,195.0,175.0,-20.0
2013,6,16,UA,BOS,101.0,112.0,11.0
2013,6,16,DL,TPA,147.0,113.0,-34.0
2013,6,16,EV,CLT,201.0,213.0,12.0
2013,6,16,MQ,RDU,78.0,64.0,-14.0
2013,6,16,UA,BOS,126.0,94.0,-32.0
2013,6,17,US,DCA,242.0,242.0,0.0
2013,6,17,B6,ROC,83.0,76.0,-7.0
2013,6,17,B6,BUF,78.0,67.0,-11.0
2013,6,17,EV,BTV,150.0,133.0,-17.0
2013,6,17,AA,DFW,85.0,162.0,77.0
2013,6,17,MQ,CLT,122.0,165.0,43.0
2013,6,17,EV,MHT,93.0,83.0,-10.0
2013,6,17,AA,DFW,119.0,107.0,-12.0
2013,6,17,AA,DFW,48.0,63.0,15.0
2013,6,17,EV,MEM,85.0,85.0,0.0
2013,6,17,EV,MKE,95.0,103.0,8.0
2013,6,17,DL,MCO,97.0,79.0,-18.0
2013,6,17,UA,SFO,55.0,61.0,6.0
2013,6,17,DL,ATL,419.0,411.0,-8.0
2013,6,17,MQ,DTW,162.0,160.0,-2.0
2013,6,17,MQ,DCA,78.0,73.0,-5.0
2013,6,17,AA,DFW,57.0,68.0,11.0
2013,6,17,AA,DFW,86.0,67.0,-19.0
2013,6,17,EV,MEM,-4.0,61.0,65.0
2013,6,17,EV,IND,60.0,120.0,60.0
2013,6,17,FL,ATL,25.0,107.0,82.0
2013,6,17,AA,DFW,64.0,75.0,11.0
2013,6,17,B6,RSW,167.0,207.0,40.0
2013,6,17,EV,CLT,-1.0,64.0,65.0
2013,6,17,UA,CLE,18.0,73.0,55.0
2013,6,17,UA,AUS,-4.0,70.0,74.0
2013,6,17,AA,STL,-1.0,60.0,61.0
2013,6,17,MQ,ATL,59.0,81.0,22.0
2013,6,17,EV,ATL,45.0,98.0,53.0
2013,6,17,EV,JAX,26.0,81.0,55.0
2013,6,17,MQ,CMH,-4.0,60.0,64.0
2013,6,17,UA,SFO,3.0,82.0,79.0
2013,6,17,UA,LAX,23.0,73.0,50.0
2013,6,17,DL,ATL,0.0,66.0,66.0
2013,6,17,UA,BOS,50.0,77.0,27.0
2013,6,17,WN,DEN,16.0,61.0,45.0
2013,6,17,DL,SFO,10.0,67.0,57.0
2013,6,17,AA,DFW,86.0,106.0,20.0
2013,6,17,DL,MSP,467.0,489.0,22.0
2013,6,17,B6,RSW,39.0,68.0,29.0
2013,6,17,DL,MCO,25.0,122.0,97.0
2013,6,17,9E,DCA,91.0,96.0,5.0
2013,6,17,AA,LAX,37.0,71.0,34.0
2013,6,17,DL,MIA,24.0,98.0,74.0
2013,6,17,AA,DFW,85.0,122.0,37.0
2013,6,17,9E,BNA,31.0,66.0,35.0
2013,6,17,9E,RDU,25.0,115.0,90.0
2013,6,17,9E,DFW,95.0,128.0,33.0
2013,6,17,AA,SFO,65.0,104.0,39.0
2013,6,17,EV,GSP,97.0,108.0,11.0
2013,6,17,EV,MSY,43.0,60.0,17.0
2013,6,17,9E,ORD,59.0,76.0,17.0
2013,6,17,B6,CLT,-9.0,65.0,74.0
2013,6,17,VX,LAX,-1.0,70.0,71.0
2013,6,17,B6,PWM,-4.0,76.0,80.0
2013,6,17,VX,SFO,26.0,80.0,54.0
2013,6,17,B6,OAK,-2.0,74.0,76.0
2013,6,17,AA,ORD,101.0,76.0,-25.0
2013,6,17,AA,MIA,116.0,172.0,56.0
2013,6,17,EV,IAD,127.0,164.0,37.0
2013,6,17,9E,MSP,67.0,70.0,3.0
2013,6,17,9E,PHL,30.0,82.0,52.0
2013,6,17,DL,SAN,5.0,70.0,65.0
2013,6,17,UA,DEN,106.0,99.0,-7.0
2013,6,17,9E,DTW,58.0,95.0,37.0
2013,6,17,EV,GSO,177.0,167.0,-10.0
2013,6,17,UA,MCO,3.0,95.0,92.0
2013,6,17,DL,PDX,88.0,72.0,-16.0
2013,6,17,MQ,DCA,10.0,67.0,57.0
2013,6,17,UA,MCO,96.0,129.0,33.0
2013,6,17,US,CLT,26.0,70.0,44.0
2013,6,17,AA,DFW,102.0,104.0,2.0
2013,6,17,AA,DFW,67.0,89.0,22.0
2013,6,17,B6,RDU,7.0,75.0,68.0
2013,6,17,UA,SFO,23.0,60.0,37.0
2013,6,17,B6,BUR,7.0,63.0,56.0
2013,6,17,DL,ATL,101.0,148.0,47.0
2013,6,17,B6,MCO,73.0,123.0,50.0
2013,6,17,UA,ORD,59.0,66.0,7.0
2013,6,17,DL,ATL,78.0,133.0,55.0
2013,6,17,DL,ATL,50.0,87.0,37.0
2013,6,17,EV,SDF,120.0,129.0,9.0
2013,6,17,9E,MCI,41.0,89.0,48.0
2013,6,17,EV,ROC,81.0,61.0,-20.0
2013,6,17,EV,RDU,113.0,113.0,0.0
2013,6,17,EV,STL,67.0,71.0,4.0
2013,6,17,AA,MIA,113.0,115.0,2.0
2013,6,17,UA,LAX,20.0,85.0,65.0
2013,6,17,UA,LAX,49.0,71.0,22.0
2013,6,17,UA,DFW,7.0,86.0,79.0
2013,6,17,EV,STL,176.0,209.0,33.0
2013,6,17,AA,LAX,73.0,110.0,37.0
2013,6,17,AA,DFW,90.0,81.0,-9.0
2013,6,17,MQ,CVG,145.0,182.0,37.0
2013,6,17,B6,SEA,56.0,63.0,7.0
2013,6,17,MQ,RDU,122.0,108.0,-14.0
2013,6,17,9E,MSP,8.0,65.0,57.0
2013,6,17,AA,ORD,84.0,80.0,-4.0
2013,6,17,DL,LAX,15.0,65.0,50.0
2013,6,17,DL,ATL,91.0,115.0,24.0
2013,6,17,EV,GSO,116.0,114.0,-2.0
2013,6,17,WN,MDW,107.0,106.0,-1.0
2013,6,17,EV,MSP,55.0,71.0,16.0
2013,6,17,EV,PIT,155.0,143.0,-12.0
2013,6,17,AA,LAS,87.0,95.0,8.0
2013,6,17,EV,DTW,68.0,94.0,26.0
2013,6,17,UA,LAS,75.0,90.0,15.0
2013,6,17,EV,BNA,74.0,130.0,56.0
2013,6,17,AA,IAH,70.0,97.0,27.0
2013,6,17,AA,MIA,85.0,87.0,2.0
2013,6,17,MQ,BNA,130.0,181.0,51.0
2013,6,17,EV,MKE,24.0,69.0,45.0
2013,6,17,UA,MIA,38.0,85.0,47.0
2013,6,17,9E,DTW,33.0,82.0,49.0
2013,6,17,UA,SFO,155.0,250.0,95.0
2013,6,17,UA,LAX,146.0,180.0,34.0
2013,6,17,WN,HOU,106.0,117.0,11.0
2013,6,17,AA,AUS,102.0,157.0,55.0
2013,6,17,DL,ATL,57.0,92.0,35.0
2013,6,17,MQ,RDU,78.0,90.0,12.0
2013,6,17,F9,DEN,95.0,85.0,-10.0
2013,6,17,B6,PBI,48.0,93.0,45.0
2013,6,17,AA,SAN,92.0,134.0,42.0
2013,6,17,DL,MIA,49.0,92.0,43.0
2013,6,17,UA,LAX,1.0,85.0,84.0
2013,6,17,UA,DEN,108.0,94.0,-14.0
2013,6,17,9E,MKE,184.0,223.0,39.0
2013,6,17,B6,BUF,44.0,63.0,19.0
2013,6,17,B6,FLL,167.0,154.0,-13.0
2013,6,17,WN,STL,111.0,124.0,13.0
2013,6,17,9E,IND,57.0,93.0,36.0
2013,6,17,DL,BOS,185.0,208.0,23.0
2013,6,17,UA,SEA,67.0,80.0,13.0
2013,6,17,WN,STL,216.0,213.0,-3.0
2013,6,17,UA,IAH,150.0,153.0,3.0
2013,6,17,AA,ORD,88.0,77.0,-11.0
2013,6,17,AA,DFW,156.0,145.0,-11.0
2013,6,17,DL,DEN,37.0,84.0,47.0
2013,6,17,FL,ATL,125.0,121.0,-4.0
2013,6,17,MQ,CLE,65.0,60.0,-5.0
2013,6,17,UA,ORD,104.0,91.0,-13.0
2013,6,17,B6,BOS,182.0,234.0,52.0
2013,6,17,B6,BOS,156.0,193.0,37.0
2013,6,17,EV,BNA,50.0,60.0,10.0
2013,6,17,EV,RIC,55.0,60.0,5.0
2013,6,17,B6,SMF,26.0,63.0,37.0
2013,6,17,9E,BOS,30.0,75.0,45.0
2013,6,17,UA,DEN,100.0,104.0,4.0
2013,6,17,VX,SFO,70.0,114.0,44.0
2013,6,17,DL,MCO,128.0,124.0,-4.0
2013,6,17,DL,LAS,52.0,61.0,9.0
2013,6,17,DL,ATL,108.0,104.0,-4.0
2013,6,17,UA,ORD,73.0,66.0,-7.0
2013,6,17,AA,SFO,141.0,157.0,16.0
2013,6,17,US,BOS,81.0,100.0,19.0
2013,6,17,9E,PIT,77.0,102.0,25.0
2013,6,17,US,DCA,87.0,84.0,-3.0
2013,6,17,9E,MSY,60.0,89.0,29.0
2013,6,17,US,CLT,97.0,100.0,3.0
2013,6,17,VX,LAX,31.0,88.0,57.0
2013,6,17,B6,MCO,169.0,161.0,-8.0
2013,6,17,UA,SFO,121.0,120.0,-1.0
2013,6,17,EV,DTW,62.0,65.0,3.0
2013,6,17,B6,SFO,24.0,67.0,43.0
2013,6,17,DL,ATL,100.0,108.0,8.0
2013,6,17,EV,IAD,75.0,70.0,-5.0
2013,6,17,UA,PBI,108.0,99.0,-9.0
2013,6,17,B6,SJU,228.0,238.0,10.0
2013,6,17,9E,JAX,75.0,87.0,12.0
2013,6,17,AA,SEA,136.0,162.0,26.0
2013,6,17,AA,BOS,98.0,118.0,20.0
2013,6,17,9E,ORD,116.0,138.0,22.0
2013,6,17,EV,DSM,62.0,65.0,3.0
2013,6,17,WN,BNA,168.0,154.0,-14.0
2013,6,17,DL,ATL,68.0,62.0,-6.0
2013,6,17,AA,LAX,116.0,146.0,30.0
2013,6,17,EV,IAD,107.0,103.0,-4.0
2013,6,17,US,BOS,78.0,77.0,-1.0
2013,6,17,EV,CVG,62.0,76.0,14.0
2013,6,17,EV,BHM,141.0,133.0,-8.0
2013,6,17,EV,ATL,102.0,100.0,-2.0
2013,6,17,AA,DFW,135.0,137.0,2.0
2013,6,17,B6,ORD,67.0,95.0,28.0
2013,6,17,DL,ATL,128.0,109.0,-19.0
2013,6,17,DL,LAS,30.0,80.0,50.0
2013,6,17,UA,SJU,78.0,75.0,-3.0
2013,6,17,B6,LAX,77.0,116.0,39.0
2013,6,17,UA,FLL,81.0,79.0,-2.0
2013,6,17,EV,DCA,124.0,121.0,-3.0
2013,6,17,EV,JAX,84.0,103.0,19.0
2013,6,17,B6,SLC,165.0,145.0,-20.0
2013,6,17,EV,STL,56.0,78.0,22.0
2013,6,17,DL,SAT,168.0,146.0,-22.0
2013,6,17,B6,TPA,33.0,64.0,31.0
2013,6,17,EV,OKC,124.0,146.0,22.0
2013,6,17,B6,AUS,93.0,146.0,53.0
2013,6,17,AA,ORD,302.0,276.0,-26.0
2013,6,17,B6,MSY,88.0,65.0,-23.0
2013,6,17,9E,RDU,159.0,166.0,7.0
2013,6,17,EV,MHT,140.0,119.0,-21.0
2013,6,17,EV,RIC,105.0,92.0,-13.0
2013,6,17,UA,LAX,81.0,105.0,24.0
2013,6,17,EV,DAY,113.0,107.0,-6.0
2013,6,17,MQ,ORD,79.0,85.0,6.0
2013,6,17,EV,DCA,64.0,72.0,8.0
2013,6,17,AA,DFW,194.0,193.0,-1.0
2013,6,17,EV,RIC,336.0,345.0,9.0
2013,6,17,EV,MHT,63.0,63.0,0.0
2013,6,17,FL,CAK,125.0,117.0,-8.0
2013,6,17,B6,BUF,86.0,114.0,28.0
2013,6,17,US,DCA,102.0,95.0,-7.0
2013,6,17,AA,MIA,163.0,137.0,-26.0
2013,6,17,EV,BDL,80.0,66.0,-14.0
2013,6,17,B6,FLL,248.0,230.0,-18.0
2013,6,17,B6,MCO,161.0,145.0,-16.0
2013,6,17,UA,IAH,94.0,110.0,16.0
2013,6,17,EV,CLT,100.0,98.0,-2.0
2013,6,17,EV,RIC,125.0,123.0,-2.0
2013,6,17,B6,RDU,67.0,72.0,5.0
2013,6,17,9E,CVG,158.0,148.0,-10.0
2013,6,17,B6,FLL,235.0,225.0,-10.0
2013,6,17,B6,MCO,335.0,309.0,-26.0
2013,6,17,MQ,DCA,115.0,113.0,-2.0
2013,6,17,MQ,BNA,128.0,144.0,16.0
2013,6,17,EV,MCI,285.0,274.0,-11.0
2013,6,17,DL,BOS,135.0,107.0,-28.0
2013,6,18,WN,MDW,193.0,170.0,-23.0
2013,6,18,B6,FLL,166.0,205.0,39.0
2013,6,18,EV,BDL,171.0,149.0,-22.0
2013,6,18,EV,DSM,213.0,190.0,-23.0
2013,6,18,EV,RIC,250.0,225.0,-25.0
2013,6,18,B6,MCO,223.0,217.0,-6.0
2013,6,18,B6,BUF,221.0,190.0,-31.0
2013,6,18,B6,BUF,175.0,167.0,-8.0
2013,6,18,B6,PWM,190.0,163.0,-27.0
2013,6,18,FL,ATL,54.0,68.0,14.0
2013,6,18,DL,MSY,61.0,65.0,4.0
2013,6,18,UA,BOS,185.0,172.0,-13.0
2013,6,18,9E,ORD,55.0,67.0,12.0
2013,6,18,AA,TPA,114.0,94.0,-20.0
2013,6,18,US,CLT,112.0,114.0,2.0
2013,6,18,B6,BUF,128.0,115.0,-13.0
2013,6,18,EV,CHS,108.0,78.0,-30.0
2013,6,18,AA,ORD,32.0,66.0,34.0
2013,6,18,MQ,DTW,116.0,130.0,14.0
2013,6,18,MQ,CMH,85.0,81.0,-4.0
2013,6,18,DL,LAX,51.0,78.0,27.0
2013,6,18,WN,DEN,30.0,76.0,46.0
2013,6,18,B6,IAD,62.0,94.0,32.0
2013,6,18,DL,PBI,83.0,102.0,19.0
2013,6,18,UA,ORD,89.0,133.0,44.0
2013,6,18,EV,DCA,28.0,76.0,48.0
2013,6,18,FL,ATL,19.0,97.0,78.0
2013,6,18,UA,HNL,-4.0,69.0,73.0
2013,6,18,VX,LAX,31.0,98.0,67.0
2013,6,18,UA,FLL,75.0,89.0,14.0
2013,6,18,UA,BOS,100.0,104.0,4.0
2013,6,18,EV,DTW,84.0,120.0,36.0
2013,6,18,UA,ORD,69.0,86.0,17.0
2013,6,18,UA,MIA,83.0,79.0,-4.0
2013,6,18,EV,IAD,80.0,86.0,6.0
2013,6,18,DL,ATL,5.0,74.0,69.0
2013,6,18,US,PHX,25.0,74.0,49.0
2013,6,18,MQ,ORD,55.0,74.0,19.0
2013,6,18,FL,ATL,21.0,62.0,41.0
2013,6,18,DL,FLL,-2.0,69.0,71.0
2013,6,18,9E,CLT,-3.0,97.0,100.0
2013,6,18,MQ,RDU,6.0,113.0,107.0
2013,6,18,DL,PBI,44.0,78.0,34.0
2013,6,18,EV,MSN,56.0,63.0,7.0
2013,6,18,AA,ORD,137.0,133.0,-4.0
2013,6,18,MQ,ATL,71.0,80.0,9.0
2013,6,18,AA,SJU,46.0,84.0,38.0
2013,6,18,9E,DFW,46.0,70.0,24.0
2013,6,18,AA,DFW,63.0,74.0,11.0
2013,6,18,EV,RIC,170.0,180.0,10.0
2013,6,18,US,CLT,50.0,72.0,22.0
2013,6,18,B6,MCO,54.0,125.0,71.0
2013,6,18,MQ,IND,22.0,64.0,42.0
2013,6,18,UA,SFO,14.0,65.0,51.0
2013,6,18,DL,LAS,36.0,72.0,36.0
2013,6,18,UA,IAH,305.0,338.0,33.0
2013,6,18,AA,SFO,34.0,82.0,48.0
2013,6,18,DL,BOS,72.0,146.0,74.0
2013,6,18,B6,SRQ,160.0,210.0,50.0
2013,6,18,WN,MDW,154.0,165.0,11.0
2013,6,18,MQ,BNA,35.0,61.0,26.0
2013,6,18,MQ,CLT,53.0,130.0,77.0
2013,6,18,DL,MCO,63.0,71.0,8.0
2013,6,18,B6,FLL,89.0,97.0,8.0
2013,6,18,DL,DTW,94.0,113.0,19.0
2013,6,18,UA,DEN,92.0,80.0,-12.0
2013,6,18,EV,CHS,105.0,130.0,25.0
2013,6,18,EV,PIT,37.0,61.0,24.0
2013,6,18,EV,MKE,45.0,129.0,84.0
2013,6,18,DL,ATL,164.0,174.0,10.0
2013,6,18,EV,RDU,41.0,62.0,21.0
2013,6,18,B6,BUF,53.0,66.0,13.0
2013,6,18,DL,BOS,28.0,79.0,51.0
2013,6,18,VX,SFO,24.0,61.0,37.0
2013,6,18,WN,DEN,74.0,93.0,19.0
2013,6,18,UA,MCO,71.0,81.0,10.0
2013,6,18,9E,MSP,75.0,66.0,-9.0
2013,6,18,DL,ATL,135.0,137.0,2.0
2013,6,18,US,DCA,77.0,73.0,-4.0
2013,6,18,B6,TPA,57.0,71.0,14.0
2013,6,18,WN,HOU,16.0,61.0,45.0
2013,6,18,US,CLT,157.0,194.0,37.0
2013,6,18,UA,LAX,7.0,72.0,65.0
2013,6,18,WN,STL,103.0,116.0,13.0
2013,6,18,9E,ORD,110.0,106.0,-4.0
2013,6,18,UA,ORD,58.0,93.0,35.0
2013,6,18,MQ,RDU,130.0,215.0,85.0
2013,6,18,DL,ATL,83.0,88.0,5.0
2013,6,18,EV,CHS,169.0,164.0,-5.0
2013,6,18,DL,AUS,106.0,88.0,-18.0
2013,6,18,DL,PDX,116.0,105.0,-11.0
2013,6,18,MQ,BNA,78.0,76.0,-2.0
2013,6,18,AA,TPA,185.0,190.0,5.0
2013,6,18,US,DCA,62.0,90.0,28.0
2013,6,18,EV,BNA,122.0,101.0,-21.0
2013,6,18,MQ,ATL,119.0,135.0,16.0
2013,6,18,MQ,RDU,24.0,89.0,65.0
2013,6,18,DL,MSP,114.0,107.0,-7.0
2013,6,18,B6,SJU,78.0,66.0,-12.0
2013,6,18,US,CLT,74.0,125.0,51.0
2013,6,18,DL,ATL,93.0,87.0,-6.0
2013,6,18,VX,LAX,103.0,124.0,21.0
2013,6,18,EV,CVG,79.0,82.0,3.0
2013,6,18,EV,IAD,242.0,248.0,6.0
2013,6,18,EV,DTW,72.0,72.0,0.0
2013,6,18,UA,LAS,77.0,74.0,-3.0
2013,6,18,EV,CHS,105.0,125.0,20.0
2013,6,18,DL,MCO,174.0,143.0,-31.0
2013,6,18,EV,MEM,262.0,275.0,13.0
2013,6,18,DL,SLC,86.0,74.0,-12.0
2013,6,18,UA,IAH,96.0,108.0,12.0
2013,6,18,9E,PHL,140.0,138.0,-2.0
2013,6,18,AA,DFW,193.0,181.0,-12.0
2013,6,18,B6,BUR,93.0,86.0,-7.0
2013,6,18,UA,BOS,68.0,72.0,4.0
2013,6,18,AA,DFW,128.0,122.0,-6.0
2013,6,18,B6,PBI,179.0,205.0,26.0
2013,6,18,B6,BOS,146.0,121.0,-25.0
2013,6,18,DL,TPA,221.0,195.0,-26.0
2013,6,18,EV,ATL,374.0,366.0,-8.0
2013,6,18,UA,SEA,207.0,192.0,-15.0
2013,6,18,DL,DEN,99.0,103.0,4.0
2013,6,18,DL,DTW,124.0,105.0,-19.0
2013,6,18,DL,ATL,85.0,77.0,-8.0
2013,6,18,US,CLT,229.0,239.0,10.0
2013,6,18,EV,SAV,197.0,190.0,-7.0
2013,6,18,FL,ATL,118.0,116.0,-2.0
2013,6,18,DL,ATL,89.0,70.0,-19.0
2013,6,18,B6,MCO,96.0,93.0,-3.0
2013,6,18,EV,CLT,281.0,263.0,-18.0
2013,6,18,US,PHX,163.0,177.0,14.0
2013,6,18,UA,MIA,84.0,83.0,-1.0
2013,6,18,DL,MCO,101.0,79.0,-22.0
2013,6,18,EV,ROC,194.0,163.0,-31.0
2013,6,18,AA,MIA,296.0,279.0,-17.0
2013,6,18,UA,SNA,99.0,67.0,-32.0
2013,6,18,EV,MSP,141.0,124.0,-17.0
2013,6,18,DL,MIA,42.0,66.0,24.0
2013,6,18,US,BOS,70.0,90.0,20.0
2013,6,18,UA,PBI,74.0,90.0,16.0
2013,6,18,FL,ATL,75.0,80.0,5.0
2013,6,18,B6,FLL,90.0,73.0,-17.0
2013,6,18,US,PHX,229.0,206.0,-23.0
2013,6,18,EV,BUF,178.0,150.0,-28.0
2013,6,18,VX,LAX,84.0,79.0,-5.0
2013,6,18,YV,CLT,165.0,159.0,-6.0
2013,6,18,AA,MIA,196.0,194.0,-2.0
2013,6,18,B6,MCO,160.0,151.0,-9.0
2013,6,18,9E,MCI,190.0,185.0,-5.0
2013,6,18,DL,ATL,282.0,272.0,-10.0
2013,6,18,B6,SLC,81.0,73.0,-8.0
2013,6,18,DL,DEN,93.0,71.0,-22.0
2013,6,18,WN,STL,179.0,169.0,-10.0
2013,6,18,EV,BNA,95.0,90.0,-5.0
2013,6,18,UA,LAX,131.0,153.0,22.0
2013,6,18,9E,DAY,103.0,95.0,-8.0
2013,6,18,WN,MDW,162.0,160.0,-2.0
2013,6,18,UA,SFO,128.0,140.0,12.0
2013,6,18,UA,SFO,68.0,75.0,7.0
2013,6,18,9E,BWI,50.0,72.0,22.0
2013,6,18,EV,MCI,106.0,114.0,8.0
2013,6,18,AA,STL,152.0,147.0,-5.0
2013,6,18,MQ,CLE,150.0,160.0,10.0
2013,6,18,WN,BNA,171.0,155.0,-16.0
2013,6,18,WN,MSY,157.0,140.0,-17.0
2013,6,18,AA,DFW,116.0,115.0,-1.0
2013,6,18,EV,RIC,133.0,126.0,-7.0
2013,6,18,AA,ORD,114.0,92.0,-22.0
2013,6,18,B6,IAD,225.0,205.0,-20.0
2013,6,18,MQ,CMH,103.0,86.0,-17.0
2013,6,18,EV,CLT,123.0,104.0,-19.0
2013,6,18,AA,ORD,154.0,125.0,-29.0
2013,6,18,DL,PIT,81.0,66.0,-15.0
2013,6,18,B6,BUF,166.0,217.0,51.0
2013,6,18,UA,MCO,375.0,383.0,8.0
2013,6,18,US,DCA,88.0,96.0,8.0
2013,6,18,UA,SEA,90.0,60.0,-30.0
2013,6,18,US,CLT,157.0,158.0,1.0
2013,6,18,EV,MKE,187.0,210.0,23.0
2013,6,18,EV,ATL,109.0,107.0,-2.0
2013,6,18,B6,PWM,281.0,252.0,-29.0
2013,6,18,DL,ATL,343.0,323.0,-20.0
2013,6,18,B6,RDU,255.0,258.0,3.0
2013,6,18,UA,LAX,150.0,159.0,9.0
2013,6,18,DL,SAT,159.0,134.0,-25.0
2013,6,18,UA,SEA,206.0,179.0,-27.0
2013,6,18,UA,LAS,151.0,183.0,32.0
2013,6,18,WN,MDW,81.0,64.0,-17.0
2013,6,18,EV,OKC,112.0,120.0,8.0
2013,6,18,9E,TYS,83.0,72.0,-11.0
2013,6,18,EV,CVG,94.0,111.0,17.0
2013,6,18,B6,ORD,89.0,68.0,-21.0
2013,6,18,B6,BOS,112.0,89.0,-23.0
2013,6,18,VX,LAX,127.0,133.0,6.0
2013,6,18,EV,JAX,99.0,110.0,11.0
2013,6,18,EV,SDF,79.0,82.0,3.0
2013,6,18,9E,CVG,90.0,88.0,-2.0
2013,6,18,UA,DEN,75.0,79.0,4.0
2013,6,18,US,DCA,80.0,64.0,-16.0
2013,6,18,EV,RIC,85.0,85.0,0.0
2013,6,18,UA,MIA,135.0,162.0,27.0
2013,6,18,9E,IND,243.0,230.0,-13.0
2013,6,18,EV,DSM,154.0,148.0,-6.0
2013,6,18,EV,OMA,104.0,99.0,-5.0
2013,6,18,EV,TYS,172.0,170.0,-2.0
2013,6,18,US,CLT,250.0,235.0,-15.0
2013,6,18,B6,FLL,187.0,200.0,13.0
2013,6,18,DL,MCO,193.0,185.0,-8.0
2013,6,18,EV,CLT,195.0,190.0,-5.0
2013,6,18,DL,ATL,345.0,344.0,-1.0
2013,6,18,FL,CAK,144.0,135.0,-9.0
2013,6,18,DL,ATL,242.0,223.0,-19.0
2013,6,18,MQ,ORD,122.0,103.0,-19.0
2013,6,18,B6,AUS,160.0,144.0,-16.0
2013,6,18,EV,DCA,113.0,100.0,-13.0
2013,6,18,B6,JAX,115.0,104.0,-11.0
2013,6,18,B6,MCO,180.0,176.0,-4.0
2013,6,18,UA,BOS,143.0,117.0,-26.0
2013,6,18,AA,DFW,246.0,236.0,-10.0
2013,6,18,EV,STL,151.0,148.0,-3.0
2013,6,18,B6,MCO,255.0,226.0,-29.0
2013,6,18,UA,SFO,195.0,178.0,-17.0
2013,6,18,DL,ATL,327.0,301.0,-26.0
2013,6,18,EV,MHT,138.0,117.0,-21.0
2013,6,18,DL,ATL,238.0,221.0,-17.0
2013,6,19,FL,ATL,73.0,86.0,13.0
2013,6,19,AA,LAS,84.0,83.0,-1.0
2013,6,19,AA,ORD,65.0,61.0,-4.0
2013,6,19,US,CLT,104.0,117.0,13.0
2013,6,19,DL,ATL,18.0,61.0,43.0
2013,6,19,MQ,DTW,70.0,92.0,22.0
2013,6,19,MQ,ORD,40.0,86.0,46.0
2013,6,19,US,DCA,62.0,99.0,37.0
2013,6,19,DL,ATL,4.0,64.0,60.0
2013,6,19,AA,SFO,97.0,107.0,10.0
2013,6,19,MQ,MSP,58.0,90.0,32.0
2013,6,19,DL,LAX,70.0,71.0,1.0
2013,6,19,EV,DTW,137.0,125.0,-12.0
2013,6,19,MQ,ATL,77.0,117.0,40.0
2013,6,19,B6,RSW,7.0,61.0,54.0
2013,6,19,DL,ATL,30.0,71.0,41.0
2013,6,19,UA,MIA,55.0,60.0,5.0
2013,6,19,US,DCA,57.0,80.0,23.0
2013,6,19,UA,MCO,72.0,69.0,-3.0
2013,6,19,9E,PHL,268.0,283.0,15.0
2013,6,19,VX,LAX,82.0,66.0,-16.0
2013,6,19,B6,FLL,27.0,63.0,36.0
2013,6,19,B6,MCO,13.0,60.0,47.0
2013,6,19,FL,ATL,62.0,74.0,12.0
2013,6,19,MQ,ATL,69.0,69.0,0.0
2013,6,19,UA,DFW,128.0,130.0,2.0
2013,6,19,US,DCA,73.0,75.0,2.0
2013,6,19,9E,BWI,119.0,117.0,-2.0
2013,6,19,UA,SFO,62.0,76.0,14.0
2013,6,19,AA,STL,137.0,140.0,3.0
2013,6,19,US,DCA,66.0,65.0,-1.0
2013,6,19,DL,SFO,133.0,127.0,-6.0
2013,6,19,WN,STL,54.0,63.0,9.0
2013,6,19,EV,IAD,253.0,248.0,-5.0
2013,6,19,EV,MEM,152.0,134.0,-18.0
2013,6,19,MQ,RDU,94.0,106.0,12.0
2013,6,19,UA,BOS,81.0,78.0,-3.0
2013,6,19,WN,MSY,97.0,76.0,-21.0
2013,6,19,MQ,MSP,74.0,75.0,1.0
2013,6,19,US,DCA,81.0,78.0,-3.0
2013,6,19,DL,SEA,81.0,61.0,-20.0
2013,6,19,MQ,CMH,76.0,72.0,-4.0
2013,6,19,UA,LAX,162.0,168.0,6.0
2013,6,19,UA,MIA,99.0,106.0,7.0
2013,6,19,EV,RIC,88.0,69.0,-19.0
2013,6,19,UA,IAH,167.0,138.0,-29.0
2013,6,19,9E,DCA,102.0,68.0,-34.0
2013,6,19,UA,DEN,101.0,77.0,-24.0
2013,6,19,DL,PHX,277.0,249.0,-28.0
2013,6,20,B6,MCO,156.0,130.0,-26.0
2013,6,20,MQ,ORD,82.0,89.0,7.0
2013,6,20,DL,SEA,85.0,68.0,-17.0
2013,6,20,UA,FLL,73.0,82.0,9.0
2013,6,20,UA,LAX,83.0,62.0,-21.0
2013,6,20,AA,MIA,73.0,62.0,-11.0
2013,6,20,WN,STL,80.0,83.0,3.0
2013,6,20,WN,MSY,97.0,69.0,-28.0
2013,6,20,9E,DTW,120.0,86.0,-34.0
2013,6,20,EV,BHM,91.0,67.0,-24.0
2013,6,20,B6,SMF,110.0,109.0,-1.0
2013,6,20,B6,AUS,81.0,98.0,17.0
2013,6,20,DL,ATL,149.0,127.0,-22.0
2013,6,20,EV,DAY,135.0,111.0,-24.0
2013,6,20,DL,SJU,135.0,88.0,-47.0
2013,6,21,UA,DEN,192.0,155.0,-37.0
2013,6,21,EV,BUF,84.0,77.0,-7.0
2013,6,21,EV,DCA,90.0,83.0,-7.0
2013,6,21,B6,SAN,86.0,70.0,-16.0
2013,6,21,B6,ROC,71.0,71.0,0.0
2013,6,21,B6,TPA,60.0,61.0,1.0
2013,6,21,UA,ORD,-5.0,72.0,77.0
2013,6,21,UA,IAH,224.0,195.0,-29.0
2013,6,21,WN,DEN,89.0,70.0,-19.0
2013,6,21,AA,ORD,27.0,60.0,33.0
2013,6,21,UA,MCO,3.0,71.0,68.0
2013,6,21,US,CLT,123.0,125.0,2.0
2013,6,21,DL,ATL,217.0,205.0,-12.0
2013,6,21,MQ,ORD,127.0,131.0,4.0
2013,6,21,UA,ORD,83.0,104.0,21.0
2013,6,21,UA,TPA,79.0,96.0,17.0
2013,6,21,B6,FLL,192.0,193.0,1.0
2013,6,21,WN,STL,75.0,60.0,-15.0
2013,6,21,B6,ORD,82.0,81.0,-1.0
2013,6,21,UA,SFO,78.0,74.0,-4.0
2013,6,21,YV,IAD,94.0,81.0,-13.0
2013,6,21,9E,MKE,130.0,97.0,-33.0
2013,6,21,WN,HOU,85.0,73.0,-12.0
2013,6,21,UA,LAX,77.0,68.0,-9.0
2013,6,21,WN,HOU,375.0,367.0,-8.0
2013,6,21,AA,SAN,74.0,68.0,-6.0
2013,6,21,UA,ORD,110.0,84.0,-26.0
2013,6,21,UA,IAH,109.0,89.0,-20.0
2013,6,21,AA,ORD,110.0,63.0,-47.0
2013,6,21,DL,MSP,66.0,82.0,16.0
2013,6,21,AA,MIA,140.0,135.0,-5.0
2013,6,21,9E,DTW,102.0,88.0,-14.0
2013,6,21,EV,CVG,164.0,149.0,-15.0
2013,6,21,EV,RIC,68.0,65.0,-3.0
2013,6,21,9E,DTW,260.0,231.0,-29.0
2013,6,21,UA,LAX,100.0,94.0,-6.0
2013,6,21,EV,CLT,90.0,72.0,-18.0
2013,6,21,9E,BOS,102.0,73.0,-29.0
2013,6,21,AA,ORD,156.0,121.0,-35.0
2013,6,21,9E,MSY,120.0,76.0,-44.0
2013,6,21,DL,MCO,212.0,168.0,-44.0
2013,6,21,UA,IAH,137.0,96.0,-41.0
2013,6,21,EV,TUL,111.0,84.0,-27.0
2013,6,21,EV,BNA,202.0,173.0,-29.0
2013,6,21,EV,SDF,96.0,65.0,-31.0
2013,6,21,UA,SFO,238.0,191.0,-47.0
2013,6,21,MQ,ORD,114.0,92.0,-22.0
2013,6,21,B6,MCO,82.0,62.0,-20.0
2013,6,21,UA,IAH,112.0,89.0,-23.0
2013,6,21,EV,CVG,201.0,175.0,-26.0
2013,6,21,B6,LAX,60.0,60.0,0.0
2013,6,22,B6,SFO,306.0,253.0,-53.0
2013,6,22,B6,PSE,121.0,105.0,-16.0
2013,6,22,EV,MHT,84.0,68.0,-16.0
2013,6,22,EV,AVL,80.0,74.0,-6.0
2013,6,22,DL,LAS,98.0,88.0,-10.0
2013,6,22,MQ,ORD,157.0,144.0,-13.0
2013,6,22,B6,BOS,66.0,61.0,-5.0
2013,6,22,UA,DEN,167.0,125.0,-42.0
2013,6,22,EV,BTV,75.0,76.0,1.0
2013,6,22,B6,RSW,140.0,144.0,4.0
2013,6,22,B6,SYR,62.0,60.0,-2.0
2013,6,22,EV,DAY,100.0,97.0,-3.0
2013,6,22,B6,IAD,138.0,124.0,-14.0
2013,6,22,DL,DTW,-2.0,62.0,64.0
2013,6,22,DL,MCO,77.0,68.0,-9.0
2013,6,22,B6,MVY,115.0,110.0,-5.0
2013,6,22,9E,DTW,-2.0,76.0,78.0
2013,6,22,UA,DEN,75.0,71.0,-4.0
2013,6,22,DL,DTW,90.0,96.0,6.0
2013,6,22,OO,DTW,131.0,157.0,26.0
2013,6,22,UA,IAH,102.0,94.0,-8.0
2013,6,22,UA,SFO,214.0,238.0,24.0
2013,6,22,9E,MSP,89.0,73.0,-16.0
2013,6,22,9E,DTW,123.0,83.0,-40.0
2013,6,22,UA,LAX,152.0,115.0,-37.0
2013,6,22,EV,TYS,90.0,68.0,-22.0
2013,6,22,US,CLT,276.0,248.0,-28.0
2013,6,22,9E,CVG,106.0,85.0,-21.0
2013,6,22,B6,LAX,111.0,87.0,-24.0
2013,6,22,B6,LAS,112.0,81.0,-31.0
2013,6,23,B6,SJU,96.0,80.0,-16.0
2013,6,23,UA,PBI,170.0,141.0,-29.0
2013,6,23,B6,SJU,11.0,77.0,66.0
2013,6,23,VX,LAX,91.0,93.0,2.0
2013,6,23,AA,SFO,69.0,70.0,1.0
2013,6,23,UA,SFO,101.0,100.0,-1.0
2013,6,23,VX,SFO,85.0,92.0,7.0
2013,6,23,VX,SFO,103.0,99.0,-4.0
2013,6,23,UA,SFO,57.0,64.0,7.0
2013,6,23,EV,IAD,166.0,167.0,1.0
2013,6,23,F9,DEN,96.0,128.0,32.0
2013,6,23,DL,FLL,65.0,81.0,16.0
2013,6,23,9E,BUF,95.0,78.0,-17.0
2013,6,23,EV,IAD,96.0,78.0,-18.0
2013,6,23,B6,BUF,138.0,145.0,7.0
2013,6,23,EV,MEM,16.0,64.0,48.0
2013,6,23,UA,ORD,17.0,101.0,84.0
2013,6,23,DL,FLL,92.0,72.0,-20.0
2013,6,23,US,DCA,141.0,148.0,7.0
2013,6,23,UA,ORD,59.0,93.0,34.0
2013,6,23,WN,MDW,81.0,108.0,27.0
2013,6,23,UA,DEN,54.0,81.0,27.0
2013,6,23,UA,ORD,15.0,74.0,59.0
2013,6,23,EV,MKE,-11.0,77.0,88.0
2013,6,23,MQ,DCA,69.0,77.0,8.0
2013,6,23,DL,SFO,151.0,162.0,11.0
2013,6,23,AA,ORD,87.0,113.0,26.0
2013,6,23,B6,RSW,182.0,183.0,1.0
2013,6,23,DL,DTW,5.0,70.0,65.0
2013,6,23,B6,SJU,100.0,92.0,-8.0
2013,6,23,AA,ORD,106.0,87.0,-19.0
2013,6,23,B6,SJC,0.0,84.0,84.0
2013,6,23,DL,SEA,-1.0,62.0,63.0
2013,6,23,UA,SFO,39.0,97.0,58.0
2013,6,23,DL,PDX,1.0,61.0,60.0
2013,6,23,FL,ATL,90.0,106.0,16.0
2013,6,23,UA,SFO,207.0,269.0,62.0
2013,6,23,DL,SEA,94.0,132.0,38.0
2013,6,23,MQ,ORD,51.0,70.0,19.0
2013,6,23,DL,SAT,16.0,99.0,83.0
2013,6,23,EV,CAE,55.0,103.0,48.0
2013,6,23,B6,SMF,0.0,62.0,62.0
2013,6,23,AA,SFO,252.0,297.0,45.0
2013,6,23,AA,ORD,62.0,67.0,5.0
2013,6,23,DL,TPA,0.0,69.0,69.0
2013,6,23,VX,SFO,214.0,287.0,73.0
2013,6,23,AA,ORD,45.0,63.0,18.0
2013,6,23,B6,SLC,36.0,105.0,69.0
2013,6,23,UA,MIA,67.0,118.0,51.0
2013,6,23,B6,ABQ,0.0,67.0,67.0
2013,6,23,DL,ATL,126.0,187.0,61.0
2013,6,23,UA,SFO,105.0,171.0,66.0
2013,6,23,B6,SFO,135.0,164.0,29.0
2013,6,23,B6,ROC,-9.0,66.0,75.0
2013,6,23,B6,LAS,77.0,122.0,45.0
2013,6,23,DL,SFO,77.0,70.0,-7.0
2013,6,23,DL,FLL,50.0,123.0,73.0
2013,6,23,9E,PHL,-5.0,74.0,79.0
2013,6,23,UA,LAX,2.0,69.0,67.0
2013,6,23,B6,BOS,31.0,82.0,51.0
2013,6,23,9E,ORD,87.0,108.0,21.0
2013,6,23,9E,JAX,59.0,115.0,56.0
2013,6,23,VX,LAX,36.0,116.0,80.0
2013,6,23,9E,MSY,68.0,107.0,39.0
2013,6,23,AA,SFO,163.0,209.0,46.0
2013,6,23,DL,ATL,70.0,122.0,52.0
2013,6,23,B6,PHX,13.0,73.0,60.0
2013,6,23,EV,CLE,48.0,70.0,22.0
2013,6,23,B6,LAX,-1.0,60.0,61.0
2013,6,23,AA,LAX,96.0,111.0,15.0
2013,6,23,US,DCA,68.0,84.0,16.0
2013,6,23,DL,TPA,101.0,92.0,-9.0
2013,6,23,UA,ORD,150.0,121.0,-29.0
2013,6,23,DL,SFO,245.0,264.0,19.0
2013,6,23,B6,FLL,175.0,226.0,51.0
2013,6,23,EV,DAY,59.0,70.0,11.0
2013,6,23,B6,AUS,87.0,96.0,9.0
2013,6,23,MQ,CMH,140.0,140.0,0.0
2013,6,23,UA,FLL,84.0,93.0,9.0
2013,6,23,9E,IND,209.0,196.0,-13.0
2013,6,23,B6,FLL,32.0,66.0,34.0
2013,6,23,WN,MDW,102.0,82.0,-20.0
2013,6,23,VX,SFO,295.0,264.0,-31.0
2013,6,23,DL,LAS,191.0,155.0,-36.0
2013,6,23,B6,ORD,171.0,153.0,-18.0
2013,6,23,UA,IAH,94.0,74.0,-20.0
2013,6,23,DL,LAS,112.0,74.0,-38.0
2013,6,23,B6,DEN,109.0,101.0,-8.0
2013,6,23,VX,SFO,263.0,267.0,4.0
2013,6,23,B6,TPA,119.0,105.0,-14.0
2013,6,24,AA,ORD,251.0,215.0,-36.0
2013,6,24,B6,MCO,136.0,117.0,-19.0
2013,6,24,AA,ORD,184.0,165.0,-19.0
2013,6,24,EV,CLT,162.0,143.0,-19.0
2013,6,24,DL,BOS,140.0,125.0,-15.0
2013,6,24,B6,MCO,189.0,175.0,-14.0
2013,6,24,VX,SFO,325.0,314.0,-11.0
2013,6,24,B6,PDX,211.0,183.0,-28.0
2013,6,24,UA,BOS,209.0,189.0,-20.0
2013,6,24,B6,FLL,181.0,187.0,6.0
2013,6,24,B6,MSY,200.0,171.0,-29.0
2013,6,24,B6,JAX,198.0,180.0,-18.0
2013,6,24,B6,LAS,204.0,188.0,-16.0
2013,6,24,B6,DEN,222.0,187.0,-35.0
2013,6,24,B6,PWM,150.0,133.0,-17.0
2013,6,24,EV,MHT,227.0,202.0,-25.0
2013,6,24,B6,PSE,80.0,67.0,-13.0
2013,6,24,B6,TPA,222.0,206.0,-16.0
2013,6,24,DL,SEA,504.0,444.0,-60.0
2013,6,24,EV,PIT,86.0,96.0,10.0
2013,6,24,B6,MCO,82.0,98.0,16.0
2013,6,24,VX,SFO,87.0,97.0,10.0
2013,6,24,DL,ATL,138.0,137.0,-1.0
2013,6,24,EV,XNA,84.0,71.0,-13.0
2013,6,24,B6,ACK,100.0,122.0,22.0
2013,6,24,UA,SFO,21.0,66.0,45.0
2013,6,24,EV,ORF,81.0,78.0,-3.0
2013,6,24,VX,LAX,61.0,69.0,8.0
2013,6,24,UA,ORD,106.0,71.0,-35.0
2013,6,24,UA,SFO,66.0,79.0,13.0
2013,6,24,B6,FLL,44.0,66.0,22.0
2013,6,24,UA,LAX,63.0,84.0,21.0
2013,6,24,UA,TPA,75.0,67.0,-8.0
2013,6,24,UA,SFO,67.0,74.0,7.0
2013,6,24,UA,SFO,11.0,67.0,56.0
2013,6,24,VX,SFO,89.0,102.0,13.0
2013,6,24,UA,SFO,15.0,71.0,56.0
2013,6,24,UA,ORD,147.0,117.0,-30.0
2013,6,24,AA,SFO,133.0,156.0,23.0
2013,6,24,DL,BOS,72.0,110.0,38.0
2013,6,24,B6,PWM,120.0,161.0,41.0
2013,6,24,B6,ROC,0.0,102.0,102.0
2013,6,24,EV,JAX,60.0,61.0,1.0
2013,6,24,WN,DEN,78.0,92.0,14.0
2013,6,24,MQ,DTW,52.0,106.0,54.0
2013,6,24,UA,HNL,44.0,99.0,55.0
2013,6,24,UA,PBI,58.0,68.0,10.0
2013,6,24,EV,MEM,-3.0,73.0,76.0
2013,6,24,EV,ATL,89.0,107.0,18.0
2013,6,24,EV,CVG,38.0,106.0,68.0
2013,6,24,US,CLT,-5.0,65.0,70.0
2013,6,24,UA,SFO,19.0,106.0,87.0
2013,6,24,VX,SFO,263.0,333.0,70.0
2013,6,24,UA,LAX,96.0,182.0,86.0
2013,6,24,B6,BUF,41.0,84.0,43.0
2013,6,24,US,CLT,-4.0,90.0,94.0
2013,6,24,WN,MKE,122.0,178.0,56.0
2013,6,24,DL,FLL,22.0,61.0,39.0
2013,6,24,EV,CLT,1.0,129.0,128.0
2013,6,24,AA,MIA,13.0,64.0,51.0
2013,6,24,UA,AUS,-5.0,85.0,90.0
2013,6,24,B6,LGB,92.0,123.0,31.0
2013,6,24,UA,LAS,16.0,118.0,102.0
2013,6,24,US,DCA,14.0,135.0,121.0
2013,6,24,B6,PBI,120.0,150.0,30.0
2013,6,24,UA,RSW,22.0,69.0,47.0
2013,6,24,DL,ATL,79.0,103.0,24.0
2013,6,24,B6,TPA,50.0,65.0,15.0
2013,6,24,AA,ORD,3.0,141.0,138.0
2013,6,24,UA,IAH,-3.0,73.0,76.0
2013,6,24,UA,DEN,28.0,86.0,58.0
2013,6,24,DL,ATL,2.0,68.0,66.0
2013,6,24,B6,RSW,25.0,136.0,111.0
2013,6,24,MQ,CLE,62.0,131.0,69.0
2013,6,24,B6,JAX,73.0,170.0,97.0
2013,6,24,DL,PBI,79.0,155.0,76.0
2013,6,24,B6,FLL,67.0,143.0,76.0
2013,6,24,DL,AUS,-3.0,138.0,141.0
2013,6,24,MQ,DCA,53.0,167.0,114.0
2013,6,24,DL,DTW,72.0,96.0,24.0
2013,6,24,DL,MCO,68.0,114.0,46.0
2013,6,24,EV,SDF,43.0,143.0,100.0
2013,6,24,EV,MSY,40.0,136.0,96.0
2013,6,24,DL,MIA,55.0,63.0,8.0
2013,6,24,UA,SFO,23.0,89.0,66.0
2013,6,24,B6,PBI,42.0,73.0,31.0
2013,6,24,DL,TPA,74.0,104.0,30.0
2013,6,24,AA,LAX,63.0,91.0,28.0
2013,6,24,UA,CLE,59.0,136.0,77.0
2013,6,24,UA,MCO,101.0,155.0,54.0
2013,6,24,B6,SAN,27.0,104.0,77.0
2013,6,24,DL,SAN,-7.0,62.0,69.0
2013,6,24,DL,ATL,59.0,165.0,106.0
2013,6,24,DL,MSY,75.0,123.0,48.0
2013,6,24,9E,CVG,4.0,72.0,68.0
2013,6,24,WN,MDW,94.0,181.0,87.0
2013,6,24,EV,MKE,71.0,97.0,26.0
2013,6,24,EV,GSP,125.0,263.0,138.0
2013,6,24,UA,MCO,72.0,81.0,9.0
2013,6,24,UA,SFO,12.0,76.0,64.0
2013,6,24,EV,DTW,125.0,214.0,89.0
2013,6,24,DL,SRQ,378.0,474.0,96.0
2013,6,24,9E,CLT,150.0,209.0,59.0
2013,6,24,DL,SFO,84.0,107.0,23.0
2013,6,24,DL,SLC,-1.0,118.0,119.0
2013,6,24,DL,ATL,28.0,141.0,113.0
2013,6,24,MQ,CMH,102.0,148.0,46.0
2013,6,24,B6,LAX,59.0,72.0,13.0
2013,6,24,EV,IAD,176.0,243.0,67.0
2013,6,24,UA,SAT,38.0,75.0,37.0
2013,6,24,WN,MDW,52.0,171.0,119.0
2013,6,24,9E,IAD,168.0,208.0,40.0
2013,6,24,EV,JAX,146.0,166.0,20.0
2013,6,24,B6,BOS,63.0,67.0,4.0
2013,6,24,EV,ORF,136.0,214.0,78.0
2013,6,24,MQ,CLT,137.0,239.0,102.0
2013,6,24,UA,LAX,16.0,71.0,55.0
2013,6,24,EV,IAD,207.0,254.0,47.0
2013,6,24,9E,PHL,171.0,273.0,102.0
2013,6,24,WN,STL,11.0,72.0,61.0
2013,6,24,AA,MIA,87.0,76.0,-11.0
2013,6,24,UA,SFO,128.0,167.0,39.0
2013,6,24,B6,ORD,116.0,214.0,98.0
2013,6,24,UA,FLL,189.0,221.0,32.0
2013,6,24,DL,MSP,204.0,273.0,69.0
2013,6,24,B6,MCO,60.0,75.0,15.0
2013,6,24,AA,DFW,77.0,97.0,20.0
2013,6,24,WN,MDW,13.0,94.0,81.0
2013,6,24,US,CLT,45.0,136.0,91.0
2013,6,24,EV,MEM,113.0,125.0,12.0
2013,6,24,9E,BWI,232.0,275.0,43.0
2013,6,24,UA,BOS,127.0,199.0,72.0
2013,6,24,UA,IAH,269.0,302.0,33.0
2013,6,24,B6,MCO,265.0,273.0,8.0
2013,6,24,US,CLT,176.0,230.0,54.0
2013,6,24,WN,STL,161.0,150.0,-11.0
2013,6,24,UA,SAN,70.0,114.0,44.0
2013,6,24,DL,PDX,160.0,144.0,-16.0
2013,6,24,AA,ORD,95.0,76.0,-19.0
2013,6,24,EV,IAD,226.0,244.0,18.0
2013,6,24,B6,PBI,134.0,138.0,4.0
2013,6,24,DL,MEM,113.0,116.0,3.0
2013,6,24,UA,LAX,136.0,221.0,85.0
2013,6,24,US,PHX,111.0,134.0,23.0
2013,6,24,YV,IAD,153.0,183.0,30.0
2013,6,24,DL,DTW,90.0,103.0,13.0
2013,6,24,AA,SAN,76.0,97.0,21.0
2013,6,24,DL,MCO,52.0,100.0,48.0
2013,6,24,MQ,CMH,61.0,75.0,14.0
2013,6,24,DL,PWM,86.0,147.0,61.0
2013,6,24,EV,IAD,367.0,370.0,3.0
2013,6,24,9E,PHL,143.0,226.0,83.0
2013,6,24,9E,DFW,247.0,228.0,-19.0
2013,6,24,EV,MSP,219.0,235.0,16.0
2013,6,24,B6,SJU,131.0,127.0,-4.0
2013,6,24,EV,BNA,230.0,242.0,12.0
2013,6,24,UA,LAX,239.0,244.0,5.0
2013,6,24,B6,TPA,188.0,187.0,-1.0
2013,6,24,UA,DEN,122.0,94.0,-28.0
2013,6,24,MQ,XNA,97.0,91.0,-6.0
2013,6,24,UA,BOS,12.0,101.0,89.0
2013,6,24,DL,ATL,89.0,92.0,3.0
2013,6,24,UA,IAH,152.0,160.0,8.0
2013,6,24,AA,LAX,146.0,142.0,-4.0
2013,6,24,UA,CLE,232.0,238.0,6.0
2013,6,24,US,DCA,217.0,238.0,21.0
2013,6,24,DL,MCO,351.0,389.0,38.0
2013,6,24,AA,IAH,126.0,118.0,-8.0
2013,6,24,WN,BNA,86.0,91.0,5.0
2013,6,24,UA,LAS,137.0,167.0,30.0
2013,6,24,US,DCA,163.0,188.0,25.0
2013,6,24,UA,DEN,82.0,87.0,5.0
2013,6,24,DL,MIA,85.0,77.0,-8.0
2013,6,24,DL,ATL,289.0,265.0,-24.0
2013,6,24,EV,RIC,177.0,169.0,-8.0
2013,6,24,UA,IAH,149.0,149.0,0.0
2013,6,24,DL,ATL,52.0,74.0,22.0
2013,6,24,MQ,CVG,232.0,238.0,6.0
2013,6,24,AA,ORD,168.0,140.0,-28.0
2013,6,24,MQ,BNA,193.0,203.0,10.0
2013,6,24,B6,SEA,152.0,134.0,-18.0
2013,6,24,B6,BUR,132.0,132.0,0.0
2013,6,24,US,CLT,78.0,81.0,3.0
2013,6,24,DL,LAX,283.0,259.0,-24.0
2013,6,24,B6,OAK,187.0,202.0,15.0
2013,6,24,UA,ORD,216.0,199.0,-17.0
2013,6,24,UA,SFO,172.0,172.0,0.0
2013,6,24,AA,SFO,292.0,316.0,24.0
2013,6,24,EV,CVG,184.0,184.0,0.0
2013,6,24,EV,RDU,256.0,253.0,-3.0
2013,6,24,UA,SFO,111.0,116.0,5.0
2013,6,24,AA,STL,121.0,112.0,-9.0
2013,6,24,VX,SFO,243.0,258.0,15.0
2013,6,24,UA,LAX,125.0,133.0,8.0
2013,6,24,DL,MSP,159.0,130.0,-29.0
2013,6,24,AA,SEA,127.0,124.0,-3.0
2013,6,24,UA,ORD,283.0,285.0,2.0
2013,6,24,DL,MSY,140.0,144.0,4.0
2013,6,24,F9,DEN,196.0,198.0,2.0
2013,6,24,WN,DEN,298.0,288.0,-10.0
2013,6,24,MQ,BNA,309.0,291.0,-18.0
2013,6,24,UA,BOS,169.0,173.0,4.0
2013,6,24,DL,DEN,114.0,92.0,-22.0
2013,6,24,MQ,ORD,314.0,322.0,8.0
2013,6,24,UA,SFO,225.0,252.0,27.0
2013,6,24,B6,ORD,56.0,76.0,20.0
2013,6,24,AA,SFO,187.0,235.0,48.0
2013,6,24,EV,ROC,268.0,261.0,-7.0
2013,6,24,US,PHX,275.0,270.0,-5.0
2013,6,24,DL,FLL,97.0,92.0,-5.0
2013,6,24,B6,SJC,133.0,170.0,37.0
2013,6,24,DL,MIA,103.0,74.0,-29.0
2013,6,24,UA,ORD,249.0,224.0,-25.0
2013,6,24,WN,HOU,239.0,215.0,-24.0
2013,6,24,DL,MIA,312.0,303.0,-9.0
2013,6,24,EV,BGR,166.0,133.0,-33.0
2013,6,24,UA,SFO,163.0,197.0,34.0
2013,6,24,AA,LAX,120.0,130.0,10.0
2013,6,24,AA,BOS,118.0,141.0,23.0
2013,6,24,US,CLT,169.0,183.0,14.0
2013,6,24,UA,FLL,108.0,97.0,-11.0
2013,6,24,UA,LAX,133.0,99.0,-34.0
2013,6,24,UA,ORD,207.0,175.0,-32.0
2013,6,24,MQ,BNA,178.0,167.0,-11.0
2013,6,24,US,DCA,149.0,195.0,46.0
2013,6,24,UA,ORD,212.0,182.0,-30.0
2013,6,24,DL,DEN,225.0,215.0,-10.0
2013,6,24,DL,ATL,211.0,180.0,-31.0
2013,6,24,DL,DTW,181.0,191.0,10.0
2013,6,24,UA,ORD,92.0,88.0,-4.0
2013,6,24,DL,ATL,96.0,72.0,-24.0
2013,6,24,EV,MHT,101.0,81.0,-20.0
2013,6,24,EV,IND,258.0,254.0,-4.0
2013,6,24,EV,CLT,135.0,113.0,-22.0
2013,6,24,B6,PHX,75.0,81.0,6.0
2013,6,24,FL,ATL,252.0,229.0,-23.0
2013,6,24,B6,LAS,170.0,156.0,-14.0
2013,6,24,B6,FLL,186.0,185.0,-1.0
2013,6,24,DL,ATL,294.0,257.0,-37.0
2013,6,24,MQ,CMH,141.0,136.0,-5.0
2013,6,24,VX,SFO,267.0,253.0,-14.0
2013,6,24,EV,BHM,167.0,128.0,-39.0
2013,6,24,DL,PIT,122.0,97.0,-25.0
2013,6,24,WN,MKE,177.0,135.0,-42.0
2013,6,24,DL,ATL,222.0,197.0,-25.0
2013,6,24,EV,JAX,96.0,87.0,-9.0
2013,6,24,UA,SEA,223.0,168.0,-55.0
2013,6,24,B6,ROC,109.0,103.0,-6.0
2013,6,24,DL,SFO,205.0,197.0,-8.0
2013,6,24,B6,FLL,170.0,156.0,-14.0
2013,6,24,FL,ATL,211.0,184.0,-27.0
2013,6,24,EV,RIC,122.0,97.0,-25.0
2013,6,24,EV,TYS,168.0,165.0,-3.0
2013,6,24,AA,ORD,195.0,159.0,-36.0
2013,6,24,B6,SFO,275.0,259.0,-16.0
2013,6,24,EV,OMA,108.0,84.0,-24.0
2013,6,24,B6,MCO,280.0,256.0,-24.0
2013,6,24,B6,BUF,90.0,74.0,-16.0
2013,6,24,DL,DTW,381.0,340.0,-41.0
2013,6,24,EV,RIC,227.0,214.0,-13.0
2013,6,24,DL,SAT,226.0,194.0,-32.0
2013,6,24,UA,LAX,306.0,319.0,13.0
2013,6,24,US,BOS,240.0,233.0,-7.0
2013,6,24,EV,SDF,126.0,98.0,-28.0
2013,6,24,UA,LAX,157.0,129.0,-28.0
2013,6,24,EV,BNA,241.0,228.0,-13.0
2013,6,24,WN,MDW,134.0,96.0,-38.0
2013,6,24,DL,LAS,114.0,105.0,-9.0
2013,6,24,VX,LAX,189.0,168.0,-21.0
2013,6,24,UA,SEA,206.0,161.0,-45.0
2013,6,24,B6,MCO,209.0,195.0,-14.0
2013,6,24,EV,CVG,188.0,171.0,-17.0
2013,6,24,EV,BTV,92.0,80.0,-12.0
2013,6,24,UA,ORD,274.0,251.0,-23.0
2013,6,24,UA,DEN,151.0,135.0,-16.0
2013,6,24,UA,LAX,161.0,127.0,-34.0
2013,6,24,UA,SJU,192.0,168.0,-24.0
2013,6,24,AA,LAX,116.0,73.0,-43.0
2013,6,24,EV,DCA,147.0,118.0,-29.0
2013,6,24,UA,IAH,149.0,126.0,-23.0
2013,6,24,WN,MDW,205.0,176.0,-29.0
2013,6,25,B6,FLL,151.0,155.0,4.0
2013,6,25,B6,JAX,157.0,158.0,1.0
2013,6,25,B6,ROC,86.0,94.0,8.0
2013,6,25,B6,BUF,82.0,89.0,7.0
2013,6,25,B6,MCO,161.0,157.0,-4.0
2013,6,25,B6,SJU,121.0,103.0,-18.0
2013,6,25,B6,LAS,364.0,332.0,-32.0
2013,6,25,B6,BOS,138.0,119.0,-19.0
2013,6,25,B6,BQN,123.0,99.0,-24.0
2013,6,25,B6,FLL,74.0,66.0,-8.0
2013,6,25,EV,CLT,97.0,114.0,17.0
2013,6,25,EV,BNA,77.0,92.0,15.0
2013,6,25,EV,DTW,75.0,74.0,-1.0
2013,6,25,9E,CVG,102.0,131.0,29.0
2013,6,25,B6,JAX,86.0,81.0,-5.0
2013,6,25,WN,MDW,104.0,98.0,-6.0
2013,6,25,EV,CVG,92.0,80.0,-12.0
2013,6,25,EV,DTW,91.0,74.0,-17.0
2013,6,25,AA,ORD,9.0,101.0,92.0
2013,6,25,UA,PDX,219.0,214.0,-5.0
2013,6,25,B6,ROC,73.0,61.0,-12.0
2013,6,25,EV,CHS,104.0,65.0,-39.0
2013,6,25,EV,MCI,117.0,121.0,4.0
2013,6,25,B6,LAX,74.0,65.0,-9.0
2013,6,25,VX,LAX,104.0,82.0,-22.0
2013,6,25,9E,PHL,83.0,78.0,-5.0
2013,6,25,VX,LAS,95.0,98.0,3.0
2013,6,25,B6,MCO,90.0,89.0,-1.0
2013,6,25,UA,SAN,152.0,125.0,-27.0
2013,6,25,UA,SFO,92.0,95.0,3.0
2013,6,25,MQ,DTW,74.0,63.0,-11.0
2013,6,25,EV,MEM,73.0,67.0,-6.0
2013,6,25,DL,ATL,68.0,70.0,2.0
2013,6,25,UA,ORD,129.0,122.0,-7.0
2013,6,25,EV,IND,77.0,62.0,-15.0
2013,6,25,MQ,ORD,77.0,93.0,16.0
2013,6,25,VX,SFO,136.0,114.0,-22.0
2013,6,25,UA,SFO,62.0,116.0,54.0
2013,6,25,AA,SFO,158.0,185.0,27.0
2013,6,25,UA,SFO,35.0,86.0,51.0
2013,6,25,WN,MDW,122.0,101.0,-21.0
2013,6,25,WN,MDW,88.0,89.0,1.0
2013,6,25,UA,ORD,211.0,193.0,-18.0
2013,6,25,DL,MCO,156.0,137.0,-19.0
2013,6,25,VX,SFO,187.0,189.0,2.0
2013,6,25,EV,MCI,110.0,127.0,17.0
2013,6,25,EV,BDL,70.0,65.0,-5.0
2013,6,25,EV,CLT,105.0,95.0,-10.0
2013,6,25,9E,PIT,376.0,372.0,-4.0
2013,6,25,DL,TPA,197.0,206.0,9.0
2013,6,25,MQ,ORD,67.0,98.0,31.0
2013,6,25,AA,DFW,-3.0,83.0,86.0
2013,6,25,UA,CLE,3.0,71.0,68.0
2013,6,25,US,DCA,-3.0,108.0,111.0
2013,6,25,DL,ATL,1.0,66.0,65.0
2013,6,25,EV,ATL,121.0,114.0,-7.0
2013,6,25,EV,CLT,19.0,86.0,67.0
2013,6,25,UA,IAH,28.0,76.0,48.0
2013,6,25,B6,SRQ,110.0,98.0,-12.0
2013,6,25,UA,LAX,88.0,124.0,36.0
2013,6,25,MQ,XNA,-2.0,65.0,67.0
2013,6,25,EV,CLT,25.0,131.0,106.0
2013,6,25,AA,STL,8.0,113.0,105.0
2013,6,25,EV,GSO,63.0,134.0,71.0
2013,6,25,MQ,CLT,6.0,86.0,80.0
2013,6,25,UA,DEN,33.0,104.0,71.0
2013,6,25,B6,SJU,67.0,91.0,24.0
2013,6,25,UA,FLL,49.0,63.0,14.0
2013,6,25,UA,CLE,-6.0,68.0,74.0
2013,6,25,B6,MSY,62.0,85.0,23.0
2013,6,25,B6,PBI,155.0,169.0,14.0
2013,6,25,AA,DFW,3.0,75.0,72.0
2013,6,25,B6,HOU,56.0,64.0,8.0
2013,6,25,EV,MHT,75.0,77.0,2.0
2013,6,25,UA,SFO,38.0,72.0,34.0
2013,6,25,UA,ORD,420.0,424.0,4.0
2013,6,25,UA,CLE,10.0,91.0,81.0
2013,6,25,EV,CVG,35.0,71.0,36.0
2013,6,25,US,CLT,21.0,69.0,48.0
2013,6,25,EV,MSY,6.0,90.0,84.0
2013,6,25,MQ,BNA,26.0,72.0,46.0
2013,6,25,UA,SFO,27.0,67.0,40.0
2013,6,25,EV,CHS,67.0,114.0,47.0
2013,6,25,UA,SFO,3.0,71.0,68.0
2013,6,25,AA,DFW,70.0,69.0,-1.0
2013,6,25,9E,CLE,76.0,127.0,51.0
2013,6,25,B6,JAX,86.0,83.0,-3.0
2013,6,25,US,DCA,13.0,78.0,65.0
2013,6,25,B6,TPA,-5.0,66.0,71.0
2013,6,25,UA,MCO,24.0,82.0,58.0
2013,6,25,B6,TPA,109.0,166.0,57.0
2013,6,25,9E,DFW,81.0,70.0,-11.0
2013,6,25,DL,SFO,141.0,159.0,18.0
2013,6,25,UA,DEN,56.0,64.0,8.0
2013,6,25,B6,TPA,56.0,83.0,27.0
2013,6,25,AA,MIA,89.0,101.0,12.0
2013,6,25,UA,ORD,41.0,73.0,32.0
2013,6,25,EV,MSP,69.0,86.0,17.0
2013,6,25,WN,MDW,69.0,97.0,28.0
2013,6,25,9E,BNA,45.0,69.0,24.0
2013,6,25,US,PHL,61.0,110.0,49.0
2013,6,25,EV,CVG,162.0,189.0,27.0
2013,6,25,UA,ORD,3.0,81.0,78.0
2013,6,25,MQ,CVG,50.0,75.0,25.0
2013,6,25,AA,MIA,37.0,89.0,52.0
2013,6,25,WN,DEN,77.0,91.0,14.0
2013,6,25,EV,ATL,150.0,147.0,-3.0
2013,6,25,B6,ORD,79.0,91.0,12.0
2013,6,25,EV,MEM,50.0,89.0,39.0
2013,6,25,AA,DFW,54.0,65.0,11.0
2013,6,25,DL,MIA,87.0,108.0,21.0
2013,6,25,UA,ORD,149.0,179.0,30.0
2013,6,25,EV,DTW,57.0,62.0,5.0
2013,6,25,MQ,ORD,108.0,133.0,25.0
2013,6,25,9E,CLT,166.0,175.0,9.0
2013,6,25,EV,GSO,61.0,99.0,38.0
2013,6,25,DL,AUS,94.0,105.0,11.0
2013,6,25,DL,ATL,115.0,120.0,5.0
2013,6,25,WN,MDW,60.0,64.0,4.0
2013,6,25,AA,SFO,140.0,136.0,-4.0
2013,6,25,9E,CVG,54.0,74.0,20.0
2013,6,25,UA,AUS,156.0,153.0,-3.0
2013,6,25,UA,BOS,96.0,104.0,8.0
2013,6,25,UA,ORD,57.0,93.0,36.0
2013,6,25,EV,MKE,124.0,145.0,21.0
2013,6,25,US,PHX,94.0,90.0,-4.0
2013,6,25,AA,LAX,61.0,61.0,0.0
2013,6,25,DL,PDX,132.0,136.0,4.0
2013,6,25,9E,PHL,199.0,189.0,-10.0
2013,6,25,MQ,BNA,94.0,98.0,4.0
2013,6,25,UA,SFO,60.0,76.0,16.0
2013,6,25,DL,SFO,145.0,149.0,4.0
2013,6,25,B6,PWM,72.0,84.0,12.0
2013,6,25,B6,PBI,149.0,163.0,14.0
2013,6,25,AA,ORD,85.0,72.0,-13.0
2013,6,25,B6,PBI,121.0,128.0,7.0
2013,6,25,AA,MIA,71.0,75.0,4.0
2013,6,25,AA,DFW,104.0,91.0,-13.0
2013,6,25,UA,DEN,71.0,79.0,8.0
2013,6,25,AA,SAN,66.0,90.0,24.0
2013,6,25,AA,AUS,84.0,68.0,-16.0
2013,6,25,MQ,CLE,25.0,75.0,50.0
2013,6,25,AA,IAH,85.0,63.0,-22.0
2013,6,25,US,CLT,89.0,97.0,8.0
2013,6,25,UA,CLE,70.0,95.0,25.0
2013,6,25,EV,BUF,108.0,102.0,-6.0
2013,6,25,DL,ATL,130.0,118.0,-12.0
2013,6,25,B6,MCO,123.0,143.0,20.0
2013,6,25,UA,DEN,114.0,79.0,-35.0
2013,6,25,VX,SFO,172.0,174.0,2.0
2013,6,25,AA,MIA,138.0,110.0,-28.0
2013,6,25,WN,MDW,86.0,92.0,6.0
2013,6,25,EV,IND,129.0,137.0,8.0
2013,6,25,EV,DTW,121.0,116.0,-5.0
2013,6,25,EV,CHS,154.0,159.0,5.0
2013,6,25,EV,ROC,182.0,174.0,-8.0
2013,6,25,UA,LAX,69.0,109.0,40.0
2013,6,25,B6,SJC,43.0,65.0,22.0
2013,6,25,MQ,ORF,162.0,145.0,-17.0
2013,6,25,US,DCA,106.0,88.0,-18.0
2013,6,25,WN,STL,133.0,132.0,-1.0
2013,6,25,VX,LAX,59.0,60.0,1.0
2013,6,25,DL,MIA,95.0,94.0,-1.0
2013,6,25,EV,MKE,89.0,106.0,17.0
2013,6,25,EV,RIC,183.0,171.0,-12.0
2013,6,25,DL,ATL,113.0,82.0,-31.0
2013,6,25,DL,LAS,279.0,254.0,-25.0
2013,6,25,EV,MCI,51.0,60.0,9.0
2013,6,25,MQ,BWI,94.0,89.0,-5.0
2013,6,25,UA,DFW,116.0,97.0,-19.0
2013,6,25,B6,BOS,169.0,165.0,-4.0
2013,6,25,US,BOS,141.0,152.0,11.0
2013,6,25,UA,ORD,144.0,123.0,-21.0
2013,6,25,US,DCA,82.0,71.0,-11.0
2013,6,25,EV,CVG,184.0,184.0,0.0
2013,6,25,US,DCA,210.0,217.0,7.0
2013,6,25,FL,ATL,95.0,73.0,-22.0
2013,6,25,9E,ORD,90.0,73.0,-17.0
2013,6,25,UA,SEA,48.0,78.0,30.0
2013,6,25,DL,MSY,146.0,151.0,5.0
2013,6,25,EV,BNA,213.0,207.0,-6.0
2013,6,25,AA,SFO,181.0,161.0,-20.0
2013,6,25,EV,BNA,113.0,107.0,-6.0
2013,6,25,EV,CLT,90.0,102.0,12.0
2013,6,25,DL,MSP,179.0,153.0,-26.0
2013,6,25,MQ,XNA,185.0,171.0,-14.0
2013,6,25,US,DCA,61.0,67.0,6.0
2013,6,25,EV,DCA,78.0,70.0,-8.0
2013,6,25,MQ,CMH,69.0,84.0,15.0
2013,6,25,EV,SAV,290.0,283.0,-7.0
2013,6,25,DL,DEN,130.0,119.0,-11.0
2013,6,25,EV,DTW,95.0,70.0,-25.0
2013,6,25,9E,IND,162.0,180.0,18.0
2013,6,25,EV,MSP,215.0,200.0,-15.0
2013,6,25,9E,BOS,105.0,97.0,-8.0
2013,6,25,DL,MIA,114.0,94.0,-20.0
2013,6,25,9E,PIT,135.0,127.0,-8.0
2013,6,25,EV,ATL,274.0,257.0,-17.0
2013,6,25,EV,IAD,119.0,144.0,25.0
2013,6,25,UA,SFO,180.0,185.0,5.0
2013,6,25,US,CLT,268.0,247.0,-21.0
2013,6,25,EV,STL,271.0,287.0,16.0
2013,6,25,US,CLT,162.0,142.0,-20.0
2013,6,25,B6,FLL,189.0,152.0,-37.0
2013,6,25,B6,BOS,100.0,84.0,-16.0
2013,6,25,B6,PBI,205.0,180.0,-25.0
2013,6,25,DL,DEN,242.0,211.0,-31.0
2013,6,25,EV,TUL,94.0,104.0,10.0
2013,6,25,UA,BOS,230.0,209.0,-21.0
2013,6,25,9E,JAX,132.0,150.0,18.0
2013,6,25,DL,ATL,144.0,151.0,7.0
2013,6,25,B6,LAX,66.0,65.0,-1.0
2013,6,25,EV,RIC,176.0,182.0,6.0
2013,6,25,FL,ATL,272.0,277.0,5.0
2013,6,25,B6,BUF,213.0,204.0,-9.0
2013,6,25,DL,ATL,69.0,67.0,-2.0
2013,6,25,DL,MCO,251.0,239.0,-12.0
2013,6,25,UA,SFO,102.0,103.0,1.0
2013,6,25,AA,DFW,176.0,160.0,-16.0
2013,6,25,UA,LAX,286.0,289.0,3.0
2013,6,25,EV,SDF,81.0,105.0,24.0
2013,6,25,UA,CLE,115.0,166.0,51.0
2013,6,25,WN,MDW,107.0,105.0,-2.0
2013,6,25,DL,ATL,201.0,204.0,3.0
2013,6,25,9E,CVG,99.0,122.0,23.0
2013,6,25,VX,SFO,295.0,298.0,3.0
2013,6,25,DL,MCO,174.0,149.0,-25.0
2013,6,25,UA,LAX,122.0,157.0,35.0
2013,6,25,UA,DEN,85.0,83.0,-2.0
2013,6,25,DL,LAX,89.0,90.0,1.0
2013,6,25,UA,BOS,65.0,78.0,13.0
2013,6,25,DL,PIT,156.0,229.0,73.0
2013,6,25,DL,ATL,155.0,156.0,1.0
2013,6,25,UA,ORD,276.0,244.0,-32.0
2013,6,25,EV,JAX,128.0,161.0,33.0
2013,6,25,B6,FLL,182.0,167.0,-15.0
2013,6,25,EV,CLT,205.0,192.0,-13.0
2013,6,25,UA,ORD,161.0,154.0,-7.0
2013,6,25,MQ,BNA,252.0,259.0,7.0
2013,6,25,EV,TYS,178.0,193.0,15.0
2013,6,25,9E,TYS,135.0,160.0,25.0
2013,6,25,EV,STL,106.0,150.0,44.0
2013,6,25,AA,ORD,107.0,103.0,-4.0
2013,6,25,UA,MIA,153.0,144.0,-9.0
2013,6,25,AA,ORD,284.0,281.0,-3.0
2013,6,25,EV,RIC,110.0,114.0,4.0
2013,6,25,B6,SFO,291.0,285.0,-6.0
2013,6,25,UA,FLL,144.0,124.0,-20.0
2013,6,25,EV,OMA,123.0,133.0,10.0
2013,6,25,EV,DSM,176.0,192.0,16.0
2013,6,25,B6,FLL,261.0,251.0,-10.0
2013,6,25,DL,FLL,208.0,193.0,-15.0
2013,6,25,DL,FLL,118.0,121.0,3.0
2013,6,25,MQ,CLT,120.0,162.0,42.0
2013,6,25,AA,LAX,72.0,75.0,3.0
2013,6,25,B6,FLL,86.0,123.0,37.0
2013,6,25,VX,LAX,182.0,188.0,6.0
2013,6,25,WN,BNA,300.0,285.0,-15.0
2013,6,25,UA,ORD,258.0,248.0,-10.0
2013,6,25,B6,MCO,137.0,149.0,12.0
2013,6,25,9E,BWI,200.0,250.0,50.0
2013,6,25,B6,PWM,37.0,65.0,28.0
2013,6,25,B6,SJU,142.0,163.0,21.0
2013,6,25,FL,CAK,174.0,165.0,-9.0
2013,6,25,UA,IAH,182.0,164.0,-18.0
2013,6,25,DL,SJU,136.0,104.0,-32.0
2013,6,25,B6,BUF,142.0,129.0,-13.0
2013,6,25,EV,DCA,135.0,144.0,9.0
2013,6,25,AA,ORD,226.0,205.0,-21.0
2013,6,25,B6,LAS,123.0,149.0,26.0
2013,6,25,VX,SFO,290.0,287.0,-3.0
2013,6,25,B6,AUS,204.0,214.0,10.0
2013,6,25,WN,MDW,174.0,152.0,-22.0
2013,6,25,B6,TPA,115.0,121.0,6.0
2013,6,25,9E,DCA,204.0,206.0,2.0
2013,6,25,EV,CLT,152.0,143.0,-9.0
2013,6,25,B6,BTV,70.0,63.0,-7.0
2013,6,25,B6,SFO,207.0,195.0,-12.0
2013,6,25,DL,TPA,236.0,209.0,-27.0
2013,6,25,B6,SYR,72.0,69.0,-3.0
2013,6,26,B6,SJU,102.0,129.0,27.0
2013,6,26,B6,SYR,104.0,119.0,15.0
2013,6,26,B6,BTV,110.0,130.0,20.0
2013,6,26,B6,PWM,120.0,128.0,8.0
2013,6,26,B6,PSE,47.0,69.0,22.0
2013,6,26,MQ,BNA,207.0,202.0,-5.0
2013,6,26,B6,SJU,67.0,85.0,18.0
2013,6,26,UA,PBI,226.0,227.0,1.0
2013,6,26,B6,BQN,89.0,99.0,10.0
2013,6,26,MQ,ORD,-3.0,76.0,79.0
2013,6,26,AA,ORD,-3.0,73.0,76.0
2013,6,26,UA,ORD,26.0,143.0,117.0
2013,6,26,B6,SJU,67.0,64.0,-3.0
2013,6,26,UA,PDX,41.0,70.0,29.0
2013,6,26,B6,PBI,63.0,64.0,1.0
2013,6,26,AA,ORD,9.0,69.0,60.0
2013,6,26,UA,LAX,66.0,67.0,1.0
2013,6,26,B6,BOS,143.0,141.0,-2.0
2013,6,26,EV,BTV,81.0,85.0,4.0
2013,6,26,MQ,BNA,60.0,76.0,16.0
2013,6,26,EV,GRR,131.0,130.0,-1.0
2013,6,26,WN,MDW,120.0,179.0,59.0
2013,6,26,US,CLT,82.0,62.0,-20.0
2013,6,26,UA,ORD,233.0,245.0,12.0
2013,6,26,UA,ORD,130.0,129.0,-1.0
2013,6,26,UA,ORD,70.0,62.0,-8.0
2013,6,26,EV,MCI,92.0,75.0,-17.0
2013,6,26,EV,DTW,283.0,289.0,6.0
2013,6,26,AA,ORD,115.0,127.0,12.0
2013,6,26,UA,ORD,55.0,102.0,47.0
2013,6,26,WN,MKE,79.0,63.0,-16.0
2013,6,26,UA,SJU,127.0,118.0,-9.0
2013,6,26,9E,DCA,147.0,131.0,-16.0
2013,6,26,WN,MDW,93.0,106.0,13.0
2013,6,26,UA,SFO,65.0,72.0,7.0
2013,6,26,UA,ORD,178.0,160.0,-18.0
2013,6,26,UA,IAH,183.0,159.0,-24.0
2013,6,26,VX,SFO,96.0,115.0,19.0
2013,6,26,B6,PBI,99.0,95.0,-4.0
2013,6,26,AA,SFO,104.0,101.0,-3.0
2013,6,26,UA,LAX,123.0,111.0,-12.0
2013,6,26,UA,SFO,29.0,72.0,43.0
2013,6,26,UA,IAH,100.0,78.0,-22.0
2013,6,26,UA,DEN,333.0,317.0,-16.0
2013,6,26,VX,SFO,117.0,109.0,-8.0
2013,6,26,AA,ORD,146.0,115.0,-31.0
2013,6,26,WN,MDW,123.0,134.0,11.0
2013,6,26,MQ,ORD,322.0,316.0,-6.0
2013,6,26,UA,SFO,78.0,80.0,2.0
2013,6,26,UA,DEN,125.0,111.0,-14.0
2013,6,26,UA,SFO,59.0,67.0,8.0
2013,6,26,B6,RSW,150.0,160.0,10.0
2013,6,26,UA,ORD,101.0,84.0,-17.0
2013,6,26,MQ,ORD,217.0,225.0,8.0
2013,6,26,US,CLT,119.0,104.0,-15.0
2013,6,26,UA,ATL,81.0,96.0,15.0
2013,6,26,AA,ORD,181.0,166.0,-15.0
2013,6,26,MQ,ORD,187.0,208.0,21.0
2013,6,26,UA,ORD,33.0,63.0,30.0
2013,6,26,B6,PBI,91.0,111.0,20.0
2013,6,26,DL,ATL,86.0,98.0,12.0
2013,6,26,UA,LAX,65.0,63.0,-2.0
2013,6,26,B6,BOS,84.0,112.0,28.0
2013,6,26,B6,FLL,54.0,95.0,41.0
2013,6,26,UA,TPA,20.0,61.0,41.0
2013,6,26,UA,FLL,186.0,175.0,-11.0
2013,6,26,MQ,MSP,75.0,66.0,-9.0
2013,6,26,B6,TPA,76.0,134.0,58.0
2013,6,26,MQ,ATL,82.0,97.0,15.0
2013,6,26,EV,CVG,30.0,94.0,64.0
2013,6,26,EV,GSP,69.0,75.0,6.0
2013,6,26,B6,RSW,45.0,83.0,38.0
2013,6,26,DL,MIA,31.0,69.0,38.0
2013,6,26,DL,MSP,2.0,62.0,60.0
2013,6,26,B6,TPA,50.0,84.0,34.0
2013,6,26,AA,ORD,190.0,215.0,25.0
2013,6,26,UA,IAH,131.0,121.0,-10.0
2013,6,26,DL,ATL,35.0,82.0,47.0
2013,6,26,DL,BOS,115.0,114.0,-1.0
2013,6,26,9E,BWI,137.0,150.0,13.0
2013,6,26,EV,ATL,132.0,114.0,-18.0
2013,6,26,EV,MHT,133.0,128.0,-5.0
2013,6,26,UA,SFO,38.0,93.0,55.0
2013,6,26,UA,BOS,120.0,114.0,-6.0
2013,6,26,US,CLT,3.0,91.0,88.0
2013,6,26,UA,CLE,85.0,68.0,-17.0
2013,6,26,EV,SDF,77.0,65.0,-12.0
2013,6,26,UA,CLE,83.0,69.0,-14.0
2013,6,26,EV,DTW,141.0,137.0,-4.0
2013,6,26,UA,ORD,86.0,72.0,-14.0
2013,6,26,YV,IAD,70.0,65.0,-5.0
2013,6,26,EV,BNA,249.0,235.0,-14.0
2013,6,26,9E,ORD,98.0,101.0,3.0
2013,6,26,AA,MIA,3.0,99.0,96.0
2013,6,26,UA,ORD,36.0,67.0,31.0
2013,6,26,AA,SFO,131.0,142.0,11.0
2013,6,26,UA,ORD,164.0,187.0,23.0
2013,6,26,AA,ORD,97.0,121.0,24.0
2013,6,26,EV,ATL,52.0,85.0,33.0
2013,6,26,B6,MCO,168.0,184.0,16.0
2013,6,26,UA,BOS,89.0,67.0,-22.0
2013,6,26,EV,SAV,95.0,143.0,48.0
2013,6,26,EV,CHS,52.0,113.0,61.0
2013,6,26,B6,TPA,96.0,117.0,21.0
2013,6,26,DL,MCO,-1.0,64.0,65.0
2013,6,26,WN,PHX,275.0,259.0,-16.0
2013,6,26,EV,GSO,100.0,146.0,46.0
2013,6,26,FL,ATL,42.0,82.0,40.0
2013,6,26,B6,MCO,68.0,171.0,103.0
2013,6,26,EV,DTW,53.0,66.0,13.0
2013,6,26,DL,PBI,-1.0,76.0,77.0
2013,6,26,EV,BNA,60.0,79.0,19.0
2013,6,26,AA,ORD,85.0,75.0,-10.0
2013,6,26,VX,SFO,67.0,75.0,8.0
2013,6,26,EV,CVG,78.0,131.0,53.0
2013,6,26,B6,CLT,105.0,138.0,33.0
2013,6,26,WN,HOU,95.0,93.0,-2.0
2013,6,26,US,CLT,73.0,118.0,45.0
2013,6,26,MQ,ORD,186.0,207.0,21.0
2013,6,26,DL,SFO,81.0,62.0,-19.0
2013,6,26,UA,MIA,40.0,115.0,75.0
2013,6,26,UA,SNA,43.0,74.0,31.0
2013,6,26,VX,SFO,153.0,149.0,-4.0
2013,6,26,WN,STL,90.0,89.0,-1.0
2013,6,26,US,CLT,41.0,79.0,38.0
2013,6,26,DL,MSP,36.0,63.0,27.0
2013,6,26,B6,BUR,76.0,79.0,3.0
2013,6,26,EV,RIC,149.0,189.0,40.0
2013,6,26,WN,MDW,90.0,108.0,18.0
2013,6,26,B6,MCO,92.0,145.0,53.0
2013,6,26,UA,IAH,132.0,98.0,-34.0
2013,6,26,UA,SFO,67.0,74.0,7.0
2013,6,26,MQ,ORD,83.0,68.0,-15.0
2013,6,26,AA,MIA,129.0,126.0,-3.0
2013,6,26,FL,ATL,57.0,70.0,13.0
2013,6,26,B6,FLL,91.0,114.0,23.0
2013,6,26,DL,MIA,37.0,62.0,25.0
2013,6,26,UA,ORD,124.0,130.0,6.0
2013,6,26,UA,ORD,67.0,62.0,-5.0
2013,6,26,UA,DEN,159.0,139.0,-20.0
2013,6,26,UA,DEN,105.0,68.0,-37.0
2013,6,26,B6,PBI,109.0,163.0,54.0
2013,6,26,AA,SFO,141.0,142.0,1.0
2013,6,26,WN,BNA,122.0,111.0,-11.0
2013,6,26,UA,LAX,118.0,160.0,42.0
2013,6,26,AA,DFW,85.0,79.0,-6.0
2013,6,26,UA,DFW,146.0,110.0,-36.0
2013,6,26,EV,DTW,90.0,69.0,-21.0
2013,6,26,EV,MCI,116.0,119.0,3.0
2013,6,26,UA,ORD,131.0,108.0,-23.0
2013,6,26,UA,LAS,113.0,81.0,-32.0
2013,6,26,DL,SAT,124.0,115.0,-9.0
2013,6,26,B6,AUS,54.0,79.0,25.0
2013,6,26,UA,MIA,71.0,81.0,10.0
2013,6,26,DL,MSP,202.0,170.0,-32.0
2013,6,26,B6,SFO,203.0,191.0,-12.0
2013,6,26,VX,LAX,85.0,106.0,21.0
2013,6,26,UA,CLE,68.0,67.0,-1.0
2013,6,26,US,DCA,89.0,70.0,-19.0
2013,6,26,B6,FLL,121.0,125.0,4.0
2013,6,26,UA,SFO,193.0,151.0,-42.0
2013,6,26,EV,STL,50.0,79.0,29.0
2013,6,26,EV,JAX,87.0,96.0,9.0
2013,6,26,9E,BOS,148.0,128.0,-20.0
2013,6,26,9E,BWI,128.0,153.0,25.0
2013,6,26,B6,ROC,103.0,119.0,16.0
2013,6,26,VX,SFO,196.0,205.0,9.0
2013,6,26,B6,PDX,81.0,108.0,27.0
2013,6,26,UA,LAX,108.0,135.0,27.0
2013,6,26,UA,PBI,199.0,203.0,4.0
2013,6,26,B6,JAX,49.0,80.0,31.0
2013,6,26,DL,SJU,64.0,69.0,5.0
2013,6,26,EV,OMA,89.0,75.0,-14.0
2013,6,26,EV,OKC,141.0,136.0,-5.0
2013,6,26,B6,PHX,110.0,134.0,24.0
2013,6,26,MQ,DCA,42.0,81.0,39.0
2013,6,26,B6,FLL,49.0,91.0,42.0
2013,6,26,UA,BOS,186.0,155.0,-31.0
2013,6,26,9E,JAX,171.0,188.0,17.0
2013,6,26,B6,TPA,38.0,79.0,41.0
2013,6,26,B6,SFO,126.0,129.0,3.0
2013,6,26,B6,MCO,53.0,99.0,46.0
2013,6,26,EV,IAD,189.0,172.0,-17.0
2013,6,26,B6,BUF,90.0,119.0,29.0
2013,6,26,EV,RIC,101.0,84.0,-17.0
2013,6,26,DL,FLL,192.0,177.0,-15.0
2013,6,26,AA,LAX,54.0,77.0,23.0
2013,6,26,UA,FLL,137.0,125.0,-12.0
2013,6,26,US,DCA,108.0,106.0,-2.0
2013,6,26,B6,LAS,76.0,94.0,18.0
2013,6,26,B6,SJU,114.0,147.0,33.0
2013,6,26,B6,BUF,6.0,60.0,54.0
2013,6,26,EV,DCA,116.0,87.0,-29.0
2013,6,26,DL,SFO,260.0,241.0,-19.0
2013,6,26,EV,BDL,113.0,103.0,-10.0
2013,6,26,UA,AUS,152.0,103.0,-49.0
2013,6,26,UA,SFO,183.0,131.0,-52.0
2013,6,26,B6,BOS,32.0,84.0,52.0
2013,6,26,WN,MDW,183.0,160.0,-23.0
2013,6,26,B6,FLL,127.0,144.0,17.0
2013,6,26,B6,DEN,139.0,137.0,-2.0
2013,6,26,B6,BOS,180.0,170.0,-10.0
2013,6,26,UA,BQN,199.0,192.0,-7.0
2013,6,26,EV,CLT,146.0,144.0,-2.0
2013,6,26,B6,LAX,67.0,90.0,23.0
2013,6,26,EV,BTV,114.0,92.0,-22.0
2013,6,27,UA,MIA,240.0,230.0,-10.0
2013,6,27,B6,MCO,147.0,169.0,22.0
2013,6,27,B6,FLL,138.0,162.0,24.0
2013,6,27,B6,BUF,191.0,203.0,12.0
2013,6,27,UA,CLE,241.0,209.0,-32.0
2013,6,27,B6,BOS,86.0,101.0,15.0
2013,6,27,DL,DTW,426.0,383.0,-43.0
2013,6,27,B6,BTV,106.0,126.0,20.0
2013,6,27,EV,RIC,332.0,317.0,-15.0
2013,6,27,AA,DFW,316.0,277.0,-39.0
2013,6,27,B6,ROC,137.0,140.0,3.0
2013,6,27,B6,PWM,137.0,127.0,-10.0
2013,6,27,B6,MCO,248.0,253.0,5.0
2013,6,27,UA,SFO,299.0,257.0,-42.0
2013,6,27,UA,LAX,282.0,242.0,-40.0
2013,6,27,US,CLT,408.0,385.0,-23.0
2013,6,27,WN,MDW,313.0,290.0,-23.0
2013,6,27,B6,FLL,258.0,274.0,16.0
2013,6,27,B6,BUF,199.0,189.0,-10.0
2013,6,27,B6,JAX,281.0,262.0,-19.0
2013,6,27,B6,SJU,138.0,126.0,-12.0
2013,6,27,DL,ATL,318.0,294.0,-24.0
2013,6,27,B6,BOS,381.0,340.0,-41.0
2013,6,27,B6,BQN,142.0,134.0,-8.0
2013,6,27,DL,SAN,790.0,769.0,-21.0
2013,6,27,MQ,ORD,92.0,99.0,7.0
2013,6,27,DL,MSY,787.0,780.0,-7.0
2013,6,27,EV,MSP,85.0,80.0,-5.0
2013,6,27,AA,STL,803.0,802.0,-1.0
2013,6,27,B6,ACK,85.0,79.0,-6.0
2013,6,27,DL,PDX,899.0,850.0,-49.0
2013,6,27,EV,IAD,57.0,61.0,4.0
2013,6,27,EV,SAV,103.0,94.0,-9.0
2013,6,27,B6,BTV,159.0,143.0,-16.0
2013,6,27,AA,SFO,79.0,72.0,-7.0
2013,6,27,AA,DFW,119.0,88.0,-31.0
2013,6,27,FL,CAK,115.0,115.0,0.0
2013,6,27,VX,SFO,95.0,119.0,24.0
2013,6,27,VX,SFO,104.0,86.0,-18.0
2013,6,27,MQ,CMH,75.0,90.0,15.0
2013,6,27,MQ,ORD,75.0,70.0,-5.0
2013,6,27,B6,BTV,68.0,80.0,12.0
2013,6,27,B6,PWM,94.0,89.0,-5.0
2013,6,27,UA,SFO,79.0,79.0,0.0
2013,6,27,B6,SYR,42.0,64.0,22.0
2013,6,27,B6,PBI,71.0,77.0,6.0
2013,6,27,EV,DTW,114.0,130.0,16.0
2013,6,27,EV,RIC,90.0,88.0,-2.0
2013,6,27,EV,GSO,94.0,87.0,-7.0
2013,6,27,B6,FLL,135.0,146.0,11.0
2013,6,27,EV,BDL,127.0,118.0,-9.0
2013,6,27,EV,BTV,93.0,79.0,-14.0
2013,6,27,EV,CVG,90.0,85.0,-5.0
2013,6,27,UA,SAN,36.0,74.0,38.0
2013,6,27,DL,MCO,18.0,97.0,79.0
2013,6,27,B6,FLL,45.0,89.0,44.0
2013,6,27,B6,CHS,100.0,133.0,33.0
2013,6,27,MQ,BNA,0.0,75.0,75.0
2013,6,27,DL,MIA,-5.0,104.0,109.0
2013,6,27,US,PHL,3.0,103.0,100.0
2013,6,27,DL,LAX,17.0,66.0,49.0
2013,6,27,DL,DTW,54.0,123.0,69.0
2013,6,27,UA,SFO,86.0,88.0,2.0
2013,6,27,EV,IAD,61.0,93.0,32.0
2013,6,27,MQ,CLT,43.0,200.0,157.0
2013,6,27,MQ,PIT,73.0,63.0,-10.0
2013,6,27,EV,JAX,59.0,138.0,79.0
2013,6,27,EV,PIT,14.0,71.0,57.0
2013,6,27,9E,BUF,91.0,70.0,-21.0
2013,6,27,AA,MIA,-4.0,88.0,92.0
2013,6,27,EV,BNA,12.0,93.0,81.0
2013,6,27,AA,SFO,47.0,71.0,24.0
2013,6,27,MQ,CVG,17.0,97.0,80.0
2013,6,27,B6,TPA,-1.0,71.0,72.0
2013,6,27,EV,MSN,109.0,110.0,1.0
2013,6,27,MQ,CMH,34.0,121.0,87.0
2013,6,27,WN,STL,25.0,89.0,64.0
2013,6,27,9E,BNA,26.0,105.0,79.0
2013,6,27,UA,CLE,94.0,121.0,27.0
2013,6,27,EV,GSP,85.0,149.0,64.0
2013,6,27,DL,AUS,19.0,98.0,79.0
2013,6,27,DL,ATL,-1.0,89.0,90.0
2013,6,27,US,PHX,-1.0,81.0,82.0
2013,6,27,MQ,DTW,0.0,110.0,110.0
2013,6,27,B6,RSW,66.0,163.0,97.0
2013,6,27,EV,BNA,72.0,115.0,43.0
2013,6,27,B6,FLL,130.0,202.0,72.0
2013,6,27,B6,SJU,131.0,115.0,-16.0
2013,6,27,MQ,XNA,77.0,178.0,101.0
2013,6,27,UA,SEA,54.0,76.0,22.0
2013,6,27,AA,DFW,-7.0,80.0,87.0
2013,6,27,DL,ATL,56.0,133.0,77.0
2013,6,27,UA,CLE,73.0,68.0,-5.0
2013,6,27,UA,ORD,60.0,98.0,38.0
2013,6,27,B6,HOU,121.0,160.0,39.0
2013,6,27,B6,PBI,64.0,156.0,92.0
2013,6,27,B6,CLT,5.0,126.0,121.0
2013,6,27,B6,FLL,35.0,78.0,43.0
2013,6,27,WN,MDW,20.0,76.0,56.0
2013,6,27,UA,SAT,9.0,74.0,65.0
2013,6,27,EV,SDF,73.0,137.0,64.0
2013,6,27,DL,ATL,85.0,130.0,45.0
2013,6,27,B6,PBI,45.0,115.0,70.0
2013,6,27,YV,IAD,63.0,95.0,32.0
2013,6,27,UA,CLE,95.0,139.0,44.0
2013,6,27,WN,DEN,101.0,127.0,26.0
2013,6,27,UA,ORD,60.0,88.0,28.0
2013,6,27,B6,BOS,69.0,64.0,-5.0
2013,6,27,VX,LAX,51.0,139.0,88.0
2013,6,27,UA,DEN,28.0,82.0,54.0
2013,6,27,UA,PHX,30.0,64.0,34.0
2013,6,27,AA,AUS,30.0,111.0,81.0
2013,6,27,DL,ATL,53.0,94.0,41.0
2013,6,27,EV,DAY,99.0,136.0,37.0
2013,6,27,US,PHX,62.0,72.0,10.0
2013,6,27,EV,SAV,107.0,170.0,63.0
2013,6,27,EV,RIC,72.0,89.0,17.0
2013,6,27,US,CLT,39.0,114.0,75.0
2013,6,27,B6,TPA,168.0,227.0,59.0
2013,6,27,DL,SEA,51.0,117.0,66.0
2013,6,27,VX,SFO,118.0,161.0,43.0
2013,6,27,EV,BUF,68.0,69.0,1.0
2013,6,27,AA,LAS,79.0,119.0,40.0
2013,6,27,AA,ORD,84.0,100.0,16.0
2013,6,27,UA,LAX,37.0,135.0,98.0
2013,6,27,DL,SLC,67.0,137.0,70.0
2013,6,27,B6,LGB,9.0,86.0,77.0
2013,6,27,UA,SEA,10.0,89.0,79.0
2013,6,27,AA,LAX,6.0,76.0,70.0
2013,6,27,UA,SFO,139.0,135.0,-4.0
2013,6,27,UA,SFO,17.0,120.0,103.0
2013,6,27,B6,MCO,49.0,62.0,13.0
2013,6,27,AA,SEA,15.0,117.0,102.0
2013,6,27,US,CLT,191.0,251.0,60.0
2013,6,27,B6,PBI,37.0,76.0,39.0
2013,6,27,B6,BUF,21.0,83.0,62.0
2013,6,27,EV,IND,98.0,154.0,56.0
2013,6,27,UA,FLL,252.0,242.0,-10.0
2013,6,27,B6,BOS,96.0,106.0,10.0
2013,6,27,EV,MEM,158.0,245.0,87.0
2013,6,27,B6,MCO,122.0,148.0,26.0
2013,6,27,AA,SFO,81.0,166.0,85.0
2013,6,27,US,CLT,132.0,219.0,87.0
2013,6,27,UA,TPA,46.0,80.0,34.0
2013,6,27,B6,ORD,207.0,276.0,69.0
2013,6,27,WN,STL,107.0,101.0,-6.0
2013,6,27,DL,ATL,78.0,123.0,45.0
2013,6,27,FL,ATL,110.0,201.0,91.0
2013,6,27,VX,SFO,122.0,152.0,30.0
2013,6,27,9E,ORF,55.0,108.0,53.0
2013,6,27,VX,LAX,39.0,121.0,82.0
2013,6,27,DL,MSP,96.0,104.0,8.0
2013,6,27,WN,BNA,82.0,88.0,6.0
2013,6,27,DL,SEA,278.0,400.0,122.0
2013,6,27,US,DCA,98.0,142.0,44.0
2013,6,27,DL,PDX,224.0,350.0,126.0
2013,6,27,B6,ROC,146.0,212.0,66.0
2013,6,27,US,DCA,45.0,80.0,35.0
2013,6,27,UA,BOS,106.0,100.0,-6.0
2013,6,27,DL,DTW,201.0,218.0,17.0
2013,6,27,DL,DEN,46.0,93.0,47.0
2013,6,27,AS,SEA,83.0,94.0,11.0
2013,6,27,DL,DTW,78.0,191.0,113.0
2013,6,27,DL,ATL,88.0,196.0,108.0
2013,6,27,MQ,CMH,110.0,238.0,128.0
2013,6,27,DL,LAS,36.0,128.0,92.0
2013,6,27,9E,MCI,158.0,242.0,84.0
2013,6,27,DL,MCO,54.0,79.0,25.0
2013,6,27,DL,ATL,56.0,115.0,59.0
2013,6,27,DL,SFO,59.0,61.0,2.0
2013,6,27,MQ,BWI,89.0,127.0,38.0
2013,6,27,UA,SAN,36.0,120.0,84.0
2013,6,27,B6,MCO,45.0,93.0,48.0
2013,6,27,DL,SLC,26.0,100.0,74.0
2013,6,27,DL,ATL,32.0,142.0,110.0
2013,6,27,UA,MIA,108.0,108.0,0.0
2013,6,27,B6,LAS,66.0,135.0,69.0
2013,6,27,B6,ABQ,0.0,103.0,103.0
2013,6,27,UA,LAS,54.0,128.0,74.0
2013,6,27,AA,LAX,70.0,107.0,37.0
2013,6,27,B6,SJC,94.0,146.0,52.0
2013,6,27,WN,MDW,152.0,209.0,57.0
2013,6,27,EV,OKC,33.0,100.0,67.0
2013,6,27,UA,IAH,80.0,162.0,82.0
2013,6,27,AA,IAH,184.0,195.0,11.0
2013,6,27,B6,SMF,60.0,118.0,58.0
2013,6,27,DL,PIT,41.0,129.0,88.0
2013,6,27,UA,BOS,82.0,61.0,-21.0
2013,6,27,AA,BOS,85.0,184.0,99.0
2013,6,27,B6,SFO,166.0,220.0,54.0
2013,6,27,WN,MKE,101.0,204.0,103.0
2013,6,27,EV,TYS,61.0,117.0,56.0
2013,6,27,B6,SLC,81.0,149.0,68.0
2013,6,27,US,BOS,-8.0,123.0,131.0
2013,6,27,US,DCA,55.0,98.0,43.0
2013,6,27,B6,MCO,55.0,85.0,30.0
2013,6,27,US,BOS,62.0,177.0,115.0
2013,6,27,B6,AUS,54.0,93.0,39.0
2013,6,27,B6,DEN,4.0,71.0,67.0
2013,6,27,B6,PHX,63.0,105.0,42.0
2013,6,27,B6,PDX,47.0,139.0,92.0
2013,6,27,B6,ORD,94.0,166.0,72.0
2013,6,27,B6,BUR,226.0,247.0,21.0
2013,6,27,DL,SAT,163.0,160.0,-3.0
2013,6,27,9E,MSY,149.0,165.0,16.0
2013,6,27,WN,MSY,209.0,176.0,-33.0
2013,6,27,UA,LAX,96.0,119.0,23.0
2013,6,27,B6,LAX,73.0,104.0,31.0
2013,6,27,UA,IAH,101.0,67.0,-34.0
2013,6,27,UA,SEA,129.0,123.0,-6.0
2013,6,27,EV,MKE,222.0,219.0,-3.0
2013,6,27,DL,SJU,54.0,60.0,6.0
2013,6,27,DL,LAX,74.0,100.0,26.0
2013,6,27,DL,ATL,317.0,320.0,3.0
2013,6,27,UA,SAN,271.0,248.0,-23.0
2013,6,27,FL,ATL,204.0,209.0,5.0
2013,6,27,UA,DEN,81.0,71.0,-10.0
2013,6,27,AA,DFW,189.0,174.0,-15.0
2013,6,27,UA,DFW,255.0,223.0,-32.0
2013,6,27,B6,MCO,76.0,72.0,-4.0
2013,6,27,MQ,ORD,257.0,219.0,-38.0
2013,6,27,WN,HOU,334.0,297.0,-37.0
2013,6,27,B6,MSY,85.0,99.0,14.0
2013,6,27,EV,DSM,180.0,164.0,-16.0
2013,6,27,VX,SFO,249.0,278.0,29.0
2013,6,27,B6,SYR,20.0,62.0,42.0
2013,6,27,EV,MKE,436.0,431.0,-5.0
2013,6,27,MQ,XNA,316.0,311.0,-5.0
2013,6,27,DL,FLL,131.0,136.0,5.0
2013,6,27,YV,CLT,340.0,328.0,-12.0
2013,6,27,AA,LAX,86.0,78.0,-8.0
2013,6,27,B6,SFO,167.0,182.0,15.0
2013,6,27,DL,BOS,98.0,92.0,-6.0
2013,6,27,MQ,BNA,294.0,283.0,-11.0
2013,6,27,VX,LAX,204.0,205.0,1.0
2013,6,27,UA,IAH,121.0,94.0,-27.0
2013,6,27,EV,CLE,207.0,185.0,-22.0
2013,6,27,B6,TPA,97.0,120.0,23.0
2013,6,27,EV,ROC,419.0,387.0,-32.0
2013,6,27,US,CLT,307.0,328.0,21.0
2013,6,27,9E,MSP,321.0,300.0,-21.0
2013,6,27,B6,LAX,61.0,84.0,23.0
2013,6,27,B6,LAS,132.0,148.0,16.0
2013,6,27,EV,DAY,198.0,184.0,-14.0
2013,6,27,UA,IAH,405.0,390.0,-15.0
2013,6,27,B6,BOS,189.0,175.0,-14.0
2013,6,27,DL,SEA,294.0,292.0,-2.0
2013,6,27,UA,ORD,355.0,326.0,-29.0
2013,6,27,B6,SJU,175.0,194.0,19.0
2013,6,28,DL,LAS,167.0,143.0,-24.0
2013,6,28,WN,MDW,216.0,188.0,-28.0
2013,6,28,9E,BOS,277.0,241.0,-36.0
2013,6,28,B6,MCO,193.0,184.0,-9.0
2013,6,28,B6,BUF,189.0,172.0,-17.0
2013,6,28,B6,LAX,94.0,83.0,-11.0
2013,6,28,B6,DEN,180.0,161.0,-19.0
2013,6,28,WN,MDW,217.0,175.0,-42.0
2013,6,28,B6,TPA,158.0,155.0,-3.0
2013,6,28,UA,IAH,189.0,168.0,-21.0
2013,6,28,DL,ATL,398.0,357.0,-41.0
2013,6,28,B6,BUF,110.0,98.0,-12.0
2013,6,28,B6,FLL,190.0,193.0,3.0
2013,6,28,B6,LAS,195.0,185.0,-10.0
2013,6,28,UA,IAH,276.0,262.0,-14.0
2013,6,28,WN,MSY,382.0,363.0,-19.0
2013,6,28,DL,TPA,328.0,339.0,11.0
2013,6,28,B6,FLL,323.0,308.0,-15.0
2013,6,28,B6,FLL,396.0,366.0,-30.0
2013,6,28,EV,MHT,218.0,196.0,-22.0
2013,6,28,DL,ATL,502.0,490.0,-12.0
2013,6,28,B6,SJU,86.0,74.0,-12.0
2013,6,28,US,CLT,500.0,485.0,-15.0
2013,6,28,B6,MCO,233.0,217.0,-16.0
2013,6,28,DL,ATL,284.0,280.0,-4.0
2013,6,28,DL,ATL,410.0,386.0,-24.0
2013,6,28,DL,ATL,454.0,434.0,-20.0
2013,6,28,B6,FLL,267.0,256.0,-11.0
2013,6,28,EV,BTV,240.0,209.0,-31.0
2013,6,28,UA,LAX,312.0,277.0,-35.0
2013,6,28,B6,PSE,198.0,182.0,-16.0
2013,6,28,EV,IAD,80.0,66.0,-14.0
2013,6,28,B6,TPA,105.0,98.0,-7.0
2013,6,28,UA,MCO,122.0,115.0,-7.0
2013,6,28,B6,MCO,68.0,66.0,-2.0
2013,6,28,B6,ORD,112.0,113.0,1.0
2013,6,28,AA,LAX,104.0,118.0,14.0
2013,6,28,UA,ORD,90.0,70.0,-20.0
2013,6,28,MQ,BNA,73.0,62.0,-11.0
2013,6,28,9E,CHS,103.0,81.0,-22.0
2013,6,28,B6,SFO,82.0,62.0,-20.0
2013,6,28,US,CLT,144.0,143.0,-1.0
2013,6,28,EV,XNA,131.0,119.0,-12.0
2013,6,28,9E,DCA,93.0,87.0,-6.0
2013,6,28,US,CLT,121.0,116.0,-5.0
2013,6,28,DL,MIA,96.0,67.0,-29.0
2013,6,28,B6,LAX,92.0,88.0,-4.0
2013,6,28,B6,TPA,70.0,75.0,5.0
2013,6,28,B6,LAS,98.0,97.0,-1.0
2013,6,28,AA,SFO,78.0,82.0,4.0
2013,6,28,US,PHX,86.0,107.0,21.0
2013,6,28,VX,SFO,94.0,85.0,-9.0
2013,6,28,US,CLT,107.0,105.0,-2.0
2013,6,28,VX,SFO,100.0,84.0,-16.0
2013,6,28,B6,PBI,102.0,106.0,4.0
2013,6,28,AA,ORD,125.0,93.0,-32.0
2013,6,28,MQ,BNA,64.0,68.0,4.0
2013,6,28,DL,LAX,80.0,73.0,-7.0
2013,6,28,EV,RDU,91.0,88.0,-3.0
2013,6,28,MQ,ATL,105.0,111.0,6.0
2013,6,28,EV,DTW,87.0,119.0,32.0
2013,6,28,MQ,CLE,50.0,63.0,13.0
2013,6,28,UA,BOS,123.0,106.0,-17.0
2013,6,28,EV,GSO,75.0,70.0,-5.0
2013,6,28,MQ,PIT,6.0,85.0,79.0
2013,6,28,MQ,ATL,38.0,90.0,52.0
2013,6,28,EV,MSN,37.0,89.0,52.0
2013,6,28,WN,PHX,88.0,101.0,13.0
2013,6,28,EV,ATL,133.0,158.0,25.0
2013,6,28,EV,CLT,17.0,93.0,76.0
2013,6,28,FL,CAK,47.0,113.0,66.0
2013,6,28,B6,MSY,41.0,76.0,35.0
2013,6,28,EV,STL,-5.0,63.0,68.0
2013,6,28,AA,LAX,102.0,96.0,-6.0
2013,6,28,B6,CHS,96.0,99.0,3.0
2013,6,28,MQ,RDU,134.0,125.0,-9.0
2013,6,28,B6,MCO,102.0,124.0,22.0
2013,6,28,9E,CLE,59.0,97.0,38.0
2013,6,28,UA,PBI,155.0,159.0,4.0
2013,6,28,DL,DTW,70.0,65.0,-5.0
2013,6,28,MQ,CLE,75.0,108.0,33.0
2013,6,28,DL,MCO,145.0,148.0,3.0
2013,6,28,9E,MKE,0.0,75.0,75.0
2013,6,28,9E,DFW,78.0,80.0,2.0
2013,6,28,UA,SEA,2.0,69.0,67.0
2013,6,28,B6,MCO,80.0,82.0,2.0
2013,6,28,B6,FLL,89.0,96.0,7.0
2013,6,28,DL,MCO,72.0,89.0,17.0
2013,6,28,DL,BOS,94.0,79.0,-15.0
2013,6,28,DL,MCO,35.0,62.0,27.0
2013,6,28,9E,BUF,107.0,155.0,48.0
2013,6,28,DL,MSP,117.0,150.0,33.0
2013,6,28,MQ,IND,64.0,104.0,40.0
2013,6,28,UA,SAN,107.0,81.0,-26.0
2013,6,28,DL,FLL,75.0,67.0,-8.0
2013,6,28,9E,MSP,49.0,90.0,41.0
2013,6,28,B6,BUF,19.0,72.0,53.0
2013,6,28,UA,SFO,149.0,186.0,37.0
2013,6,28,EV,BNA,92.0,88.0,-4.0
2013,6,28,US,CLT,84.0,118.0,34.0
2013,6,28,UA,CLE,141.0,157.0,16.0
2013,6,28,UA,RSW,132.0,127.0,-5.0
2013,6,28,EV,SDF,77.0,79.0,2.0
2013,6,28,AA,BOS,72.0,68.0,-4.0
2013,6,28,B6,RSW,112.0,133.0,21.0
2013,6,28,9E,DTW,65.0,79.0,14.0
2013,6,28,MQ,XNA,122.0,128.0,6.0
2013,6,28,US,PHX,58.0,96.0,38.0
2013,6,28,UA,CLE,100.0,102.0,2.0
2013,6,28,DL,TPA,122.0,129.0,7.0
2013,6,28,DL,BOS,70.0,72.0,2.0
2013,6,28,B6,PBI,69.0,111.0,42.0
2013,6,28,DL,DTW,180.0,176.0,-4.0
2013,6,28,MQ,DTW,85.0,92.0,7.0
2013,6,28,B6,SAN,90.0,75.0,-15.0
2013,6,28,US,PHL,140.0,133.0,-7.0
2013,6,28,UA,DEN,41.0,86.0,45.0
2013,6,28,EV,RDU,113.0,173.0,60.0
2013,6,28,WN,MDW,83.0,91.0,8.0
2013,6,28,VX,LAX,75.0,118.0,43.0
2013,6,28,US,DCA,191.0,243.0,52.0
2013,6,28,UA,SFO,57.0,105.0,48.0
2013,6,28,UA,SFO,124.0,166.0,42.0
2013,6,28,EV,RIC,90.0,88.0,-2.0
2013,6,28,UA,PBI,92.0,134.0,42.0
2013,6,28,UA,LAX,38.0,104.0,66.0
2013,6,28,AA,SAN,57.0,121.0,64.0
2013,6,28,AA,ORD,90.0,65.0,-25.0
2013,6,28,UA,ORD,96.0,80.0,-16.0
2013,6,28,UA,IAH,73.0,79.0,6.0
2013,6,28,MQ,RDU,132.0,155.0,23.0
2013,6,28,UA,SFO,73.0,63.0,-10.0
2013,6,28,UA,IAH,105.0,90.0,-15.0
2013,6,28,DL,DTW,18.0,65.0,47.0
2013,6,28,VX,SFO,142.0,194.0,52.0
2013,6,28,AA,LAX,200.0,211.0,11.0
2013,6,28,MQ,ORF,126.0,185.0,59.0
2013,6,28,EV,IAD,269.0,292.0,23.0
2013,6,28,DL,SLC,104.0,117.0,13.0
2013,6,28,B6,BOS,154.0,141.0,-13.0
2013,6,28,B6,PWM,119.0,96.0,-23.0
2013,6,28,EV,RIC,376.0,401.0,25.0
2013,6,28,DL,PDX,198.0,165.0,-33.0
2013,6,28,UA,SFO,52.0,71.0,19.0
2013,6,28,MQ,TVC,87.0,76.0,-11.0
2013,6,28,B6,SFO,88.0,140.0,52.0
2013,6,28,9E,CVG,153.0,154.0,1.0
2013,6,28,B6,MCO,144.0,146.0,2.0
2013,6,28,DL,SEA,120.0,108.0,-12.0
2013,6,28,B6,SJC,43.0,107.0,64.0
2013,6,28,EV,CHS,281.0,328.0,47.0
2013,6,28,AA,SEA,69.0,79.0,10.0
2013,6,28,UA,SEA,82.0,62.0,-20.0
2013,6,28,EV,CHS,167.0,185.0,18.0
2013,6,28,DL,PWM,134.0,122.0,-12.0
2013,6,28,DL,SFO,51.0,71.0,20.0
2013,6,28,B6,BUR,115.0,151.0,36.0
2013,6,28,DL,DTW,211.0,202.0,-9.0
2013,6,28,9E,PHL,197.0,171.0,-26.0
2013,6,28,UA,DFW,106.0,83.0,-23.0
2013,6,28,VX,SFO,153.0,164.0,11.0
2013,6,28,DL,SEA,62.0,71.0,9.0
2013,6,28,DL,MCO,129.0,126.0,-3.0
2013,6,28,UA,DEN,106.0,131.0,25.0
2013,6,28,B6,SLC,42.0,75.0,33.0
2013,6,28,AA,SFO,145.0,187.0,42.0
2013,6,28,UA,MIA,81.0,95.0,14.0
2013,6,28,DL,MSP,109.0,104.0,-5.0
2013,6,28,UA,ORD,146.0,113.0,-33.0
2013,6,28,B6,LGB,123.0,174.0,51.0
2013,6,28,DL,MSY,126.0,133.0,7.0
2013,6,28,UA,TPA,117.0,100.0,-17.0
2013,6,28,AS,SEA,127.0,121.0,-6.0
2013,6,28,EV,MKE,127.0,146.0,19.0
2013,6,28,WN,BNA,140.0,138.0,-2.0
2013,6,28,B6,IAD,162.0,150.0,-12.0
2013,6,28,B6,SMF,57.0,90.0,33.0
2013,6,28,WN,HOU,209.0,187.0,-22.0
2013,6,28,WN,MKE,96.0,69.0,-27.0
2013,6,28,DL,FLL,71.0,83.0,12.0
2013,6,28,B6,BOS,193.0,175.0,-18.0
2013,6,28,MQ,DCA,208.0,225.0,17.0
2013,6,28,AA,BOS,90.0,105.0,15.0
2013,6,28,WN,DEN,191.0,167.0,-24.0
2013,6,28,DL,MCO,81.0,74.0,-7.0
2013,6,28,AA,LAX,224.0,263.0,39.0
2013,6,28,VX,LAX,119.0,119.0,0.0
2013,6,28,B6,BUF,148.0,157.0,9.0
2013,6,28,B6,LAS,127.0,116.0,-11.0
2013,6,28,EV,RIC,133.0,148.0,15.0
2013,6,28,UA,ORD,136.0,103.0,-33.0
2013,6,28,B6,FLL,134.0,149.0,15.0
2013,6,28,DL,ATL,113.0,80.0,-33.0
2013,6,28,UA,SFO,109.0,62.0,-47.0
2013,6,28,9E,MSP,193.0,178.0,-15.0
2013,6,28,UA,LAX,69.0,101.0,32.0
2013,6,28,EV,BUF,258.0,241.0,-17.0
2013,6,28,DL,SAT,155.0,114.0,-41.0
2013,6,28,VX,SFO,172.0,199.0,27.0
2013,6,28,WN,MDW,230.0,204.0,-26.0
2013,6,28,UA,BOS,155.0,139.0,-16.0
2013,6,28,FL,ATL,178.0,170.0,-8.0
2013,6,28,B6,PHX,89.0,99.0,10.0
2013,6,28,UA,FLL,150.0,134.0,-16.0
2013,6,28,EV,CLT,167.0,144.0,-23.0
2013,6,28,AA,DFW,168.0,148.0,-20.0
2013,6,28,DL,MIA,224.0,242.0,18.0
2013,6,28,EV,CLE,126.0,112.0,-14.0
2013,6,28,B6,AUS,104.0,112.0,8.0
2013,6,28,EV,OKC,131.0,118.0,-13.0
2013,6,28,UA,AUS,84.0,76.0,-8.0
2013,6,28,UA,BQN,100.0,70.0,-30.0
2013,6,28,UA,SFO,107.0,91.0,-16.0
2013,6,28,UA,SAN,173.0,172.0,-1.0
2013,6,28,DL,MSP,258.0,211.0,-47.0
2013,6,28,EV,TVC,144.0,105.0,-39.0
2013,6,28,WN,STL,285.0,272.0,-13.0
2013,6,28,UA,SEA,143.0,108.0,-35.0
2013,6,28,UA,CLE,263.0,226.0,-37.0
2013,6,28,EV,CLT,175.0,166.0,-9.0
2013,6,28,UA,MIA,146.0,131.0,-15.0
2013,6,28,B6,PBI,247.0,249.0,2.0
2013,6,28,UA,BOS,268.0,247.0,-21.0
2013,6,28,UA,BOS,95.0,70.0,-25.0
2013,6,28,EV,DAY,121.0,115.0,-6.0
2013,6,28,UA,PBI,69.0,81.0,12.0
2013,6,28,B6,BOS,153.0,132.0,-21.0
2013,6,28,US,DCA,94.0,88.0,-6.0
2013,6,28,B6,ORD,159.0,125.0,-34.0
2013,6,28,UA,BOS,77.0,63.0,-14.0
2013,6,28,DL,DEN,228.0,180.0,-48.0
2013,6,28,DL,TPA,168.0,148.0,-20.0
2013,6,28,DL,LAX,112.0,92.0,-20.0
2013,6,28,DL,PIT,173.0,151.0,-22.0
2013,6,28,B6,SFO,149.0,124.0,-25.0
2013,6,28,UA,FLL,154.0,126.0,-28.0
2013,6,28,9E,ORD,239.0,191.0,-48.0
2013,6,28,EV,TUL,170.0,163.0,-7.0
2013,6,28,B6,ROC,164.0,149.0,-15.0
2013,6,28,EV,TYS,206.0,198.0,-8.0
2013,6,28,B6,MCO,117.0,105.0,-12.0
2013,6,28,DL,BOS,91.0,70.0,-21.0
2013,6,28,MQ,CLE,284.0,276.0,-8.0
2013,6,28,B6,PDX,150.0,126.0,-24.0
2013,6,28,DL,SJU,126.0,94.0,-32.0
2013,6,28,UA,SJU,174.0,140.0,-34.0
2013,6,28,AA,LAX,254.0,224.0,-30.0
2013,6,28,EV,RIC,152.0,148.0,-4.0
2013,6,28,B6,BOS,170.0,157.0,-13.0
2013,6,28,B6,MSY,141.0,127.0,-14.0
2013,6,28,B6,MCO,343.0,333.0,-10.0
2013,6,28,B6,SJU,166.0,155.0,-11.0
2013,6,28,B6,LAX,181.0,161.0,-20.0
2013,6,28,UA,LAS,271.0,239.0,-32.0
2013,6,28,UA,TPA,223.0,198.0,-25.0
2013,6,28,VX,LAX,233.0,221.0,-12.0
2013,6,28,MQ,CMH,240.0,225.0,-15.0
2013,6,28,EV,CVG,216.0,211.0,-5.0
2013,6,29,B6,SJU,194.0,169.0,-25.0
2013,6,29,B6,ROC,92.0,80.0,-12.0
2013,6,29,B6,BQN,79.0,65.0,-14.0
2013,6,29,B6,SJU,86.0,71.0,-15.0
2013,6,29,B6,ACK,-5.0,86.0,91.0
2013,6,29,B6,ORD,69.0,80.0,11.0
2013,6,29,DL,MCO,58.0,63.0,5.0
2013,6,29,AA,MIA,73.0,60.0,-13.0
2013,6,29,EV,BUF,176.0,174.0,-2.0
2013,6,29,EV,ALB,84.0,78.0,-6.0
2013,6,29,MQ,DCA,62.0,81.0,19.0
2013,6,29,DL,FLL,45.0,74.0,29.0
2013,6,29,US,CLT,131.0,128.0,-3.0
2013,6,29,DL,MIA,64.0,63.0,-1.0
2013,6,29,EV,ORF,111.0,111.0,0.0
2013,6,29,UA,MIA,120.0,111.0,-9.0
2013,6,29,DL,ATL,103.0,92.0,-11.0
2013,6,29,US,CLT,97.0,87.0,-10.0
2013,6,29,B6,ACK,73.0,81.0,8.0
2013,6,29,EV,IND,68.0,62.0,-6.0
2013,6,29,US,PHX,94.0,95.0,1.0
2013,6,29,B6,RSW,66.0,83.0,17.0
2013,6,29,B6,TPA,115.0,143.0,28.0
2013,6,29,EV,ATL,160.0,171.0,11.0
2013,6,29,DL,SEA,90.0,64.0,-26.0
2013,6,29,EV,MSP,110.0,77.0,-33.0
2013,6,29,UA,MIA,41.0,73.0,32.0
2013,6,29,EV,DAY,71.0,66.0,-5.0
2013,6,29,EV,CVG,107.0,86.0,-21.0
2013,6,29,AA,MIA,77.0,97.0,20.0
2013,6,29,UA,SFO,104.0,64.0,-40.0
2013,6,29,EV,DTW,103.0,97.0,-6.0
2013,6,29,AA,ORD,81.0,79.0,-2.0
2013,6,29,B6,TPA,36.0,66.0,30.0
2013,6,29,MQ,DTW,134.0,120.0,-14.0
2013,6,29,B6,MCO,157.0,150.0,-7.0
2013,6,29,B6,JAX,70.0,82.0,12.0
2013,6,29,EV,OMA,161.0,146.0,-15.0
2013,6,29,EV,CHS,86.0,75.0,-11.0
2013,6,29,B6,MCO,84.0,67.0,-17.0
2013,6,29,DL,DTW,90.0,92.0,2.0
2013,6,29,B6,HOU,89.0,75.0,-14.0
2013,6,29,FL,CAK,132.0,143.0,11.0
2013,6,29,AA,STL,84.0,96.0,12.0
2013,6,29,B6,LGB,149.0,153.0,4.0
2013,6,29,AA,ORD,106.0,83.0,-23.0
2013,6,29,UA,MCO,93.0,88.0,-5.0
2013,6,29,EV,BNA,85.0,76.0,-9.0
2013,6,29,B6,RSW,117.0,121.0,4.0
2013,6,29,WN,HOU,104.0,101.0,-3.0
2013,6,29,UA,IAH,196.0,202.0,6.0
2013,6,29,B6,MCO,89.0,92.0,3.0
2013,6,29,9E,ORD,111.0,105.0,-6.0
2013,6,29,B6,FLL,71.0,64.0,-7.0
2013,6,29,B6,TPA,87.0,72.0,-15.0
2013,6,29,EV,ORF,147.0,140.0,-7.0
2013,6,29,EV,DTW,169.0,154.0,-15.0
2013,6,29,EV,GSO,116.0,107.0,-9.0
2013,6,29,DL,MSY,78.0,62.0,-16.0
2013,6,29,MQ,CLT,100.0,102.0,2.0
2013,6,29,B6,ORD,147.0,132.0,-15.0
2013,6,29,9E,MCI,69.0,74.0,5.0
2013,6,29,EV,RDU,88.0,73.0,-15.0
2013,6,29,9E,MKE,185.0,192.0,7.0
2013,6,29,EV,DCA,91.0,78.0,-13.0
2013,6,29,B6,LGB,58.0,63.0,5.0
2013,6,29,B6,PBI,79.0,112.0,33.0
2013,6,29,9E,DTW,204.0,199.0,-5.0
2013,6,29,9E,MSP,86.0,85.0,-1.0
2013,6,29,AA,LAX,31.0,66.0,35.0
2013,6,29,DL,PHX,63.0,75.0,12.0
2013,6,29,EV,BNA,54.0,62.0,8.0
2013,6,29,B6,BUF,85.0,102.0,17.0
2013,6,29,UA,PHX,176.0,157.0,-19.0
2013,6,29,9E,ORD,86.0,84.0,-2.0
2013,6,29,9E,JAX,84.0,76.0,-8.0
2013,6,29,B6,FLL,122.0,114.0,-8.0
2013,6,29,DL,MCO,130.0,105.0,-25.0
2013,6,29,B6,BOS,270.0,266.0,-4.0
2013,6,29,UA,FLL,62.0,60.0,-2.0
2013,6,29,9E,MSY,104.0,117.0,13.0
2013,6,29,EV,TYS,95.0,81.0,-14.0
2013,6,29,EV,PWM,313.0,284.0,-29.0
2013,6,29,UA,MIA,152.0,149.0,-3.0
2013,6,29,9E,BOS,158.0,135.0,-23.0
2013,6,29,B6,PHX,108.0,101.0,-7.0
2013,6,29,B6,LAS,223.0,178.0,-45.0
2013,6,29,B6,MCO,112.0,105.0,-7.0
2013,6,30,B6,SJU,101.0,86.0,-15.0
2013,6,30,B6,BOS,81.0,68.0,-13.0
2013,6,30,WN,MDW,208.0,173.0,-35.0
2013,6,30,B6,BUF,113.0,96.0,-17.0
2013,6,30,B6,ROC,131.0,118.0,-13.0
2013,6,30,B6,SJU,77.0,67.0,-10.0
2013,6,30,B6,LAX,188.0,167.0,-21.0
2013,6,30,B6,BQN,138.0,125.0,-13.0
2013,6,30,AA,MIA,107.0,129.0,22.0
2013,6,30,UA,DEN,122.0,121.0,-1.0
2013,6,30,9E,ORD,144.0,125.0,-19.0
2013,6,30,US,DCA,-7.0,96.0,103.0
2013,6,30,MQ,DCA,9.0,78.0,69.0
2013,6,30,B6,RSW,60.0,109.0,49.0
2013,6,30,EV,RDU,61.0,62.0,1.0
2013,6,30,MQ,DTW,-8.0,77.0,85.0
2013,6,30,EV,BWI,55.0,168.0,113.0
2013,6,30,UA,ORD,6.0,62.0,56.0
2013,6,30,AA,ORD,-7.0,65.0,72.0
2013,6,30,DL,TPA,123.0,138.0,15.0
2013,6,30,DL,DTW,22.0,129.0,107.0
2013,6,30,EV,CLE,20.0,90.0,70.0
2013,6,30,EV,CLT,61.0,94.0,33.0
2013,6,30,EV,RIC,22.0,61.0,39.0
2013,6,30,MQ,CLE,23.0,138.0,115.0
2013,6,30,MQ,CLT,-3.0,76.0,79.0
2013,6,30,MQ,ORD,21.0,68.0,47.0
2013,6,30,MQ,MSP,-7.0,71.0,78.0
2013,6,30,B6,BUF,-2.0,142.0,144.0
2013,6,30,FL,CAK,-5.0,77.0,82.0
2013,6,30,EV,STL,61.0,62.0,1.0
2013,6,30,EV,ATL,87.0,100.0,13.0
2013,6,30,UA,PBI,34.0,62.0,28.0
2013,6,30,DL,MSP,-5.0,61.0,66.0
2013,6,30,9E,BUF,-1.0,74.0,75.0
2013,6,30,FL,ATL,35.0,72.0,37.0
2013,6,30,UA,CLE,14.0,71.0,57.0
2013,6,30,9E,RIC,217.0,288.0,71.0
2013,6,30,MQ,PIT,-7.0,75.0,82.0
2013,6,30,9E,IAD,2.0,64.0,62.0
2013,6,30,US,PHL,87.0,145.0,58.0
2013,6,30,EV,CLE,123.0,106.0,-17.0
2013,6,30,MQ,TVC,-11.0,70.0,81.0
2013,6,30,9E,CLE,0.0,75.0,75.0
2013,6,30,MQ,CLE,2.0,99.0,97.0
2013,6,30,UA,ORD,-5.0,61.0,66.0
2013,6,30,B6,FLL,32.0,79.0,47.0
2013,6,30,DL,DTW,8.0,86.0,78.0
2013,6,30,UA,LAX,108.0,98.0,-10.0
2013,6,30,9E,DFW,11.0,72.0,61.0
2013,6,30,DL,DTW,36.0,115.0,79.0
2013,6,30,UA,LAX,19.0,81.0,62.0
2013,6,30,B6,PBI,127.0,181.0,54.0
2013,6,30,UA,ORD,25.0,93.0,68.0
2013,6,30,WN,MKE,151.0,207.0,56.0
2013,6,30,DL,PDX,15.0,76.0,61.0
2013,6,30,MQ,ATL,113.0,104.0,-9.0
2013,6,30,UA,TPA,67.0,65.0,-2.0
2013,6,30,MQ,CMH,89.0,110.0,21.0
2013,6,30,DL,MIA,30.0,86.0,56.0
2013,6,30,DL,SFO,150.0,178.0,28.0
2013,6,30,WN,MDW,69.0,64.0,-5.0
2013,6,30,DL,SLC,56.0,74.0,18.0
2013,6,30,EV,BTV,205.0,233.0,28.0
2013,6,30,UA,SFO,74.0,127.0,53.0
2013,6,30,B6,BUF,26.0,64.0,38.0
2013,6,30,UA,CLE,75.0,73.0,-2.0
2013,6,30,UA,ORD,74.0,61.0,-13.0
2013,6,30,B6,MCO,125.0,173.0,48.0
2013,6,30,B6,SJU,5.0,64.0,59.0
2013,6,30,9E,DTW,55.0,65.0,10.0
2013,6,30,AA,SFO,116.0,122.0,6.0
2013,6,30,MQ,CVG,93.0,122.0,29.0
2013,6,30,9E,MSP,97.0,108.0,11.0
2013,6,30,B6,FLL,66.0,91.0,25.0
2013,6,30,YV,IAD,81.0,62.0,-19.0
2013,6,30,WN,DEN,111.0,124.0,13.0
2013,6,30,EV,BNA,97.0,100.0,3.0
2013,6,30,B6,ROC,253.0,243.0,-10.0
2013,6,30,AA,DFW,177.0,172.0,-5.0
2013,6,30,DL,MSY,134.0,126.0,-8.0
2013,6,30,EV,IAD,186.0,181.0,-5.0
2013,6,30,US,DCA,120.0,111.0,-9.0
2013,6,30,B6,PBI,122.0,146.0,24.0
2013,6,30,AA,LAX,54.0,89.0,35.0
2013,6,30,US,DCA,65.0,66.0,1.0
2013,6,30,EV,ROC,92.0,75.0,-17.0
2013,6,30,VX,SFO,99.0,104.0,5.0
2013,6,30,B6,ORD,136.0,165.0,29.0
2013,6,30,VX,LAX,80.0,93.0,13.0
2013,6,30,AA,DFW,149.0,131.0,-18.0
2013,6,30,DL,BOS,127.0,127.0,0.0
2013,6,30,UA,FLL,213.0,209.0,-4.0
2013,6,30,UA,DEN,170.0,163.0,-7.0
2013,6,30,B6,FLL,217.0,207.0,-10.0
2013,6,30,AA,ORD,194.0,180.0,-14.0
2013,6,30,AA,AUS,80.0,68.0,-12.0
2013,6,30,UA,SFO,94.0,131.0,37.0
2013,6,30,AA,MIA,437.0,469.0,32.0
2013,6,30,AA,DFW,103.0,98.0,-5.0
2013,6,30,US,CLT,68.0,67.0,-1.0
2013,6,30,DL,SLC,139.0,124.0,-15.0
2013,6,30,UA,SFO,146.0,187.0,41.0
2013,6,30,B6,BOS,136.0,127.0,-9.0
2013,6,30,EV,MSN,280.0,274.0,-6.0
2013,6,30,AA,STL,217.0,190.0,-27.0
2013,6,30,AA,DFW,150.0,134.0,-16.0
2013,6,30,F9,DEN,90.0,84.0,-6.0
2013,6,30,B6,PWM,107.0,121.0,14.0
2013,6,30,US,DCA,65.0,65.0,0.0
2013,6,30,UA,IAH,227.0,212.0,-15.0
2013,6,30,UA,MCO,243.0,232.0,-11.0
2013,6,30,MQ,XNA,75.0,66.0,-9.0
2013,6,30,B6,BTV,191.0,218.0,27.0
2013,6,30,UA,DEN,127.0,98.0,-29.0
2013,6,30,B6,SEA,110.0,139.0,29.0
2013,6,30,DL,DTW,121.0,96.0,-25.0
2013,6,30,EV,STL,135.0,131.0,-4.0
2013,6,30,UA,DFW,72.0,67.0,-5.0
2013,6,30,US,CLT,142.0,122.0,-20.0
2013,6,30,US,DCA,268.0,279.0,11.0
2013,6,30,UA,IAH,180.0,170.0,-10.0
2013,6,30,MQ,BNA,61.0,63.0,2.0
2013,6,30,AA,IAH,116.0,99.0,-17.0
2013,6,30,AA,SFO,97.0,123.0,26.0
2013,6,30,B6,IAD,97.0,135.0,38.0
2013,6,30,DL,MSY,67.0,79.0,12.0
2013,6,30,B6,TPA,248.0,262.0,14.0
2013,6,30,EV,MKE,73.0,65.0,-8.0
2013,6,30,EV,RIC,163.0,153.0,-10.0
2013,6,30,MQ,CLT,270.0,266.0,-4.0
2013,6,30,AA,SEA,83.0,89.0,6.0
2013,6,30,UA,ORD,195.0,179.0,-16.0
2013,6,30,B6,MVY,150.0,161.0,11.0
2013,6,30,B6,SJC,70.0,68.0,-2.0
2013,6,30,DL,DTW,95.0,75.0,-20.0
2013,6,30,DL,PIT,126.0,103.0,-23.0
2013,6,30,DL,MSP,231.0,199.0,-32.0
2013,6,30,B6,RDU,183.0,170.0,-13.0
2013,6,30,B6,LAS,74.0,61.0,-13.0
2013,6,30,VX,LAX,78.0,61.0,-17.0
2013,6,30,UA,DEN,184.0,133.0,-51.0
2013,6,30,EV,MSP,244.0,231.0,-13.0
2013,6,30,DL,ATL,119.0,102.0,-17.0
2013,6,30,AA,DFW,146.0,127.0,-19.0
2013,6,30,EV,DTW,172.0,156.0,-16.0
2013,6,30,UA,LAX,235.0,253.0,18.0
2013,6,30,UA,FLL,47.0,66.0,19.0
2013,6,30,EV,IND,188.0,186.0,-2.0
2013,6,30,B6,MCO,152.0,142.0,-10.0
2013,6,30,US,PHX,242.0,219.0,-23.0
2013,6,30,MQ,CMH,156.0,144.0,-12.0
2013,6,30,B6,BOS,188.0,178.0,-10.0
2013,6,30,MQ,BNA,238.0,218.0,-20.0
2013,6,30,9E,CVG,224.0,221.0,-3.0
2013,6,30,WN,HOU,217.0,205.0,-12.0
2013,6,30,WN,BNA,153.0,144.0,-9.0
2013,6,30,AA,SAN,194.0,202.0,8.0
2013,6,30,EV,SDF,286.0,286.0,0.0
2013,6,30,B6,TPA,272.0,271.0,-1.0
2013,6,30,DL,MCO,176.0,153.0,-23.0
2013,6,30,EV,BHM,105.0,86.0,-19.0
2013,6,30,AA,MIA,278.0,242.0,-36.0
2013,6,30,EV,GSO,266.0,260.0,-6.0
2013,6,30,MQ,CMH,90.0,85.0,-5.0
2013,6,30,EV,MCI,158.0,154.0,-4.0
2013,6,30,MQ,CLE,153.0,157.0,4.0
2013,6,30,B6,FLL,127.0,135.0,8.0
2013,6,30,UA,MCO,318.0,336.0,18.0
2013,6,30,AA,ORD,245.0,225.0,-20.0
2013,6,30,UA,SAN,201.0,179.0,-22.0
2013,6,30,FL,ATL,221.0,220.0,-1.0
2013,6,30,DL,FLL,106.0,104.0,-2.0
2013,6,30,AA,BOS,117.0,123.0,6.0
2013,6,30,B6,PHX,49.0,77.0,28.0
2013,6,30,EV,IAD,111.0,107.0,-4.0
2013,6,30,B6,BUR,207.0,209.0,2.0
2013,6,30,US,CLT,186.0,163.0,-23.0
2013,6,30,B6,ROC,71.0,79.0,8.0
2013,6,30,EV,CAE,180.0,187.0,7.0
2013,6,30,B6,MCO,97.0,88.0,-9.0
2013,6,30,B6,MCO,272.0,265.0,-7.0
2013,6,30,B6,FLL,126.0,124.0,-2.0
2013,6,30,EV,DTW,192.0,154.0,-38.0
2013,6,30,B6,MCO,147.0,130.0,-17.0
2013,6,30,UA,SFO,139.0,91.0,-48.0
2013,6,30,EV,CLT,172.0,153.0,-19.0
2013,6,30,FL,ATL,167.0,153.0,-14.0
2013,6,30,B6,TPA,136.0,143.0,7.0
2013,6,30,EV,IND,350.0,349.0,-1.0
2013,6,30,EV,DTW,411.0,419.0,8.0
2013,6,30,WN,MKE,166.0,132.0,-34.0
2013,6,30,EV,CVG,281.0,291.0,10.0
2013,6,30,UA,TPA,204.0,174.0,-30.0
2013,6,30,EV,MKE,357.0,359.0,2.0
2013,6,30,B6,MCO,38.0,75.0,37.0
2013,6,30,UA,BQN,89.0,68.0,-21.0
2013,6,30,UA,CLE,112.0,84.0,-28.0
2013,6,30,UA,SFO,222.0,177.0,-45.0
2013,6,30,MQ,RDU,124.0,114.0,-10.0
2013,6,30,EV,CLE,131.0,111.0,-20.0
2013,6,30,EV,CVG,110.0,108.0,-2.0
2013,6,30,EV,DSM,140.0,109.0,-31.0
2013,6,30,EV,CLT,56.0,75.0,19.0
2013,6,30,B6,FLL,232.0,209.0,-23.0
2013,6,30,B6,PBI,355.0,377.0,22.0
2013,6,30,B6,PBI,245.0,246.0,1.0
2013,6,30,EV,DAY,92.0,108.0,16.0
2013,6,30,UA,DEN,160.0,116.0,-44.0
2013,6,30,MQ,ORD,81.0,79.0,-2.0
2013,6,30,B6,JAX,57.0,64.0,7.0
2013,6,30,US,DCA,147.0,134.0,-13.0
2013,6,30,UA,ORD,148.0,117.0,-31.0
2013,6,30,B6,SJU,88.0,78.0,-10.0
2013,6,30,UA,AUS,101.0,87.0,-14.0
2013,6,30,EV,RIC,125.0,139.0,14.0
2013,6,30,UA,SAN,188.0,159.0,-29.0
2013,6,30,EV,OKC,163.0,146.0,-17.0
2013,6,30,WN,MDW,134.0,111.0,-23.0
2013,6,30,DL,ATL,194.0,197.0,3.0
2013,6,30,EV,RIC,226.0,266.0,40.0
2013,6,30,UA,LAX,325.0,269.0,-56.0
2013,6,30,UA,BOS,115.0,94.0,-21.0
2013,6,30,US,BOS,119.0,110.0,-9.0
2013,6,30,B6,MSY,111.0,95.0,-16.0
2013,6,30,B6,FLL,99.0,81.0,-18.0
2013,6,30,EV,OMA,168.0,131.0,-37.0
2013,6,30,B6,BOS,151.0,135.0,-16.0
2013,6,30,EV,BNA,238.0,218.0,-20.0
2013,6,30,FL,CAK,171.0,150.0,-21.0
2013,6,30,B6,TPA,90.0,88.0,-2.0
2013,6,30,B6,DEN,120.0,84.0,-36.0
2013,6,30,B6,BOS,123.0,107.0,-16.0
2013,6,30,B6,BUF,298.0,275.0,-23.0
2013,6,30,B6,SFO,187.0,152.0,-35.0
2013,6,30,EV,JAX,194.0,182.0,-12.0
2013,6,30,B6,MCO,119.0,119.0,0.0
2013,6,30,EV,BTV,142.0,132.0,-10.0
2013,6,30,B6,FLL,138.0,135.0,-3.0
2013,6,30,B6,BTV,69.0,76.0,7.0
2013,6,30,UA,MCO,165.0,144.0,-21.0
2013,6,30,EV,MHT,93.0,79.0,-14.0
2013,6,30,B6,BUF,169.0,155.0,-14.0
2013,7,1,B6,SFO,212.0,157.0,-55.0
2013,7,1,B6,BTV,104.0,110.0,6.0
2013,7,1,B6,FLL,193.0,188.0,-5.0
2013,7,1,AA,LAX,174.0,120.0,-54.0
2013,7,1,B6,PDX,235.0,186.0,-49.0
2013,7,1,VX,LAX,287.0,243.0,-44.0
2013,7,1,B6,TPA,183.0,172.0,-11.0
2013,7,1,B6,MCO,194.0,177.0,-17.0
2013,7,1,B6,LAX,135.0,122.0,-13.0
2013,7,1,B6,SYR,142.0,119.0,-23.0
2013,7,1,B6,BQN,72.0,68.0,-4.0
2013,7,1,B6,LAS,219.0,182.0,-37.0
2013,7,1,DL,DTW,58.0,62.0,4.0
2013,7,1,B6,MCO,54.0,66.0,12.0
2013,7,1,FL,ATL,84.0,118.0,34.0
2013,7,1,B6,MSY,57.0,106.0,49.0
2013,7,1,B6,TPA,1.0,97.0,96.0
2013,7,1,US,CLT,-1.0,60.0,61.0
2013,7,1,DL,TPA,-9.0,115.0,124.0
2013,7,1,B6,ORD,71.0,86.0,15.0
2013,7,1,DL,PBI,11.0,164.0,153.0
2013,7,1,MQ,CLT,102.0,237.0,135.0
2013,7,1,EV,XNA,2.0,80.0,78.0
2013,7,1,US,CLT,2.0,119.0,117.0
2013,7,1,EV,DAY,19.0,110.0,91.0
2013,7,1,UA,MCO,-6.0,76.0,82.0
2013,7,1,EV,CLT,-4.0,71.0,75.0
2013,7,1,9E,ORD,-1.0,67.0,68.0
2013,7,1,EV,PWM,-8.0,73.0,81.0
2013,7,1,EV,MEM,5.0,116.0,111.0
2013,7,1,B6,BUF,128.0,148.0,20.0
2013,7,1,MQ,ATL,-2.0,119.0,121.0
2013,7,1,UA,MIA,-6.0,97.0,103.0
2013,7,1,US,CLT,-2.0,106.0,108.0
2013,7,1,EV,MCI,-10.0,66.0,76.0
2013,7,1,AA,ORD,-4.0,79.0,83.0
2013,7,1,B6,MCO,78.0,129.0,51.0
2013,7,1,9E,DCA,-1.0,67.0,68.0
2013,7,1,DL,MCO,-6.0,104.0,110.0
2013,7,1,DL,ATL,-6.0,79.0,85.0
2013,7,1,UA,SJU,-4.0,60.0,64.0
2013,7,1,EV,DTW,-5.0,61.0,66.0
2013,7,1,EV,IAD,176.0,215.0,39.0
2013,7,1,B6,FLL,-2.0,84.0,86.0
2013,7,1,UA,IAH,-1.0,87.0,88.0
2013,7,1,UA,BOS,60.0,121.0,61.0
2013,7,1,EV,CVG,16.0,105.0,89.0
2013,7,1,DL,MIA,0.0,140.0,140.0
2013,7,1,MQ,RDU,55.0,137.0,82.0
2013,7,1,B6,SEA,18.0,69.0,51.0
2013,7,1,DL,SEA,-7.0,77.0,84.0
2013,7,1,EV,IAD,214.0,262.0,48.0
2013,7,1,EV,ATL,193.0,243.0,50.0
2013,7,1,FL,ATL,99.0,168.0,69.0
2013,7,1,DL,ATL,59.0,106.0,47.0
2013,7,1,US,CLT,217.0,214.0,-3.0
2013,7,1,B6,BTV,69.0,85.0,16.0
2013,7,1,9E,SDF,40.0,77.0,37.0
2013,7,1,DL,FLL,72.0,123.0,51.0
2013,7,1,UA,IAH,73.0,84.0,11.0
2013,7,1,B6,FLL,1.0,114.0,113.0
2013,7,1,WN,MKE,52.0,73.0,21.0
2013,7,1,FL,CAK,31.0,64.0,33.0
2013,7,1,B6,PBI,5.0,119.0,114.0
2013,7,1,AA,DFW,131.0,181.0,50.0
2013,7,1,MQ,CLT,84.0,116.0,32.0
2013,7,1,MQ,BNA,146.0,191.0,45.0
2013,7,1,AA,DFW,94.0,94.0,0.0
2013,7,1,B6,RSW,175.0,210.0,35.0
2013,7,1,EV,CHS,43.0,85.0,42.0
2013,7,1,B6,TPA,33.0,121.0,88.0
2013,7,1,EV,RIC,129.0,140.0,11.0
2013,7,1,B6,LAS,63.0,98.0,35.0
2013,7,1,DL,MCO,7.0,99.0,92.0
2013,7,1,B6,RSW,1.0,106.0,105.0
2013,7,1,EV,BUF,69.0,76.0,7.0
2013,7,1,B6,BTV,-3.0,108.0,111.0
2013,7,1,UA,ORD,82.0,68.0,-14.0
2013,7,1,EV,CHS,227.0,246.0,19.0
2013,7,1,UA,ORD,145.0,141.0,-4.0
2013,7,1,EV,PIT,116.0,120.0,4.0
2013,7,1,B6,PWM,10.0,111.0,101.0
2013,7,1,UA,TPA,80.0,87.0,7.0
2013,7,1,9E,CHS,200.0,247.0,47.0
2013,7,1,MQ,DTW,75.0,68.0,-7.0
2013,7,1,DL,MSP,99.0,74.0,-25.0
2013,7,1,B6,MCO,34.0,71.0,37.0
2013,7,1,EV,OMA,85.0,67.0,-18.0
2013,7,1,EV,CLT,181.0,180.0,-1.0
2013,7,1,EV,BNA,118.0,127.0,9.0
2013,7,1,UA,BOS,109.0,90.0,-19.0
2013,7,1,DL,ATL,138.0,134.0,-4.0
2013,7,1,MQ,ATL,154.0,174.0,20.0
2013,7,1,EV,SAV,150.0,185.0,35.0
2013,7,1,AA,MIA,40.0,70.0,30.0
2013,7,1,B6,SJU,108.0,143.0,35.0
2013,7,1,DL,DTW,100.0,81.0,-19.0
2013,7,1,AA,ORD,96.0,65.0,-31.0
2013,7,1,MQ,ATL,56.0,89.0,33.0
2013,7,1,B6,ACK,53.0,75.0,22.0
2013,7,1,MQ,CMH,109.0,104.0,-5.0
2013,7,1,EV,IND,133.0,146.0,13.0
2013,7,1,UA,IAH,133.0,133.0,0.0
2013,7,1,WN,MDW,121.0,88.0,-33.0
2013,7,1,EV,BTV,72.0,69.0,-3.0
2013,7,1,EV,RDU,79.0,96.0,17.0
2013,7,1,DL,FLL,99.0,113.0,14.0
2013,7,1,EV,IAD,199.0,208.0,9.0
2013,7,1,EV,MCI,98.0,152.0,54.0
2013,7,1,WN,DEN,105.0,74.0,-31.0
2013,7,1,B6,BOS,207.0,201.0,-6.0
2013,7,1,UA,ORD,105.0,76.0,-29.0
2013,7,1,DL,PBI,112.0,131.0,19.0
2013,7,1,WN,HOU,77.0,80.0,3.0
2013,7,1,DL,ATL,125.0,146.0,21.0
2013,7,1,EV,ATL,51.0,68.0,17.0
2013,7,1,EV,ATL,258.0,292.0,34.0
2013,7,1,DL,SRQ,176.0,176.0,0.0
2013,7,1,EV,BDL,55.0,73.0,18.0
2013,7,1,B6,MCO,263.0,283.0,20.0
2013,7,1,EV,DTW,86.0,92.0,6.0
2013,7,1,EV,IAD,82.0,86.0,4.0
2013,7,1,B6,FLL,269.0,305.0,36.0
2013,7,1,EV,JAX,94.0,120.0,26.0
2013,7,1,EV,DCA,66.0,90.0,24.0
2013,7,1,EV,MCI,350.0,315.0,-35.0
2013,7,1,UA,DEN,174.0,194.0,20.0
2013,7,1,B6,MCO,91.0,123.0,32.0
2013,7,1,YV,CLT,158.0,161.0,3.0
2013,7,1,AA,MIA,175.0,214.0,39.0
2013,7,1,UA,ATL,65.0,77.0,12.0
2013,7,1,MQ,ORD,259.0,258.0,-1.0
2013,7,1,DL,BOS,146.0,132.0,-14.0
2013,7,1,EV,CLT,111.0,122.0,11.0
2013,7,1,US,CLT,148.0,141.0,-7.0
2013,7,1,EV,BNA,76.0,96.0,20.0
2013,7,1,DL,LAX,156.0,136.0,-20.0
2013,7,1,UA,MCO,103.0,113.0,10.0
2013,7,1,UA,DEN,164.0,145.0,-19.0
2013,7,1,US,DCA,102.0,111.0,9.0
2013,7,1,MQ,DTW,106.0,98.0,-8.0
2013,7,1,US,CLT,93.0,86.0,-7.0
2013,7,1,MQ,RDU,176.0,192.0,16.0
2013,7,1,B6,FLL,86.0,103.0,17.0
2013,7,1,B6,BOS,125.0,139.0,14.0
2013,7,1,EV,DAY,171.0,170.0,-1.0
2013,7,1,EV,RIC,123.0,119.0,-4.0
2013,7,1,DL,ATL,244.0,269.0,25.0
2013,7,1,EV,STL,96.0,89.0,-7.0
2013,7,1,UA,PBI,116.0,134.0,18.0
2013,7,1,FL,ATL,117.0,141.0,24.0
2013,7,1,DL,MIA,159.0,178.0,19.0
2013,7,1,B6,TPA,40.0,73.0,33.0
2013,7,1,F9,DEN,106.0,104.0,-2.0
2013,7,1,EV,BTV,93.0,88.0,-5.0
2013,7,1,EV,ORF,194.0,187.0,-7.0
2013,7,1,B6,MVY,89.0,98.0,9.0
2013,7,1,DL,PBI,39.0,63.0,24.0
2013,7,1,US,DCA,81.0,90.0,9.0
2013,7,1,UA,DFW,85.0,84.0,-1.0
2013,7,1,US,PHX,84.0,72.0,-12.0
2013,7,1,WN,DEN,179.0,163.0,-16.0
2013,7,1,WN,MKE,151.0,133.0,-18.0
2013,7,1,B6,MSY,48.0,79.0,31.0
2013,7,1,AA,TPA,34.0,64.0,30.0
2013,7,1,DL,MCO,104.0,108.0,4.0
2013,7,1,MQ,ATL,61.0,69.0,8.0
2013,7,1,B6,PBI,136.0,201.0,65.0
2013,7,1,EV,IAD,80.0,113.0,33.0
2013,7,1,B6,BOS,98.0,92.0,-6.0
2013,7,1,EV,ATL,56.0,76.0,20.0
2013,7,1,B6,LGB,123.0,193.0,70.0
2013,7,1,B6,RSW,149.0,187.0,38.0
2013,7,1,DL,ATL,164.0,159.0,-5.0
2013,7,1,US,CLT,164.0,157.0,-7.0
2013,7,1,EV,GSO,242.0,221.0,-21.0
2013,7,1,B6,BOS,120.0,147.0,27.0
2013,7,1,9E,CLE,62.0,83.0,21.0
2013,7,1,EV,GSP,60.0,61.0,1.0
2013,7,1,B6,HOU,62.0,95.0,33.0
2013,7,1,EV,IAD,363.0,385.0,22.0
2013,7,1,9E,DCA,78.0,75.0,-3.0
2013,7,1,B6,SRQ,158.0,147.0,-11.0
2013,7,1,EV,JAX,59.0,63.0,4.0
2013,7,1,B6,RSW,41.0,87.0,46.0
2013,7,1,B6,SJU,103.0,112.0,9.0
2013,7,1,MQ,IND,48.0,61.0,13.0
2013,7,1,MQ,RDU,174.0,164.0,-10.0
2013,7,1,US,CLT,90.0,84.0,-6.0
2013,7,1,WN,BNA,321.0,313.0,-8.0
2013,7,1,B6,BUF,117.0,137.0,20.0
2013,7,1,EV,CHS,92.0,114.0,22.0
2013,7,1,9E,BWI,110.0,129.0,19.0
2013,7,1,WN,PHX,165.0,141.0,-24.0
2013,7,1,DL,ATL,152.0,146.0,-6.0
2013,7,1,DL,MSP,117.0,90.0,-27.0
2013,7,1,DL,ATL,272.0,264.0,-8.0
2013,7,1,DL,ATL,96.0,89.0,-7.0
2013,7,1,US,DCA,96.0,87.0,-9.0
2013,7,1,9E,CLT,110.0,110.0,0.0
2013,7,1,MQ,CVG,41.0,61.0,20.0
2013,7,1,DL,MCO,49.0,69.0,20.0
2013,7,1,AA,ORD,86.0,69.0,-17.0
2013,7,1,B6,FLL,22.0,75.0,53.0
2013,7,1,WN,MDW,82.0,63.0,-19.0
2013,7,1,US,DCA,56.0,67.0,11.0
2013,7,1,DL,MIA,72.0,100.0,28.0
2013,7,1,EV,MSY,64.0,75.0,11.0
2013,7,1,MQ,BNA,85.0,68.0,-17.0
2013,7,1,UA,IAH,139.0,121.0,-18.0
2013,7,1,EV,CLT,133.0,129.0,-4.0
2013,7,1,DL,SEA,138.0,98.0,-40.0
2013,7,1,WN,MDW,218.0,203.0,-15.0
2013,7,1,DL,FLL,110.0,136.0,26.0
2013,7,1,US,CLT,102.0,86.0,-16.0
2013,7,1,WN,DEN,93.0,81.0,-12.0
2013,7,1,MQ,PIT,149.0,138.0,-11.0
2013,7,1,MQ,MSP,184.0,162.0,-22.0
2013,7,1,EV,DTW,142.0,156.0,14.0
2013,7,1,DL,LAS,125.0,110.0,-15.0
2013,7,1,UA,CLE,108.0,93.0,-15.0
2013,7,1,DL,MIA,95.0,112.0,17.0
2013,7,1,DL,AUS,91.0,95.0,4.0
2013,7,1,9E,ORD,107.0,78.0,-29.0
2013,7,1,DL,TPA,127.0,115.0,-12.0
2013,7,1,9E,MSP,101.0,64.0,-37.0
2013,7,1,B6,MCO,211.0,219.0,8.0
2013,7,1,MQ,RDU,293.0,310.0,17.0
2013,7,1,EV,ORF,141.0,140.0,-1.0
2013,7,1,UA,ORD,60.0,60.0,0.0
2013,7,1,B6,BTV,112.0,91.0,-21.0
2013,7,1,WN,STL,121.0,105.0,-16.0
2013,7,1,EV,RIC,66.0,60.0,-6.0
2013,7,1,9E,MKE,104.0,99.0,-5.0
2013,7,1,B6,ORD,127.0,135.0,8.0
2013,7,1,UA,LAX,94.0,69.0,-25.0
2013,7,1,AA,DFW,73.0,69.0,-4.0
2013,7,1,EV,ROC,97.0,80.0,-17.0
2013,7,1,B6,PBI,103.0,99.0,-4.0
2013,7,1,EV,CVG,165.0,179.0,14.0
2013,7,1,9E,DFW,194.0,190.0,-4.0
2013,7,1,B6,SJU,71.0,68.0,-3.0
2013,7,1,DL,ATL,81.0,66.0,-15.0
2013,7,1,EV,DTW,110.0,105.0,-5.0
2013,7,1,EV,MKE,155.0,168.0,13.0
2013,7,1,DL,MCO,193.0,188.0,-5.0
2013,7,1,EV,BNA,184.0,187.0,3.0
2013,7,1,AA,MIA,67.0,67.0,0.0
2013,7,1,WN,HOU,83.0,88.0,5.0
2013,7,1,AA,AUS,77.0,85.0,8.0
2013,7,1,B6,TPA,137.0,129.0,-8.0
2013,7,1,MQ,RDU,133.0,115.0,-18.0
2013,7,1,DL,DTW,83.0,68.0,-15.0
2013,7,1,UA,IAH,101.0,93.0,-8.0
2013,7,1,WN,STL,71.0,72.0,1.0
2013,7,1,UA,SFO,111.0,79.0,-32.0
2013,7,1,EV,BUF,87.0,83.0,-4.0
2013,7,1,B6,RDU,99.0,86.0,-13.0
2013,7,1,EV,DTW,86.0,93.0,7.0
2013,7,1,EV,ATL,122.0,129.0,7.0
2013,7,1,US,CLT,83.0,85.0,2.0
2013,7,1,B6,CLT,124.0,116.0,-8.0
2013,7,1,UA,ORD,65.0,77.0,12.0
2013,7,1,B6,BOS,158.0,139.0,-19.0
2013,7,1,EV,CHS,136.0,143.0,7.0
2013,7,1,EV,CVG,119.0,204.0,85.0
2013,7,1,B6,SYR,141.0,128.0,-13.0
2013,7,1,AA,ORD,137.0,102.0,-35.0
2013,7,1,B6,BUF,172.0,153.0,-19.0
2013,7,1,B6,MCO,263.0,262.0,-1.0
2013,7,1,EV,BNA,120.0,115.0,-5.0
2013,7,1,B6,JAX,285.0,297.0,12.0
2013,7,1,B6,MCO,204.0,204.0,0.0
2013,7,1,B6,TPA,242.0,260.0,18.0
2013,7,1,DL,BOS,196.0,178.0,-18.0
2013,7,1,EV,BWI,183.0,177.0,-6.0
2013,7,1,DL,ATL,87.0,91.0,4.0
2013,7,1,MQ,XNA,98.0,93.0,-5.0
2013,7,1,B6,MCO,148.0,152.0,4.0
2013,7,1,DL,MSP,203.0,171.0,-32.0
2013,7,1,9E,PHL,182.0,178.0,-4.0
2013,7,1,US,DCA,50.0,68.0,18.0
2013,7,1,DL,MIA,98.0,90.0,-8.0
2013,7,1,EV,STL,171.0,161.0,-10.0
2013,7,1,WN,MSY,89.0,74.0,-15.0
2013,7,1,UA,TPA,86.0,62.0,-24.0
2013,7,1,WN,MDW,199.0,186.0,-13.0
2013,7,1,WN,MDW,126.0,115.0,-11.0
2013,7,1,US,CLT,181.0,165.0,-16.0
2013,7,1,UA,DFW,112.0,96.0,-16.0
2013,7,1,DL,MCO,132.0,124.0,-8.0
2013,7,1,MQ,CMH,131.0,111.0,-20.0
2013,7,1,MQ,CLE,100.0,100.0,0.0
2013,7,1,WN,DEN,162.0,130.0,-32.0
2013,7,1,UA,SEA,118.0,71.0,-47.0
2013,7,1,AA,SAN,172.0,157.0,-15.0
2013,7,1,B6,BOS,178.0,172.0,-6.0
2013,7,1,9E,ORF,115.0,89.0,-26.0
2013,7,1,EV,RDU,221.0,211.0,-10.0
2013,7,1,DL,MIA,71.0,65.0,-6.0
2013,7,1,UA,SNA,142.0,80.0,-62.0
2013,7,1,B6,BUR,163.0,118.0,-45.0
2013,7,1,AA,BOS,85.0,62.0,-23.0
2013,7,1,B6,FLL,137.0,113.0,-24.0
2013,7,1,DL,FLL,78.0,80.0,2.0
2013,7,1,DL,ATL,113.0,97.0,-16.0
2013,7,1,AA,IAH,203.0,205.0,2.0
2013,7,1,B6,SEA,208.0,171.0,-37.0
2013,7,1,EV,BHM,115.0,111.0,-4.0
2013,7,1,EV,RIC,132.0,148.0,16.0
2013,7,1,EV,DCA,85.0,73.0,-12.0
2013,7,1,F9,DEN,221.0,193.0,-28.0
2013,7,1,9E,IND,161.0,155.0,-6.0
2013,7,1,EV,CLT,110.0,93.0,-17.0
2013,7,1,EV,STL,353.0,364.0,11.0
2013,7,1,MQ,MSP,144.0,131.0,-13.0
2013,7,1,B6,FLL,139.0,122.0,-17.0
2013,7,1,DL,MCO,110.0,105.0,-5.0
2013,7,1,B6,SMF,108.0,88.0,-20.0
2013,7,1,DL,ATL,118.0,111.0,-7.0
2013,7,1,DL,MCO,163.0,143.0,-20.0
2013,7,1,EV,JAX,72.0,70.0,-2.0
2013,7,1,9E,MSP,206.0,165.0,-41.0
2013,7,1,FL,CAK,77.0,63.0,-14.0
2013,7,1,DL,TPA,110.0,102.0,-8.0
2013,7,1,UA,CLE,93.0,69.0,-24.0
2013,7,1,EV,OMA,93.0,74.0,-19.0
2013,7,1,9E,DCA,89.0,82.0,-7.0
2013,7,1,WN,MKE,182.0,148.0,-34.0
2013,7,1,B6,IAD,257.0,246.0,-11.0
2013,7,1,UA,MIA,120.0,109.0,-11.0
2013,7,1,B6,BUF,230.0,218.0,-12.0
2013,7,1,MQ,ATL,154.0,132.0,-22.0
2013,7,1,9E,ORD,210.0,164.0,-46.0
2013,7,1,9E,IAD,129.0,103.0,-26.0
2013,7,1,MQ,CLT,98.0,81.0,-17.0
2013,7,1,B6,SJC,229.0,180.0,-49.0
2013,7,1,EV,CLT,90.0,86.0,-4.0
2013,7,1,B6,BOS,175.0,144.0,-31.0
2013,7,1,B6,AUS,150.0,164.0,14.0
2013,7,1,B6,MCO,98.0,88.0,-10.0
2013,7,1,B6,DEN,94.0,62.0,-32.0
2013,7,1,B6,SLC,210.0,173.0,-37.0
2013,7,1,DL,SFO,245.0,188.0,-57.0
2013,7,1,EV,SDF,133.0,114.0,-19.0
2013,7,1,MQ,DCA,88.0,100.0,12.0
2013,7,1,B6,MCO,235.0,221.0,-14.0
2013,7,1,MQ,RDU,96.0,83.0,-13.0
2013,7,1,DL,BOS,95.0,69.0,-26.0
2013,7,1,B6,MSY,124.0,117.0,-7.0
2013,7,1,B6,FLL,229.0,216.0,-13.0
2013,7,1,B6,MCO,154.0,145.0,-9.0
2013,7,1,B6,BUF,145.0,129.0,-16.0
2013,7,1,9E,CVG,184.0,158.0,-26.0
2013,7,1,MQ,BNA,140.0,130.0,-10.0
2013,7,1,B6,LAX,190.0,171.0,-19.0
2013,7,2,B6,PWM,87.0,73.0,-14.0
2013,7,2,FL,CAK,229.0,215.0,-14.0
2013,7,2,B6,LAX,115.0,79.0,-36.0
2013,7,2,B6,SYR,119.0,98.0,-21.0
2013,7,2,B6,BQN,84.0,91.0,7.0
2013,7,2,EV,CHS,265.0,239.0,-26.0
2013,7,2,B6,BTV,182.0,175.0,-7.0
2013,7,2,EV,IAD,83.0,76.0,-7.0
2013,7,2,DL,DTW,67.0,64.0,-3.0
2013,7,2,EV,GSO,70.0,79.0,9.0
2013,7,2,B6,BOS,103.0,100.0,-3.0
2013,7,2,B6,ACK,138.0,130.0,-8.0
2013,7,2,B6,SAN,93.0,78.0,-15.0
2013,7,2,B6,MCO,2.0,69.0,67.0
2013,7,2,B6,MCO,93.0,169.0,76.0
2013,7,2,B6,TPA,76.0,75.0,-1.0
2013,7,2,AA,MIA,86.0,91.0,5.0
2013,7,2,MQ,BNA,126.0,117.0,-9.0
2013,7,2,9E,RIC,64.0,70.0,6.0
2013,7,2,EV,MKE,116.0,96.0,-20.0
2013,7,2,UA,DEN,72.0,61.0,-11.0
2013,7,2,EV,RDU,74.0,77.0,3.0
2013,7,2,EV,MCI,59.0,86.0,27.0
2013,7,2,MQ,ATL,268.0,265.0,-3.0
2013,7,2,B6,SJU,168.0,170.0,2.0
2013,7,2,EV,BNA,61.0,81.0,20.0
2013,7,2,MQ,BNA,129.0,119.0,-10.0
2013,7,2,B6,PWM,167.0,161.0,-6.0
2013,7,2,MQ,CLT,40.0,104.0,64.0
2013,7,2,B6,PWM,57.0,82.0,25.0
2013,7,2,US,CLT,2.0,68.0,66.0
2013,7,2,B6,TPA,24.0,72.0,48.0
2013,7,2,B6,FLL,27.0,120.0,93.0
2013,7,2,B6,MSY,20.0,65.0,45.0
2013,7,2,B6,JAX,17.0,66.0,49.0
2013,7,2,EV,BTV,90.0,76.0,-14.0
2013,7,2,UA,DFW,71.0,66.0,-5.0
2013,7,2,EV,MSN,66.0,71.0,5.0
2013,7,2,MQ,PIT,36.0,80.0,44.0
2013,7,2,EV,DAY,213.0,205.0,-8.0
2013,7,2,AA,MIA,31.0,68.0,37.0
2013,7,2,EV,CHS,69.0,97.0,28.0
2013,7,2,MQ,MSP,95.0,66.0,-29.0
2013,7,2,MQ,CMH,15.0,69.0,54.0
2013,7,2,EV,CHS,64.0,60.0,-4.0
2013,7,2,B6,RSW,38.0,74.0,36.0
2013,7,2,EV,STL,102.0,89.0,-13.0
2013,7,2,DL,AUS,14.0,67.0,53.0
2013,7,2,EV,DCA,105.0,100.0,-5.0
2013,7,2,9E,ROC,53.0,65.0,12.0
2013,7,2,DL,MIA,43.0,77.0,34.0
2013,7,2,UA,IAH,82.0,83.0,1.0
2013,7,2,9E,ORD,59.0,80.0,21.0
2013,7,2,9E,RDU,41.0,63.0,22.0
2013,7,2,9E,PHL,27.0,80.0,53.0
2013,7,2,DL,ATL,56.0,78.0,22.0
2013,7,2,UA,CLE,109.0,89.0,-20.0
2013,7,2,B6,BUF,199.0,206.0,7.0
2013,7,2,EV,MCI,222.0,219.0,-3.0
2013,7,2,B6,PBI,82.0,81.0,-1.0
2013,7,2,B6,RDU,41.0,66.0,25.0
2013,7,2,EV,BWI,88.0,61.0,-27.0
2013,7,2,MQ,BNA,150.0,153.0,3.0
2013,7,2,MQ,ORD,145.0,139.0,-6.0
2013,7,2,EV,RIC,93.0,90.0,-3.0
2013,7,2,AA,AUS,55.0,81.0,26.0
2013,7,2,UA,DEN,75.0,79.0,4.0
2013,7,2,UA,SAT,71.0,66.0,-5.0
2013,7,2,B6,CLT,94.0,150.0,56.0
2013,7,2,UA,IAH,77.0,86.0,9.0
2013,7,2,DL,SJU,182.0,181.0,-1.0
2013,7,2,9E,CVG,110.0,119.0,9.0
2013,7,2,DL,DTW,80.0,90.0,10.0
2013,7,2,AA,SAN,77.0,85.0,8.0
2013,7,2,UA,MIA,31.0,60.0,29.0
2013,7,2,DL,MIA,42.0,79.0,37.0
2013,7,2,WN,STL,88.0,88.0,0.0
2013,7,2,AA,SFO,69.0,79.0,10.0
2013,7,2,EV,BNA,101.0,106.0,5.0
2013,7,2,B6,SFO,69.0,60.0,-9.0
2013,7,2,WN,MDW,69.0,69.0,0.0
2013,7,2,MQ,RDU,90.0,88.0,-2.0
2013,7,2,9E,MSP,62.0,83.0,21.0
2013,7,2,9E,DTW,63.0,94.0,31.0
2013,7,2,DL,SAT,23.0,78.0,55.0
2013,7,2,B6,IAD,99.0,142.0,43.0
2013,7,2,DL,ATL,23.0,80.0,57.0
2013,7,2,US,CLT,86.0,108.0,22.0
2013,7,2,B6,PBI,100.0,124.0,24.0
2013,7,2,AA,BOS,40.0,77.0,37.0
2013,7,2,AA,IAH,146.0,185.0,39.0
2013,7,2,UA,LAX,95.0,121.0,26.0
2013,7,2,B6,FLL,99.0,103.0,4.0
2013,7,2,B6,MCO,182.0,184.0,2.0
2013,7,2,EV,TYS,71.0,63.0,-8.0
2013,7,2,B6,SLC,64.0,77.0,13.0
2013,7,2,B6,TPA,64.0,109.0,45.0
2013,7,2,EV,CLT,78.0,63.0,-15.0
2013,7,2,DL,MCO,93.0,88.0,-5.0
2013,7,2,DL,SFO,126.0,101.0,-25.0
2013,7,2,9E,JAX,96.0,110.0,14.0
2013,7,2,EV,OKC,89.0,62.0,-27.0
2013,7,2,EV,IAD,117.0,108.0,-9.0
2013,7,2,B6,MCO,134.0,129.0,-5.0
2013,7,2,9E,MSY,118.0,94.0,-24.0
2013,7,2,B6,AUS,83.0,89.0,6.0
2013,7,2,MQ,RDU,114.0,122.0,8.0
2013,7,2,B6,ROC,92.0,83.0,-9.0
2013,7,2,B6,MCO,60.0,67.0,7.0
2013,7,2,9E,PHL,94.0,80.0,-14.0
2013,7,2,B6,BOS,126.0,143.0,17.0
2013,7,2,B6,SJU,67.0,86.0,19.0
2013,7,2,9E,IND,214.0,219.0,5.0
2013,7,2,B6,LAX,85.0,99.0,14.0
2013,7,2,B6,FLL,222.0,219.0,-3.0
2013,7,2,MQ,DCA,50.0,62.0,12.0
2013,7,2,UA,PBI,84.0,66.0,-18.0
2013,7,2,B6,FLL,65.0,67.0,2.0
2013,7,2,B6,FLL,62.0,73.0,11.0
2013,7,2,B6,MSY,87.0,78.0,-9.0
2013,7,2,B6,MCO,97.0,100.0,3.0
2013,7,2,B6,JAX,90.0,95.0,5.0
2013,7,2,US,DCA,131.0,121.0,-10.0
2013,7,2,B6,MCO,93.0,105.0,12.0
2013,7,2,B6,DEN,116.0,93.0,-23.0
2013,7,2,B6,BUF,142.0,131.0,-11.0
2013,7,2,B6,SJU,63.0,83.0,20.0
2013,7,2,MQ,ATL,215.0,205.0,-10.0
2013,7,2,US,DCA,227.0,212.0,-15.0
2013,7,2,B6,TPA,114.0,111.0,-3.0
2013,7,3,B6,SYR,103.0,79.0,-24.0
2013,7,3,MQ,RDU,176.0,161.0,-15.0
2013,7,3,MQ,ORD,264.0,240.0,-24.0
2013,7,3,EV,ATL,71.0,87.0,16.0
2013,7,3,DL,ATL,0.0,85.0,85.0
2013,7,3,UA,BOS,152.0,134.0,-18.0
2013,7,3,DL,ATL,63.0,62.0,-1.0
2013,7,3,EV,IAD,89.0,67.0,-22.0
2013,7,3,UA,BOS,77.0,73.0,-4.0
2013,7,3,DL,TPA,31.0,115.0,84.0
2013,7,3,B6,BUF,65.0,61.0,-4.0
2013,7,3,EV,CHS,92.0,147.0,55.0
2013,7,3,EV,JAX,49.0,67.0,18.0
2013,7,3,DL,MCO,50.0,98.0,48.0
2013,7,3,EV,RDU,33.0,62.0,29.0
2013,7,3,UA,LAX,80.0,66.0,-14.0
2013,7,3,DL,ATL,33.0,95.0,62.0
2013,7,3,B6,BTV,73.0,68.0,-5.0
2013,7,3,EV,DAY,82.0,73.0,-9.0
2013,7,3,EV,CLT,78.0,88.0,10.0
2013,7,3,EV,DCA,65.0,62.0,-3.0
2013,7,3,EV,GSO,70.0,83.0,13.0
2013,7,3,DL,ATL,89.0,119.0,30.0
2013,7,3,UA,ATL,115.0,101.0,-14.0
2013,7,3,EV,ATL,106.0,111.0,5.0
2013,7,3,B6,MVY,57.0,107.0,50.0
2013,7,3,DL,ATL,81.0,91.0,10.0
2013,7,3,B6,MCO,59.0,66.0,7.0
2013,7,3,DL,ATL,82.0,87.0,5.0
2013,7,3,MQ,ATL,52.0,73.0,21.0
2013,7,3,WN,PHX,105.0,81.0,-24.0
2013,7,3,AA,MIA,106.0,118.0,12.0
2013,7,3,EV,IAD,84.0,87.0,3.0
2013,7,3,FL,ATL,89.0,102.0,13.0
2013,7,3,DL,ATL,85.0,89.0,4.0
2013,7,3,9E,PHL,84.0,82.0,-2.0
2013,7,3,MQ,DCA,52.0,60.0,8.0
2013,7,3,DL,ATL,69.0,79.0,10.0
2013,7,3,UA,TPA,81.0,83.0,2.0
2013,7,3,UA,IAH,50.0,72.0,22.0
2013,7,3,EV,DTW,72.0,62.0,-10.0
2013,7,3,FL,CAK,102.0,91.0,-11.0
2013,7,3,EV,JAX,66.0,73.0,7.0
2013,7,3,UA,RSW,79.0,80.0,1.0
2013,7,3,DL,MSP,290.0,272.0,-18.0
2013,7,3,WN,MDW,55.0,67.0,12.0
2013,7,3,MQ,CLT,63.0,62.0,-1.0
2013,7,3,B6,HOU,101.0,102.0,1.0
2013,7,3,AA,SJU,105.0,101.0,-4.0
2013,7,3,B6,RSW,72.0,77.0,5.0
2013,7,3,9E,DCA,115.0,100.0,-15.0
2013,7,3,MQ,ORD,191.0,183.0,-8.0
2013,7,3,AA,DFW,68.0,81.0,13.0
2013,7,3,EV,STL,390.0,390.0,0.0
2013,7,3,DL,SFO,186.0,159.0,-27.0
2013,7,3,UA,ORD,251.0,250.0,-1.0
2013,7,3,DL,SLC,100.0,66.0,-34.0
2013,7,3,UA,CLE,105.0,88.0,-17.0
2013,7,3,B6,BUF,71.0,66.0,-5.0
2013,7,3,B6,BOS,66.0,62.0,-4.0
2013,7,3,EV,RIC,78.0,77.0,-1.0
2013,7,3,B6,TPA,90.0,74.0,-16.0
2013,7,3,MQ,RDU,87.0,93.0,6.0
2013,7,3,EV,ATL,85.0,85.0,0.0
2013,7,3,EV,CVG,137.0,141.0,4.0
2013,7,3,EV,SAV,123.0,132.0,9.0
2013,7,3,EV,SDF,151.0,146.0,-5.0
2013,7,3,DL,DTW,110.0,76.0,-34.0
2013,7,3,EV,MEM,101.0,115.0,14.0
2013,7,3,EV,ROC,98.0,112.0,14.0
2013,7,3,B6,ROC,60.0,69.0,9.0
2013,7,3,WN,HOU,84.0,82.0,-2.0
2013,7,3,DL,ATL,97.0,100.0,3.0
2013,7,3,B6,OAK,95.0,66.0,-29.0
2013,7,3,B6,BOS,102.0,109.0,7.0
2013,7,3,EV,DTW,105.0,90.0,-15.0
2013,7,3,B6,MCO,133.0,113.0,-20.0
2013,7,3,EV,CHS,116.0,127.0,11.0
2013,7,3,EV,CVG,129.0,129.0,0.0
2013,7,3,EV,MKE,111.0,122.0,11.0
2013,7,3,DL,ATL,91.0,76.0,-15.0
2013,7,3,9E,DTW,73.0,72.0,-1.0
2013,7,3,EV,STL,216.0,211.0,-5.0
2013,7,3,B6,TPA,4.0,62.0,58.0
2013,7,3,9E,CVG,75.0,62.0,-13.0
2013,7,3,DL,MIA,80.0,104.0,24.0
2013,7,3,AA,ORD,220.0,187.0,-33.0
2013,7,3,UA,DEN,112.0,88.0,-24.0
2013,7,3,9E,IND,101.0,97.0,-4.0
2013,7,3,9E,CHS,103.0,146.0,43.0
2013,7,3,EV,ORF,197.0,181.0,-16.0
2013,7,3,YV,IAD,262.0,233.0,-29.0
2013,7,3,DL,ATL,134.0,128.0,-6.0
2013,7,3,EV,MCI,91.0,80.0,-11.0
2013,7,3,DL,ATL,61.0,76.0,15.0
2013,7,3,B6,IAD,157.0,172.0,15.0
2013,7,3,EV,ATL,65.0,83.0,18.0
2013,7,3,MQ,CMH,61.0,114.0,53.0
2013,7,3,EV,RIC,95.0,94.0,-1.0
2013,7,3,MQ,RDU,52.0,72.0,20.0
2013,7,3,EV,OKC,68.0,63.0,-5.0
2013,7,3,9E,RDU,80.0,103.0,23.0
2013,7,3,9E,ORD,114.0,140.0,26.0
2013,7,3,B6,ORD,62.0,87.0,25.0
2013,7,3,EV,DSM,93.0,100.0,7.0
2013,7,3,DL,ATL,137.0,123.0,-14.0
2013,7,3,B6,BOS,78.0,103.0,25.0
2013,7,3,EV,TYS,100.0,142.0,42.0
2013,7,3,EV,ATL,90.0,82.0,-8.0
2013,7,3,B6,MCO,82.0,78.0,-4.0
2013,7,3,EV,DCA,106.0,99.0,-7.0
2013,7,3,B6,PWM,253.0,274.0,21.0
2013,7,3,9E,JAX,115.0,93.0,-22.0
2013,7,3,UA,ORD,93.0,71.0,-22.0
2013,7,3,DL,MSP,182.0,153.0,-29.0
2013,7,3,B6,FLL,131.0,130.0,-1.0
2013,7,3,EV,OMA,84.0,62.0,-22.0
2013,7,3,UA,SEA,138.0,112.0,-26.0
2013,7,3,VX,LAX,117.0,107.0,-10.0
2013,7,3,US,DCA,119.0,106.0,-13.0
2013,7,3,MQ,ATL,127.0,128.0,1.0
2013,7,3,EV,TUL,120.0,97.0,-23.0
2013,7,3,9E,CLE,129.0,153.0,24.0
2013,7,3,B6,SJU,70.0,92.0,22.0
2013,7,3,B6,BUF,62.0,75.0,13.0
2013,7,3,9E,DCA,103.0,68.0,-35.0
2013,7,3,UA,IAH,186.0,165.0,-21.0
2013,7,3,EV,STL,81.0,62.0,-19.0
2013,7,3,DL,ATL,144.0,127.0,-17.0
2013,7,3,MQ,CLT,90.0,75.0,-15.0
2013,7,3,EV,CLT,62.0,79.0,17.0
2013,7,3,9E,MSY,184.0,158.0,-26.0
2013,7,3,FL,ATL,215.0,206.0,-9.0
2013,7,3,EV,RIC,99.0,97.0,-2.0
2013,7,3,9E,PIT,216.0,211.0,-5.0
2013,7,3,UA,AUS,113.0,92.0,-21.0
2013,7,3,B6,FLL,72.0,77.0,5.0
2013,7,3,EV,BHM,218.0,186.0,-32.0
2013,7,3,US,CLT,240.0,220.0,-20.0
2013,7,3,UA,BOS,70.0,61.0,-9.0
2013,7,3,DL,SJU,107.0,88.0,-19.0
2013,7,3,WN,MDW,135.0,96.0,-39.0
2013,7,3,AA,MIA,192.0,166.0,-26.0
2013,7,3,DL,SEA,253.0,234.0,-19.0
2013,7,3,EV,JAX,140.0,123.0,-17.0
2013,7,3,EV,BUF,107.0,85.0,-22.0
2013,7,3,B6,MCO,93.0,67.0,-26.0
2013,7,3,FL,CAK,188.0,169.0,-19.0
2013,7,3,EV,SDF,130.0,108.0,-22.0
2013,7,3,DL,SFO,296.0,237.0,-59.0
2013,7,4,B6,PSE,60.0,71.0,11.0
2013,7,4,B6,TPA,107.0,104.0,-3.0
2013,7,4,DL,LAS,74.0,72.0,-2.0
2013,7,4,B6,ACK,117.0,117.0,0.0
2013,7,4,DL,FLL,123.0,101.0,-22.0
2013,7,4,WN,DEN,126.0,90.0,-36.0
2013,7,4,UA,DEN,141.0,107.0,-34.0
2013,7,4,MQ,BNA,70.0,72.0,2.0
2013,7,4,AA,BOS,144.0,108.0,-36.0
2013,7,4,B6,BUR,123.0,109.0,-14.0
2013,7,4,B6,FLL,95.0,66.0,-29.0
2013,7,4,B6,MCO,107.0,92.0,-15.0
2013,7,4,DL,SFO,163.0,146.0,-17.0
2013,7,4,B6,MCO,118.0,100.0,-18.0
2013,7,4,B6,AUS,185.0,192.0,7.0
2013,7,5,B6,LAX,141.0,121.0,-20.0
2013,7,5,B6,MCO,30.0,67.0,37.0
2013,7,5,B6,MCO,63.0,82.0,19.0
2013,7,5,UA,PBI,112.0,139.0,27.0
2013,7,5,MQ,ATL,58.0,60.0,2.0
2013,7,5,B6,AUS,127.0,122.0,-5.0
2013,7,5,MQ,BNA,65.0,80.0,15.0
2013,7,5,WN,MDW,89.0,104.0,15.0
2013,7,5,DL,MSP,125.0,97.0,-28.0
2013,7,5,B6,PBI,70.0,65.0,-5.0
2013,7,5,B6,BOS,78.0,75.0,-3.0
2013,7,5,9E,BWI,211.0,209.0,-2.0
2013,7,5,B6,TPA,110.0,101.0,-9.0
2013,7,5,B6,SJU,121.0,110.0,-11.0
2013,7,5,UA,LAX,39.0,67.0,28.0
2013,7,5,B6,RSW,151.0,135.0,-16.0
2013,7,5,UA,SFO,51.0,72.0,21.0
2013,7,5,MQ,BNA,116.0,98.0,-18.0
2013,7,5,B6,FLL,134.0,101.0,-33.0
2013,7,5,B6,SJU,147.0,157.0,10.0
2013,7,5,DL,ATL,79.0,79.0,0.0
2013,7,5,AA,DFW,115.0,100.0,-15.0
2013,7,5,UA,SJU,79.0,66.0,-13.0
2013,7,5,UA,LAX,98.0,87.0,-11.0
2013,7,5,EV,IAD,156.0,147.0,-9.0
2013,7,5,DL,TPA,129.0,105.0,-24.0
2013,7,5,MQ,DTW,98.0,82.0,-16.0
2013,7,5,B6,MCO,235.0,203.0,-32.0
2013,7,6,B6,PSE,108.0,96.0,-12.0
2013,7,6,DL,SFO,589.0,561.0,-28.0
2013,7,6,9E,DCA,91.0,74.0,-17.0
2013,7,6,MQ,ATL,90.0,87.0,-3.0
2013,7,6,MQ,BNA,69.0,60.0,-9.0
2013,7,6,B6,PBI,172.0,166.0,-6.0
2013,7,6,B6,BUF,105.0,100.0,-5.0
2013,7,6,B6,PBI,77.0,91.0,14.0
2013,7,6,UA,LAX,68.0,68.0,0.0
2013,7,6,EV,MCI,75.0,62.0,-13.0
2013,7,6,DL,DTW,108.0,91.0,-17.0
2013,7,6,DL,AUS,127.0,97.0,-30.0
2013,7,6,MQ,CLT,98.0,85.0,-13.0
2013,7,6,DL,ATL,10.0,69.0,59.0
2013,7,6,DL,ATL,2.0,80.0,78.0
2013,7,6,AA,ORD,178.0,169.0,-9.0
2013,7,6,EV,ATL,-4.0,62.0,66.0
2013,7,6,DL,ATL,12.0,80.0,68.0
2013,7,6,MQ,BWI,96.0,82.0,-14.0
2013,7,6,MQ,RDU,108.0,86.0,-22.0
2013,7,6,VX,SFO,322.0,297.0,-25.0
2013,7,6,AA,LAX,162.0,119.0,-43.0
2013,7,6,DL,SFO,177.0,152.0,-25.0
2013,7,6,MQ,DCA,29.0,63.0,34.0
2013,7,6,VX,SFO,210.0,258.0,48.0
2013,7,6,B6,MCO,109.0,88.0,-21.0
2013,7,6,B6,TPA,98.0,123.0,25.0
2013,7,7,B6,BUF,74.0,75.0,1.0
2013,7,7,EV,ATL,278.0,259.0,-19.0
2013,7,7,DL,BOS,144.0,120.0,-24.0
2013,7,7,B6,LAX,86.0,86.0,0.0
2013,7,7,B6,JAX,163.0,168.0,5.0
2013,7,7,DL,DTW,404.0,363.0,-41.0
2013,7,7,UA,LAX,197.0,155.0,-42.0
2013,7,7,B6,PWM,94.0,103.0,9.0
2013,7,7,EV,TYS,285.0,263.0,-22.0
2013,7,7,EV,CLT,187.0,162.0,-25.0
2013,7,7,UA,ORD,253.0,207.0,-46.0
2013,7,7,MQ,DTW,224.0,203.0,-21.0
2013,7,7,B6,BOS,181.0,170.0,-11.0
2013,7,7,B6,BTV,103.0,104.0,1.0
2013,7,7,UA,MIA,250.0,223.0,-27.0
2013,7,7,DL,SAN,452.0,421.0,-31.0
2013,7,7,DL,MCO,342.0,298.0,-44.0
2013,7,7,US,BOS,227.0,213.0,-14.0
2013,7,7,EV,STL,231.0,204.0,-27.0
2013,7,7,WN,MDW,243.0,201.0,-42.0
2013,7,7,UA,BOS,185.0,149.0,-36.0
2013,7,7,EV,PWM,196.0,173.0,-23.0
2013,7,7,B6,BQN,91.0,87.0,-4.0
2013,7,7,B6,PSE,102.0,98.0,-4.0
2013,7,7,FL,ATL,404.0,382.0,-22.0
2013,7,7,B6,BOS,206.0,195.0,-11.0
2013,7,7,B6,SYR,227.0,211.0,-16.0
2013,7,7,EV,IAD,81.0,67.0,-14.0
2013,7,7,UA,SFO,-9.0,64.0,73.0
2013,7,7,B6,PBI,130.0,116.0,-14.0
2013,7,7,DL,MSY,113.0,87.0,-26.0
2013,7,7,UA,SFO,83.0,67.0,-16.0
2013,7,7,HA,HNL,88.0,83.0,-5.0
2013,7,7,UA,SFO,111.0,95.0,-16.0
2013,7,7,UA,SFO,63.0,69.0,6.0
2013,7,7,UA,DEN,304.0,270.0,-34.0
2013,7,7,EV,ROC,60.0,63.0,3.0
2013,7,7,B6,FLL,147.0,125.0,-22.0
2013,7,7,UA,SFO,88.0,72.0,-16.0
2013,7,7,DL,ATL,327.0,325.0,-2.0
2013,7,7,MQ,ATL,92.0,84.0,-8.0
2013,7,7,MQ,MSP,128.0,134.0,6.0
2013,7,7,EV,DTW,117.0,122.0,5.0
2013,7,7,DL,ATL,72.0,71.0,-1.0
2013,7,7,MQ,CLT,51.0,77.0,26.0
2013,7,7,UA,CLE,28.0,63.0,35.0
2013,7,7,EV,STL,37.0,91.0,54.0
2013,7,7,EV,MKE,-8.0,61.0,69.0
2013,7,7,DL,ATL,132.0,153.0,21.0
2013,7,7,EV,PWM,0.0,103.0,103.0
2013,7,7,DL,SFO,319.0,312.0,-7.0
2013,7,7,MQ,CLT,0.0,65.0,65.0
2013,7,7,AA,LAX,102.0,109.0,7.0
2013,7,7,UA,CLE,6.0,106.0,100.0
2013,7,7,DL,MCO,108.0,114.0,6.0
2013,7,7,EV,SDF,-1.0,71.0,72.0
2013,7,7,WN,MDW,19.0,76.0,57.0
2013,7,7,UA,IAH,56.0,105.0,49.0
2013,7,7,MQ,CMH,53.0,83.0,30.0
2013,7,7,MQ,ORD,10.0,129.0,119.0
2013,7,7,AA,SFO,48.0,102.0,54.0
2013,7,7,DL,SFO,141.0,185.0,44.0
2013,7,7,9E,BNA,31.0,79.0,48.0
2013,7,7,B6,SAN,-8.0,74.0,82.0
2013,7,7,B6,BUF,-4.0,81.0,85.0
2013,7,7,DL,MIA,35.0,71.0,36.0
2013,7,7,AA,DFW,11.0,71.0,60.0
2013,7,7,DL,MEM,-1.0,104.0,105.0
2013,7,7,B6,LAX,21.0,101.0,80.0
2013,7,7,9E,CVG,-7.0,64.0,71.0
2013,7,7,WN,MDW,10.0,82.0,72.0
2013,7,7,UA,SAN,117.0,103.0,-14.0
2013,7,7,AA,ORD,-6.0,100.0,106.0
2013,7,7,US,DCA,-1.0,147.0,148.0
2013,7,7,UA,ORD,-1.0,110.0,111.0
2013,7,7,EV,DAY,58.0,96.0,38.0
2013,7,7,9E,DTW,33.0,74.0,41.0
2013,7,7,B6,PWM,-3.0,83.0,86.0
2013,7,7,VX,LAX,19.0,104.0,85.0
2013,7,7,B6,MVY,-6.0,88.0,94.0
2013,7,7,F9,DEN,-3.0,132.0,135.0
2013,7,7,AA,LAX,20.0,63.0,43.0
2013,7,7,UA,ORD,28.0,130.0,102.0
2013,7,7,DL,SLC,9.0,83.0,74.0
2013,7,7,UA,SFO,114.0,200.0,86.0
2013,7,7,WN,STL,8.0,106.0,98.0
2013,7,7,B6,IAD,-9.0,132.0,141.0
2013,7,7,DL,SFO,108.0,196.0,88.0
2013,7,7,AA,LAS,39.0,76.0,37.0
2013,7,7,UA,LAX,-4.0,92.0,96.0
2013,7,7,AA,ORD,50.0,101.0,51.0
2013,7,7,UA,SFO,40.0,76.0,36.0
2013,7,7,UA,PHX,46.0,178.0,132.0
2013,7,7,US,DCA,-3.0,62.0,65.0
2013,7,7,UA,LAS,51.0,127.0,76.0
2013,7,7,UA,IAH,31.0,99.0,68.0
2013,7,7,AA,AUS,43.0,97.0,54.0
2013,7,7,B6,RDU,54.0,96.0,42.0
2013,7,7,UA,DEN,143.0,257.0,114.0
2013,7,7,B6,PBI,99.0,84.0,-15.0
2013,7,7,UA,LAX,75.0,216.0,141.0
2013,7,7,DL,LAX,-1.0,65.0,66.0
2013,7,7,AA,ORD,10.0,109.0,99.0
2013,7,7,UA,SFO,68.0,148.0,80.0
2013,7,7,9E,MSP,0.0,62.0,62.0
2013,7,7,B6,PBI,4.0,87.0,83.0
2013,7,7,B6,LGB,-1.0,78.0,79.0
2013,7,7,MQ,BNA,-7.0,126.0,133.0
2013,7,7,B6,BUR,24.0,120.0,96.0
2013,7,7,AA,STL,-3.0,81.0,84.0
2013,7,7,DL,SFO,60.0,179.0,119.0
2013,7,7,UA,SFO,145.0,152.0,7.0
2013,7,7,AA,SEA,6.0,73.0,67.0
2013,7,7,US,CLT,99.0,208.0,109.0
2013,7,7,DL,MSP,49.0,87.0,38.0
2013,7,7,AA,SAN,75.0,133.0,58.0
2013,7,7,AA,IAH,75.0,107.0,32.0
2013,7,7,MQ,BWI,29.0,89.0,60.0
2013,7,7,EV,IAD,121.0,126.0,5.0
2013,7,7,DL,ATL,56.0,126.0,70.0
2013,7,7,MQ,DCA,102.0,141.0,39.0
2013,7,7,DL,PHX,20.0,70.0,50.0
2013,7,7,YV,CLT,90.0,151.0,61.0
2013,7,7,UA,LAX,87.0,116.0,29.0
2013,7,7,9E,CHS,28.0,82.0,54.0
2013,7,7,B6,LAS,9.0,73.0,64.0
2013,7,7,DL,DEN,8.0,84.0,76.0
2013,7,7,DL,SFO,10.0,68.0,58.0
2013,7,7,EV,CAE,31.0,86.0,55.0
2013,7,7,UA,IAH,11.0,115.0,104.0
2013,7,7,B6,SJU,131.0,147.0,16.0
2013,7,7,DL,SEA,20.0,145.0,125.0
2013,7,7,AA,LAX,51.0,102.0,51.0
2013,7,7,B6,FLL,-5.0,110.0,115.0
2013,7,7,UA,LAX,63.0,98.0,35.0
2013,7,7,DL,ATL,5.0,65.0,60.0
2013,7,7,DL,DTW,65.0,194.0,129.0
2013,7,7,9E,ORD,31.0,106.0,75.0
2013,7,7,DL,BOS,192.0,188.0,-4.0
2013,7,7,B6,FLL,41.0,65.0,24.0
2013,7,7,9E,ROC,270.0,330.0,60.0
2013,7,7,AA,SFO,122.0,182.0,60.0
2013,7,7,B6,SLC,38.0,98.0,60.0
2013,7,7,DL,TPA,38.0,129.0,91.0
2013,7,7,UA,SEA,150.0,146.0,-4.0
2013,7,7,MQ,CMH,36.0,69.0,33.0
2013,7,7,AA,DFW,139.0,236.0,97.0
2013,7,7,UA,SFO,123.0,130.0,7.0
2013,7,7,WN,MDW,136.0,161.0,25.0
2013,7,7,9E,RDU,42.0,116.0,74.0
2013,7,7,B6,SMF,39.0,95.0,56.0
2013,7,7,DL,FLL,49.0,142.0,93.0
2013,7,7,US,CLT,86.0,134.0,48.0
2013,7,7,DL,ATL,82.0,173.0,91.0
2013,7,7,EV,BHM,75.0,115.0,40.0
2013,7,7,MQ,DTW,235.0,294.0,59.0
2013,7,7,EV,CLT,82.0,107.0,25.0
2013,7,7,B6,PHX,-2.0,75.0,77.0
2013,7,7,B6,SJC,98.0,151.0,53.0
2013,7,7,AA,ORD,113.0,108.0,-5.0
2013,7,7,DL,MIA,73.0,75.0,2.0
2013,7,7,B6,ABQ,33.0,86.0,53.0
2013,7,7,AA,BOS,83.0,121.0,38.0
2013,7,7,DL,SLC,68.0,119.0,51.0
2013,7,7,9E,JAX,71.0,114.0,43.0
2013,7,7,B6,LAX,0.0,62.0,62.0
2013,7,7,B6,ROC,20.0,102.0,82.0
2013,7,7,WN,DEN,191.0,200.0,9.0
2013,7,7,9E,TYS,22.0,63.0,41.0
2013,7,7,EV,OKC,78.0,86.0,8.0
2013,7,7,EV,MCI,116.0,147.0,31.0
2013,7,7,EV,MKE,179.0,195.0,16.0
2013,7,7,VX,SFO,629.0,676.0,47.0
2013,7,7,UA,DEN,219.0,291.0,72.0
2013,7,7,MQ,CMH,65.0,79.0,14.0
2013,7,7,UA,ORD,116.0,89.0,-27.0
2013,7,7,B6,FLL,152.0,121.0,-31.0
2013,7,7,B6,ORD,61.0,73.0,12.0
2013,7,7,AA,LAX,112.0,124.0,12.0
2013,7,7,B6,SJU,6.0,76.0,70.0
2013,7,7,B6,BOS,72.0,113.0,41.0
2013,7,7,VX,SFO,227.0,197.0,-30.0
2013,7,7,DL,LAX,257.0,302.0,45.0
2013,7,7,DL,ATL,82.0,94.0,12.0
2013,7,7,B6,OAK,252.0,318.0,66.0
2013,7,7,B6,BUF,13.0,82.0,69.0
2013,7,7,DL,SAT,133.0,147.0,14.0
2013,7,7,VX,SFO,653.0,632.0,-21.0
2013,7,7,UA,CLE,189.0,163.0,-26.0
2013,7,7,B6,MSY,5.0,66.0,61.0
2013,7,7,B6,PDX,36.0,63.0,27.0
2013,7,7,DL,MCO,117.0,162.0,45.0
2013,7,7,UA,LAX,62.0,114.0,52.0
2013,7,7,AA,DFW,128.0,102.0,-26.0
2013,7,7,UA,DEN,258.0,243.0,-15.0
2013,7,7,DL,ATL,105.0,89.0,-16.0
2013,7,7,MQ,RDU,100.0,94.0,-6.0
2013,7,7,UA,ORD,195.0,152.0,-43.0
2013,7,7,UA,SFO,186.0,170.0,-16.0
2013,7,7,FL,CAK,82.0,91.0,9.0
2013,7,7,UA,SJU,110.0,104.0,-6.0
2013,7,7,WN,MSY,207.0,181.0,-26.0
2013,7,7,MQ,ORD,215.0,189.0,-26.0
2013,7,7,UA,SFO,399.0,404.0,5.0
2013,7,7,DL,FLL,69.0,135.0,66.0
2013,7,7,EV,CHS,71.0,71.0,0.0
2013,7,7,WN,MDW,103.0,82.0,-21.0
2013,7,7,UA,SEA,160.0,130.0,-30.0
2013,7,7,DL,LAS,64.0,92.0,28.0
2013,7,7,UA,SFO,171.0,130.0,-41.0
2013,7,7,B6,AUS,118.0,157.0,39.0
2013,7,7,VX,LAX,212.0,184.0,-28.0
2013,7,7,UA,PDX,102.0,82.0,-20.0
2013,7,7,WN,BNA,254.0,255.0,1.0
2013,7,7,VX,LAX,150.0,193.0,43.0
2013,7,7,B6,BUF,240.0,226.0,-14.0
2013,7,7,B6,BOS,115.0,109.0,-6.0
2013,7,7,DL,MSP,249.0,232.0,-17.0
2013,7,7,UA,FLL,110.0,82.0,-28.0
2013,7,7,EV,CVG,330.0,324.0,-6.0
2013,7,7,MQ,RDU,65.0,82.0,17.0
2013,7,7,EV,OMA,142.0,122.0,-20.0
2013,7,7,9E,DTW,269.0,287.0,18.0
2013,7,7,EV,IAD,200.0,195.0,-5.0
2013,7,7,EV,DCA,84.0,75.0,-9.0
2013,7,7,US,DCA,115.0,117.0,2.0
2013,7,7,UA,SAN,326.0,279.0,-47.0
2013,7,7,EV,TUL,173.0,140.0,-33.0
2013,7,7,UA,FLL,170.0,145.0,-25.0
2013,7,7,EV,SDF,94.0,82.0,-12.0
2013,7,7,VX,SFO,396.0,411.0,15.0
2013,7,7,MQ,CLE,271.0,270.0,-1.0
2013,7,7,MQ,XNA,314.0,319.0,5.0
2013,7,7,B6,DEN,105.0,127.0,22.0
2013,7,7,WN,MKE,245.0,209.0,-36.0
2013,7,7,AA,ORD,237.0,203.0,-34.0
2013,7,7,UA,LAX,228.0,230.0,2.0
2013,7,7,EV,RIC,144.0,141.0,-3.0
2013,7,7,EV,CVG,151.0,128.0,-23.0
2013,7,7,EV,DSM,218.0,186.0,-32.0
2013,7,7,B6,SJU,61.0,81.0,20.0
2013,7,7,DL,LAX,159.0,148.0,-11.0
2013,7,7,MQ,ATL,224.0,208.0,-16.0
2013,7,7,MQ,DCA,126.0,134.0,8.0
2013,7,7,DL,DEN,362.0,325.0,-37.0
2013,7,7,B6,ROC,66.0,78.0,12.0
2013,7,7,AA,ORD,172.0,142.0,-30.0
2013,7,7,DL,PBI,327.0,310.0,-17.0
2013,7,7,UA,ORD,113.0,67.0,-46.0
2013,7,7,VX,SFO,299.0,294.0,-5.0
2013,7,7,AA,ORD,250.0,217.0,-33.0
2013,7,8,DL,LAS,167.0,137.0,-30.0
2013,7,8,DL,SAT,299.0,256.0,-43.0
2013,7,8,B6,LAX,86.0,65.0,-21.0
2013,7,8,EV,MHT,125.0,107.0,-18.0
2013,7,8,EV,ATL,304.0,267.0,-37.0
2013,7,8,EV,JAX,247.0,219.0,-28.0
2013,7,8,B6,PWM,139.0,121.0,-18.0
2013,7,8,B6,PSE,72.0,64.0,-8.0
2013,7,8,DL,BOS,271.0,236.0,-35.0
2013,7,8,B6,BOS,85.0,77.0,-8.0
2013,7,8,B6,PBI,104.0,90.0,-14.0
2013,7,8,UA,FLL,144.0,135.0,-9.0
2013,7,8,EV,MSP,159.0,140.0,-19.0
2013,7,8,US,CLT,73.0,63.0,-10.0
2013,7,8,MQ,CLE,93.0,85.0,-8.0
2013,7,8,UA,SFO,134.0,113.0,-21.0
2013,7,8,EV,CHS,112.0,103.0,-9.0
2013,7,8,MQ,CMH,148.0,130.0,-18.0
2013,7,8,9E,CHS,162.0,145.0,-17.0
2013,7,8,MQ,DTW,71.0,95.0,24.0
2013,7,8,VX,SFO,97.0,74.0,-23.0
2013,7,8,EV,IAD,65.0,103.0,38.0
2013,7,8,MQ,CLE,42.0,64.0,22.0
2013,7,8,MQ,DTW,68.0,132.0,64.0
2013,7,8,AA,ORD,126.0,118.0,-8.0
2013,7,8,MQ,ORD,50.0,104.0,54.0
2013,7,8,EV,RIC,85.0,97.0,12.0
2013,7,8,DL,ATL,289.0,284.0,-5.0
2013,7,8,EV,IAD,69.0,106.0,37.0
2013,7,8,9E,BWI,58.0,68.0,10.0
2013,7,8,MQ,CLT,105.0,93.0,-12.0
2013,7,8,EV,IAD,68.0,84.0,16.0
2013,7,8,EV,STL,85.0,68.0,-17.0
2013,7,8,EV,SYR,191.0,164.0,-27.0
2013,7,8,EV,CHS,64.0,82.0,18.0
2013,7,8,B6,JAX,77.0,84.0,7.0
2013,7,8,EV,CLT,65.0,82.0,17.0
2013,7,8,EV,MSP,55.0,65.0,10.0
2013,7,8,EV,JAX,62.0,112.0,50.0
2013,7,8,9E,IAD,83.0,80.0,-3.0
2013,7,8,UA,CLE,92.0,109.0,17.0
2013,7,8,EV,MKE,60.0,80.0,20.0
2013,7,8,B6,MCO,84.0,70.0,-14.0
2013,7,8,MQ,ORD,41.0,67.0,26.0
2013,7,8,EV,CLT,100.0,72.0,-28.0
2013,7,8,EV,IAD,132.0,120.0,-12.0
2013,7,8,DL,AUS,55.0,75.0,20.0
2013,7,8,9E,BUF,131.0,173.0,42.0
2013,7,8,B6,CHS,177.0,182.0,5.0
2013,7,8,DL,SFO,58.0,78.0,20.0
2013,7,8,UA,SEA,91.0,85.0,-6.0
2013,7,8,9E,BNA,67.0,79.0,12.0
2013,7,8,EV,SDF,106.0,110.0,4.0
2013,7,8,EV,GSO,33.0,101.0,68.0
2013,7,8,EV,ATL,29.0,73.0,44.0
2013,7,8,EV,STL,71.0,71.0,0.0
2013,7,8,UA,SFO,11.0,87.0,76.0
2013,7,8,EV,RDU,61.0,104.0,43.0
2013,7,8,DL,DTW,151.0,158.0,7.0
2013,7,8,EV,RDU,51.0,104.0,53.0
2013,7,8,EV,SAV,76.0,130.0,54.0
2013,7,8,MQ,RDU,57.0,106.0,49.0
2013,7,8,MQ,ORF,26.0,62.0,36.0
2013,7,8,UA,SFO,127.0,119.0,-8.0
2013,7,8,MQ,CLT,126.0,188.0,62.0
2013,7,8,UA,SFO,82.0,102.0,20.0
2013,7,8,B6,ORD,101.0,91.0,-10.0
2013,7,8,EV,DAY,90.0,143.0,53.0
2013,7,8,DL,DTW,77.0,112.0,35.0
2013,7,8,MQ,BNA,69.0,91.0,22.0
2013,7,8,UA,LAX,22.0,78.0,56.0
2013,7,8,B6,BOS,84.0,99.0,15.0
2013,7,8,DL,MSP,107.0,114.0,7.0
2013,7,8,UA,SFO,52.0,69.0,17.0
2013,7,8,UA,ORD,54.0,63.0,9.0
2013,7,8,DL,DTW,35.0,67.0,32.0
2013,7,8,9E,DCA,198.0,191.0,-7.0
2013,7,8,B6,TPA,111.0,137.0,26.0
2013,7,8,EV,IAD,73.0,95.0,22.0
2013,7,8,UA,ORD,73.0,85.0,12.0
2013,7,8,MQ,RDU,159.0,159.0,0.0
2013,7,8,EV,ORF,67.0,80.0,13.0
2013,7,8,EV,DTW,106.0,162.0,56.0
2013,7,8,DL,SLC,64.0,85.0,21.0
2013,7,8,AA,ORD,85.0,66.0,-19.0
2013,7,8,B6,SEA,55.0,77.0,22.0
2013,7,8,DL,DTW,217.0,228.0,11.0
2013,7,8,UA,DEN,88.0,115.0,27.0
2013,7,8,EV,CLT,114.0,90.0,-24.0
2013,7,8,EV,DTW,218.0,277.0,59.0
2013,7,8,B6,SJU,96.0,95.0,-1.0
2013,7,8,MQ,DTW,132.0,157.0,25.0
2013,7,8,F9,DEN,75.0,71.0,-4.0
2013,7,8,9E,DTW,151.0,140.0,-11.0
2013,7,8,B6,MCO,63.0,72.0,9.0
2013,7,8,WN,STL,80.0,101.0,21.0
2013,7,8,EV,MEM,142.0,157.0,15.0
2013,7,8,B6,PWM,102.0,88.0,-14.0
2013,7,8,DL,MSP,63.0,60.0,-3.0
2013,7,8,US,CLT,120.0,112.0,-8.0
2013,7,8,UA,SAN,87.0,63.0,-24.0
2013,7,8,US,DCA,69.0,94.0,25.0
2013,7,8,AA,LAX,121.0,110.0,-11.0
2013,7,8,AA,LAX,44.0,74.0,30.0
2013,7,8,AA,SFO,225.0,208.0,-17.0
2013,7,8,9E,MSP,200.0,175.0,-25.0
2013,7,8,UA,SEA,109.0,131.0,22.0
2013,7,8,MQ,MSP,26.0,66.0,40.0
2013,7,8,DL,ATL,142.0,138.0,-4.0
2013,7,8,WN,MDW,83.0,156.0,73.0
2013,7,8,UA,DFW,66.0,75.0,9.0
2013,7,8,B6,BOS,115.0,169.0,54.0
2013,7,8,EV,STL,143.0,163.0,20.0
2013,7,8,EV,CVG,221.0,250.0,29.0
2013,7,8,DL,MIA,77.0,63.0,-14.0
2013,7,8,DL,ATL,83.0,80.0,-3.0
2013,7,8,UA,SFO,105.0,86.0,-19.0
2013,7,8,FL,ATL,127.0,121.0,-6.0
2013,7,8,MQ,CMH,101.0,92.0,-9.0
2013,7,8,WN,DEN,124.0,88.0,-36.0
2013,7,8,B6,PBI,86.0,75.0,-11.0
2013,7,8,B6,SFO,105.0,78.0,-27.0
2013,7,8,UA,MIA,65.0,100.0,35.0
2013,7,8,B6,OAK,156.0,127.0,-29.0
2013,7,8,US,PHX,203.0,176.0,-27.0
2013,7,8,AS,SEA,93.0,91.0,-2.0
2013,7,8,YV,CLT,143.0,133.0,-10.0
2013,7,8,UA,SFO,96.0,68.0,-28.0
2013,7,8,WN,MSY,89.0,66.0,-23.0
2013,7,8,EV,ROC,200.0,206.0,6.0
2013,7,8,EV,DTW,158.0,158.0,0.0
2013,7,8,US,DCA,66.0,91.0,25.0
2013,7,8,UA,PBI,78.0,69.0,-9.0
2013,7,8,VX,SFO,218.0,185.0,-33.0
2013,7,8,9E,CVG,104.0,92.0,-12.0
2013,7,8,AA,ORD,85.0,76.0,-9.0
2013,7,8,FL,ATL,72.0,76.0,4.0
2013,7,8,EV,RIC,216.0,221.0,5.0
2013,7,8,AA,SFO,141.0,169.0,28.0
2013,7,8,EV,IAD,52.0,70.0,18.0
2013,7,8,WN,HOU,192.0,180.0,-12.0
2013,7,8,UA,LAX,72.0,96.0,24.0
2013,7,8,UA,CLE,143.0,129.0,-14.0
2013,7,8,EV,CHS,182.0,193.0,11.0
2013,7,8,DL,MCO,62.0,82.0,20.0
2013,7,8,UA,IAH,94.0,73.0,-21.0
2013,7,8,UA,SFO,135.0,176.0,41.0
2013,7,8,EV,CVG,206.0,198.0,-8.0
2013,7,8,DL,DTW,141.0,143.0,2.0
2013,7,8,EV,OKC,81.0,74.0,-7.0
2013,7,8,WN,MKE,118.0,106.0,-12.0
2013,7,8,9E,PIT,119.0,99.0,-20.0
2013,7,8,VX,SFO,216.0,198.0,-18.0
2013,7,8,DL,FLL,96.0,63.0,-33.0
2013,7,8,DL,PDX,139.0,92.0,-47.0
2013,7,8,UA,PDX,117.0,107.0,-10.0
2013,7,8,UA,TPA,164.0,124.0,-40.0
2013,7,8,EV,TYS,105.0,129.0,24.0
2013,7,8,AA,DFW,126.0,99.0,-27.0
2013,7,8,WN,BNA,195.0,170.0,-25.0
2013,7,8,EV,TUL,85.0,63.0,-22.0
2013,7,8,DL,SFO,154.0,153.0,-1.0
2013,7,8,DL,TPA,96.0,69.0,-27.0
2013,7,8,EV,CLT,137.0,126.0,-11.0
2013,7,8,MQ,RDU,102.0,85.0,-17.0
2013,7,8,9E,MSY,135.0,118.0,-17.0
2013,7,8,MQ,CMH,130.0,133.0,3.0
2013,7,8,B6,ORD,103.0,77.0,-26.0
2013,7,8,9E,PHL,80.0,62.0,-18.0
2013,7,8,B6,SMF,131.0,100.0,-31.0
2013,7,8,B6,AUS,90.0,80.0,-10.0
2013,7,8,EV,MCI,188.0,162.0,-26.0
2013,7,8,9E,DTW,218.0,196.0,-22.0
2013,7,8,EV,RIC,179.0,176.0,-3.0
2013,7,8,MQ,CLE,205.0,188.0,-17.0
2013,7,8,DL,MIA,158.0,118.0,-40.0
2013,7,8,UA,MIA,106.0,91.0,-15.0
2013,7,8,9E,BOS,157.0,134.0,-23.0
2013,7,8,B6,SJU,70.0,62.0,-8.0
2013,7,8,WN,MDW,101.0,78.0,-23.0
2013,7,8,EV,DSM,152.0,120.0,-32.0
2013,7,8,B6,SLC,163.0,121.0,-42.0
2013,7,8,9E,RDU,159.0,136.0,-23.0
2013,7,8,DL,MSY,230.0,217.0,-13.0
2013,7,8,DL,PIT,137.0,140.0,3.0
2013,7,8,FL,CAK,108.0,90.0,-18.0
2013,7,8,DL,ATL,80.0,68.0,-12.0
2013,7,8,EV,CLE,142.0,123.0,-19.0
2013,7,8,VX,LAX,141.0,116.0,-25.0
2013,7,8,EV,RIC,84.0,91.0,7.0
2013,7,8,9E,CVG,99.0,61.0,-38.0
2013,7,8,UA,BOS,198.0,184.0,-14.0
2013,7,8,9E,CHS,229.0,207.0,-22.0
2013,7,8,B6,BOS,104.0,93.0,-11.0
2013,7,8,B6,SFO,128.0,109.0,-19.0
2013,7,8,EV,OMA,131.0,119.0,-12.0
2013,7,8,EV,MKE,312.0,313.0,1.0
2013,7,8,B6,FLL,190.0,160.0,-30.0
2013,7,8,EV,RIC,138.0,110.0,-28.0
2013,7,8,B6,BOS,169.0,139.0,-30.0
2013,7,8,MQ,DCA,71.0,69.0,-2.0
2013,7,8,EV,ATL,212.0,188.0,-24.0
2013,7,8,DL,SJU,109.0,82.0,-27.0
2013,7,8,B6,PDX,138.0,137.0,-1.0
2013,7,8,VX,SFO,256.0,253.0,-3.0
2013,7,8,EV,DCA,90.0,67.0,-23.0
2013,7,8,EV,STL,134.0,98.0,-36.0
2013,7,8,B6,DEN,111.0,94.0,-17.0
2013,7,8,MQ,BNA,286.0,255.0,-31.0
2013,7,8,B6,ROC,167.0,161.0,-6.0
2013,7,8,WN,MDW,142.0,102.0,-40.0
2013,7,8,B6,BUF,128.0,124.0,-4.0
2013,7,8,B6,TPA,88.0,71.0,-17.0
2013,7,8,EV,DSM,146.0,112.0,-34.0
2013,7,8,EV,ORF,93.0,61.0,-32.0
2013,7,8,EV,PWM,120.0,99.0,-21.0
2013,7,8,EV,SDF,125.0,96.0,-29.0
2013,7,8,B6,MCO,159.0,136.0,-23.0
2013,7,8,B6,FLL,125.0,105.0,-20.0
2013,7,8,9E,JAX,247.0,205.0,-42.0
2013,7,8,9E,DCA,194.0,177.0,-17.0
2013,7,8,B6,SJU,73.0,62.0,-11.0
2013,7,8,B6,MCO,121.0,104.0,-17.0
2013,7,8,MQ,RDU,129.0,110.0,-19.0
2013,7,9,MQ,RDU,157.0,145.0,-12.0
2013,7,9,9E,IAD,230.0,198.0,-32.0
2013,7,9,EV,MHT,208.0,189.0,-19.0
2013,7,9,UA,IAH,84.0,67.0,-17.0
2013,7,9,EV,CVG,92.0,81.0,-11.0
2013,7,9,B6,MCO,71.0,66.0,-5.0
2013,7,9,EV,IND,71.0,61.0,-10.0
2013,7,9,EV,MSP,56.0,63.0,7.0
2013,7,9,EV,OMA,77.0,65.0,-12.0
2013,7,9,9E,MSP,104.0,131.0,27.0
2013,7,9,VX,SFO,96.0,97.0,1.0
2013,7,9,MQ,ORD,55.0,71.0,16.0
2013,7,9,AA,SFO,111.0,101.0,-10.0
2013,7,9,MQ,DCA,98.0,82.0,-16.0
2013,7,9,9E,ORD,263.0,258.0,-5.0
2013,7,9,EV,PIT,99.0,78.0,-21.0
2013,7,9,EV,ROC,56.0,60.0,4.0
2013,7,9,VX,SFO,196.0,183.0,-13.0
2013,7,9,UA,SJU,69.0,101.0,32.0
2013,7,9,AA,ORD,74.0,139.0,65.0
2013,7,9,DL,ATL,-5.0,78.0,83.0
2013,7,9,MQ,RDU,90.0,79.0,-11.0
2013,7,9,US,BOS,-4.0,66.0,70.0
2013,7,9,AA,TPA,2.0,68.0,66.0
2013,7,9,DL,DTW,9.0,87.0,78.0
2013,7,9,MQ,ORD,96.0,178.0,82.0
2013,7,9,UA,BOS,24.0,77.0,53.0
2013,7,9,UA,SNA,208.0,178.0,-30.0
2013,7,9,AA,ORD,91.0,151.0,60.0
2013,7,9,UA,TPA,47.0,61.0,14.0
2013,7,9,MQ,IND,14.0,68.0,54.0
2013,7,9,DL,MIA,0.0,66.0,66.0
2013,7,9,FL,CAK,81.0,123.0,42.0
2013,7,9,9E,BUF,67.0,109.0,42.0
2013,7,9,UA,SFO,233.0,267.0,34.0
2013,7,9,EV,GSO,95.0,145.0,50.0
2013,7,9,MQ,CMH,20.0,66.0,46.0
2013,7,9,MQ,DCA,58.0,112.0,54.0
2013,7,9,B6,TPA,-6.0,73.0,79.0
2013,7,9,US,DCA,14.0,75.0,61.0
2013,7,9,UA,ORD,84.0,136.0,52.0
2013,7,9,EV,IAD,107.0,123.0,16.0
2013,7,9,WN,STL,40.0,75.0,35.0
2013,7,9,9E,BUF,248.0,331.0,83.0
2013,7,9,EV,BNA,36.0,116.0,80.0
2013,7,9,EV,CHS,101.0,114.0,13.0
2013,7,9,9E,BNA,50.0,118.0,68.0
2013,7,9,EV,CVG,64.0,68.0,4.0
2013,7,9,AA,DFW,-5.0,70.0,75.0
2013,7,9,US,BOS,-3.0,61.0,64.0
2013,7,9,9E,RDU,33.0,60.0,27.0
2013,7,9,UA,ORD,109.0,125.0,16.0
2013,7,9,DL,ATL,40.0,84.0,44.0
2013,7,9,B6,LAX,32.0,100.0,68.0
2013,7,9,EV,SAV,60.0,61.0,1.0
2013,7,9,B6,MCO,-3.0,101.0,104.0
2013,7,9,EV,ATL,143.0,130.0,-13.0
2013,7,9,DL,MEM,24.0,72.0,48.0
2013,7,9,9E,ORD,85.0,187.0,102.0
2013,7,9,9E,MKE,66.0,121.0,55.0
2013,7,9,UA,IAH,0.0,101.0,101.0
2013,7,9,MQ,ORD,97.0,164.0,67.0
2013,7,9,WN,MDW,38.0,121.0,83.0
2013,7,9,MQ,DCA,4.0,111.0,107.0
2013,7,9,MQ,RDU,61.0,78.0,17.0
2013,7,9,AA,ORD,128.0,200.0,72.0
2013,7,9,DL,ATL,104.0,173.0,69.0
2013,7,9,YV,IAD,84.0,162.0,78.0
2013,7,9,US,CLT,24.0,85.0,61.0
2013,7,9,DL,SAN,26.0,81.0,55.0
2013,7,9,9E,DFW,155.0,191.0,36.0
2013,7,9,AA,MIA,29.0,110.0,81.0
2013,7,9,B6,ORD,100.0,181.0,81.0
2013,7,9,UA,ORD,96.0,127.0,31.0
2013,7,9,DL,MSP,82.0,106.0,24.0
2013,7,9,MQ,BNA,57.0,101.0,44.0
2013,7,9,US,DCA,41.0,88.0,47.0
2013,7,9,B6,FLL,73.0,100.0,27.0
2013,7,9,UA,SEA,14.0,107.0,93.0
2013,7,9,EV,DAY,89.0,163.0,74.0
2013,7,9,9E,CVG,46.0,96.0,50.0
2013,7,9,UA,ORD,39.0,81.0,42.0
2013,7,9,F9,DEN,17.0,96.0,79.0
2013,7,9,MQ,XNA,-8.0,80.0,88.0
2013,7,9,AA,DFW,118.0,197.0,79.0
2013,7,9,B6,SEA,13.0,77.0,64.0
2013,7,9,DL,PDX,106.0,175.0,69.0
2013,7,9,US,CLT,16.0,63.0,47.0
2013,7,9,AA,DFW,1.0,67.0,66.0
2013,7,9,EV,ROC,72.0,149.0,77.0
2013,7,9,AA,DFW,87.0,86.0,-1.0
2013,7,9,DL,SLC,32.0,86.0,54.0
2013,7,9,DL,ATL,57.0,101.0,44.0
2013,7,9,DL,ATL,268.0,288.0,20.0
2013,7,9,DL,DEN,21.0,62.0,41.0
2013,7,9,MQ,RDU,22.0,85.0,63.0
2013,7,9,DL,ATL,69.0,160.0,91.0
2013,7,9,AA,ORD,119.0,156.0,37.0
2013,7,9,UA,DEN,61.0,123.0,62.0
2013,7,9,AA,ORD,71.0,100.0,29.0
2013,7,9,UA,SFO,156.0,168.0,12.0
2013,7,9,EV,CHS,56.0,125.0,69.0
2013,7,9,AA,LAS,69.0,76.0,7.0
2013,7,9,WN,STL,47.0,97.0,50.0
2013,7,9,EV,DTW,108.0,199.0,91.0
2013,7,9,US,BOS,23.0,90.0,67.0
2013,7,9,B6,PBI,5.0,74.0,69.0
2013,7,9,UA,LAX,26.0,64.0,38.0
2013,7,9,AA,ORD,82.0,113.0,31.0
2013,7,9,MQ,BNA,-1.0,78.0,79.0
2013,7,9,UA,IAH,87.0,109.0,22.0
2013,7,9,AA,LAX,82.0,110.0,28.0
2013,7,9,DL,FLL,231.0,287.0,56.0
2013,7,9,B6,SFO,33.0,68.0,35.0
2013,7,9,DL,MIA,13.0,80.0,67.0
2013,7,9,UA,SFO,83.0,153.0,70.0
2013,7,9,AA,MIA,49.0,91.0,42.0
2013,7,9,UA,PHX,86.0,74.0,-12.0
2013,7,9,EV,MSP,92.0,165.0,73.0
2013,7,9,US,DCA,45.0,117.0,72.0
2013,7,9,UA,ORD,114.0,160.0,46.0
2013,7,9,AA,SAN,71.0,89.0,18.0
2013,7,9,FL,ATL,76.0,131.0,55.0
2013,7,9,UA,SFO,113.0,181.0,68.0
2013,7,9,US,DCA,-3.0,60.0,63.0
2013,7,9,AA,MIA,98.0,124.0,26.0
2013,7,9,DL,ATL,68.0,107.0,39.0
2013,7,9,B6,BUF,33.0,74.0,41.0
2013,7,9,DL,DTW,41.0,68.0,27.0
2013,7,9,DL,ATL,69.0,101.0,32.0
2013,7,9,DL,DTW,105.0,134.0,29.0
2013,7,9,DL,ATL,198.0,229.0,31.0
2013,7,9,DL,DEN,18.0,65.0,47.0
2013,7,9,DL,MSY,54.0,97.0,43.0
2013,7,9,WN,HOU,133.0,151.0,18.0
2013,7,9,EV,DTW,116.0,101.0,-15.0
2013,7,9,AA,AUS,125.0,138.0,13.0
2013,7,9,B6,SJC,34.0,63.0,29.0
2013,7,9,DL,ATL,75.0,82.0,7.0
2013,7,9,MQ,CMH,91.0,127.0,36.0
2013,7,9,YV,CLT,119.0,158.0,39.0
2013,7,9,AA,IAH,122.0,130.0,8.0
2013,7,9,AA,ORD,93.0,112.0,19.0
2013,7,9,9E,DTW,79.0,127.0,48.0
2013,7,9,UA,SFO,105.0,133.0,28.0
2013,7,9,B6,MCO,114.0,131.0,17.0
2013,7,9,MQ,DTW,193.0,225.0,32.0
2013,7,9,9E,DTW,204.0,191.0,-13.0
2013,7,9,DL,MIA,19.0,65.0,46.0
2013,7,9,US,CLT,75.0,87.0,12.0
2013,7,9,UA,LAX,36.0,62.0,26.0
2013,7,9,EV,IAD,169.0,206.0,37.0
2013,7,9,B6,FLL,13.0,73.0,60.0
2013,7,9,VX,LAX,55.0,96.0,41.0
2013,7,9,US,CLT,57.0,82.0,25.0
2013,7,9,DL,SFO,58.0,84.0,26.0
2013,7,9,VX,LAX,183.0,166.0,-17.0
2013,7,9,AA,SEA,84.0,89.0,5.0
2013,7,9,9E,CHS,80.0,102.0,22.0
2013,7,9,B6,PBI,212.0,263.0,51.0
2013,7,9,DL,ATL,61.0,86.0,25.0
2013,7,9,MQ,CLE,94.0,125.0,31.0
2013,7,9,UA,TPA,92.0,72.0,-20.0
2013,7,9,UA,BOS,69.0,83.0,14.0
2013,7,9,WN,BNA,125.0,144.0,19.0
2013,7,9,UA,SFO,120.0,93.0,-27.0
2013,7,9,UA,CLE,142.0,118.0,-24.0
2013,7,9,MQ,BWI,115.0,125.0,10.0
2013,7,9,AA,ORD,104.0,114.0,10.0
2013,7,9,AA,SFO,156.0,185.0,29.0
2013,7,9,DL,MCO,152.0,159.0,7.0
2013,7,9,EV,IAD,68.0,64.0,-4.0
2013,7,9,UA,ORD,158.0,162.0,4.0
2013,7,9,EV,MEM,243.0,230.0,-13.0
2013,7,9,EV,BGR,135.0,138.0,3.0
2013,7,9,9E,DAY,106.0,105.0,-1.0
2013,7,9,VX,SFO,255.0,254.0,-1.0
2013,7,9,EV,CLT,91.0,87.0,-4.0
2013,7,9,UA,SFO,139.0,175.0,36.0
2013,7,9,WN,MKE,108.0,109.0,1.0
2013,7,9,DL,FLL,86.0,96.0,10.0
2013,7,9,UA,SFO,86.0,61.0,-25.0
2013,7,9,EV,MCI,128.0,131.0,3.0
2013,7,9,DL,SAT,107.0,62.0,-45.0
2013,7,9,UA,SEA,87.0,77.0,-10.0
2013,7,9,MQ,MSP,134.0,133.0,-1.0
2013,7,9,EV,BNA,103.0,91.0,-12.0
2013,7,9,9E,BOS,104.0,82.0,-22.0
2013,7,9,MQ,CMH,99.0,98.0,-1.0
2013,7,9,US,BOS,141.0,137.0,-4.0
2013,7,9,UA,LAX,177.0,137.0,-40.0
2013,7,9,EV,DTW,108.0,111.0,3.0
2013,7,9,EV,RIC,142.0,153.0,11.0
2013,7,9,AA,BOS,125.0,125.0,0.0
2013,7,9,AA,DFW,125.0,106.0,-19.0
2013,7,9,EV,OMA,59.0,63.0,4.0
2013,7,9,B6,ORD,84.0,83.0,-1.0
2013,7,9,AA,SFO,364.0,380.0,16.0
2013,7,9,UA,CLE,74.0,78.0,4.0
2013,7,9,B6,BOS,54.0,61.0,7.0
2013,7,9,MQ,RDU,105.0,114.0,9.0
2013,7,9,WN,MDW,71.0,65.0,-6.0
2013,7,9,AA,LAX,149.0,111.0,-38.0
2013,7,9,EV,ATL,121.0,97.0,-24.0
2013,7,9,EV,JAX,58.0,89.0,31.0
2013,7,9,VX,SFO,269.0,249.0,-20.0
2013,7,9,MQ,DTW,78.0,69.0,-9.0
2013,7,9,UA,BQN,71.0,66.0,-5.0
2013,7,9,UA,MIA,106.0,105.0,-1.0
2013,7,9,9E,BWI,99.0,95.0,-4.0
2013,7,9,UA,MCO,43.0,63.0,20.0
2013,7,9,UA,PBI,62.0,70.0,8.0
2013,7,9,EV,DCA,150.0,146.0,-4.0
2013,7,9,MQ,CLT,72.0,61.0,-11.0
2013,7,9,UA,FLL,78.0,68.0,-10.0
2013,7,9,EV,IAD,163.0,144.0,-19.0
2013,7,9,9E,MSY,165.0,124.0,-41.0
2013,7,9,UA,TPA,85.0,88.0,3.0
2013,7,9,EV,ATL,178.0,174.0,-4.0
2013,7,9,FL,ATL,205.0,175.0,-30.0
2013,7,9,DL,FLL,84.0,63.0,-21.0
2013,7,9,B6,MCO,85.0,77.0,-8.0
2013,7,9,B6,SLC,177.0,152.0,-25.0
2013,7,9,DL,PIT,149.0,136.0,-13.0
2013,7,9,EV,TYS,171.0,169.0,-2.0
2013,7,9,9E,PHL,122.0,78.0,-44.0
2013,7,9,9E,JAX,179.0,162.0,-17.0
2013,7,9,US,DCA,94.0,84.0,-10.0
2013,7,9,EV,CVG,103.0,114.0,11.0
2013,7,9,MQ,RDU,156.0,139.0,-17.0
2013,7,9,EV,TUL,148.0,134.0,-14.0
2013,7,9,MQ,ORD,92.0,93.0,1.0
2013,7,9,B6,SFO,134.0,151.0,17.0
2013,7,9,EV,DCA,68.0,61.0,-7.0
2013,7,9,VX,SFO,235.0,212.0,-23.0
2013,7,9,EV,MHT,82.0,67.0,-15.0
2013,7,9,EV,SDF,83.0,77.0,-6.0
2013,7,9,EV,RIC,150.0,126.0,-24.0
2013,7,9,B6,JAX,90.0,69.0,-21.0
2013,7,9,9E,CVG,136.0,98.0,-38.0
2013,7,9,EV,RIC,125.0,120.0,-5.0
2013,7,9,EV,DSM,125.0,103.0,-22.0
2013,7,9,B6,MCO,80.0,61.0,-19.0
2013,7,9,MQ,DCA,87.0,97.0,10.0
2013,7,9,FL,CAK,159.0,145.0,-14.0
2013,7,9,9E,DCA,161.0,149.0,-12.0
2013,7,9,MQ,ATL,192.0,162.0,-30.0
2013,7,9,WN,MDW,140.0,108.0,-32.0
2013,7,9,DL,SJU,125.0,106.0,-19.0
2013,7,9,UA,IAH,137.0,95.0,-42.0
2013,7,9,EV,ORF,103.0,71.0,-32.0
2013,7,9,AA,ORD,164.0,140.0,-24.0
2013,7,9,9E,TYS,197.0,167.0,-30.0
2013,7,9,EV,DSM,248.0,216.0,-32.0
2013,7,9,B6,SYR,63.0,60.0,-3.0
2013,7,9,B6,BUF,60.0,61.0,1.0
2013,7,9,EV,STL,174.0,149.0,-25.0
2013,7,9,B6,FLL,145.0,127.0,-18.0
2013,7,9,DL,ATL,235.0,210.0,-25.0
2013,7,10,B6,ROC,92.0,112.0,20.0
2013,7,10,UA,PBI,195.0,173.0,-22.0
2013,7,10,UA,MCO,178.0,150.0,-28.0
2013,7,10,FL,ATL,413.0,390.0,-23.0
2013,7,10,B6,BTV,103.0,134.0,31.0
2013,7,10,B6,MCO,210.0,207.0,-3.0
2013,7,10,UA,ORD,273.0,252.0,-21.0
2013,7,10,B6,FLL,189.0,176.0,-13.0
2013,7,10,UA,IAH,331.0,301.0,-30.0
2013,7,10,B6,LAS,188.0,172.0,-16.0
2013,7,10,B6,JAX,197.0,192.0,-5.0
2013,7,10,WN,MDW,232.0,198.0,-34.0
2013,7,10,B6,SJU,153.0,140.0,-13.0
2013,7,10,B6,SYR,141.0,126.0,-15.0
2013,7,10,B6,SFO,453.0,445.0,-8.0
2013,7,10,B6,LAX,169.0,162.0,-7.0
2013,7,10,B6,DEN,249.0,218.0,-31.0
2013,7,10,UA,ORD,389.0,337.0,-52.0
2013,7,10,B6,BOS,159.0,142.0,-17.0
2013,7,10,B6,BUF,192.0,175.0,-17.0
2013,7,10,B6,BQN,123.0,107.0,-16.0
2013,7,10,DL,TPA,397.0,364.0,-33.0
2013,7,10,DL,LAX,319.0,284.0,-35.0
2013,7,10,B6,PSE,155.0,139.0,-16.0
2013,7,10,B6,BUF,375.0,354.0,-21.0
2013,7,10,UA,SNA,99.0,78.0,-21.0
2013,7,10,B6,ACK,86.0,77.0,-9.0
2013,7,10,EV,STL,102.0,91.0,-11.0
2013,7,10,B6,HOU,94.0,69.0,-25.0
2013,7,10,EV,RIC,93.0,81.0,-12.0
2013,7,10,MQ,ATL,120.0,114.0,-6.0
2013,7,10,EV,DTW,94.0,69.0,-25.0
2013,7,10,9E,DCA,129.0,106.0,-23.0
2013,7,10,UA,BOS,64.0,91.0,27.0
2013,7,10,DL,SFO,87.0,67.0,-20.0
2013,7,10,VX,SFO,85.0,85.0,0.0
2013,7,10,WN,MDW,41.0,60.0,19.0
2013,7,10,B6,BOS,17.0,69.0,52.0
2013,7,10,MQ,DCA,123.0,123.0,0.0
2013,7,10,WN,DEN,50.0,95.0,45.0
2013,7,10,UA,DEN,119.0,122.0,3.0
2013,7,10,DL,ATL,0.0,91.0,91.0
2013,7,10,F9,DEN,16.0,64.0,48.0
2013,7,10,EV,BNA,76.0,116.0,40.0
2013,7,10,WN,MDW,23.0,73.0,50.0
2013,7,10,DL,FLL,158.0,161.0,3.0
2013,7,10,DL,ATL,24.0,75.0,51.0
2013,7,10,DL,ATL,47.0,149.0,102.0
2013,7,10,DL,ATL,183.0,202.0,19.0
2013,7,10,DL,ATL,171.0,151.0,-20.0
2013,7,10,DL,ATL,115.0,124.0,9.0
2013,7,10,UA,LAX,61.0,73.0,12.0
2013,7,10,EV,IAD,56.0,63.0,7.0
2013,7,10,AA,MIA,15.0,128.0,113.0
2013,7,10,UA,ATL,165.0,249.0,84.0
2013,7,10,B6,BOS,85.0,92.0,7.0
2013,7,10,FL,ATL,139.0,249.0,110.0
2013,7,10,AA,MCO,34.0,135.0,101.0
2013,7,10,DL,FLL,12.0,62.0,50.0
2013,7,10,B6,FLL,62.0,96.0,34.0
2013,7,10,DL,DTW,188.0,255.0,67.0
2013,7,10,B6,BTV,0.0,73.0,73.0
2013,7,10,UA,FLL,69.0,93.0,24.0
2013,7,10,AA,MIA,71.0,99.0,28.0
2013,7,10,DL,MIA,7.0,73.0,66.0
2013,7,10,DL,MCO,14.0,69.0,55.0
2013,7,10,US,CLT,70.0,146.0,76.0
2013,7,10,9E,BUF,88.0,68.0,-20.0
2013,7,10,9E,RIC,73.0,98.0,25.0
2013,7,10,B6,TPA,46.0,68.0,22.0
2013,7,10,DL,MSY,30.0,138.0,108.0
2013,7,10,EV,ATL,199.0,316.0,117.0
2013,7,10,MQ,RDU,47.0,92.0,45.0
2013,7,10,DL,SFO,23.0,169.0,146.0
2013,7,10,US,PHX,-2.0,112.0,114.0
2013,7,10,UA,IAH,69.0,174.0,105.0
2013,7,10,UA,IAH,11.0,91.0,80.0
2013,7,10,DL,SLC,54.0,168.0,114.0
2013,7,10,B6,MCO,39.0,82.0,43.0
2013,7,10,B6,RSW,71.0,143.0,72.0
2013,7,10,DL,MEM,-2.0,101.0,103.0
2013,7,10,DL,ATL,112.0,185.0,73.0
2013,7,10,US,CLT,74.0,131.0,57.0
2013,7,10,B6,PBI,29.0,81.0,52.0
2013,7,10,DL,LAX,-2.0,93.0,95.0
2013,7,10,AA,DFW,30.0,96.0,66.0
2013,7,10,EV,IAD,137.0,158.0,21.0
2013,7,10,UA,LAS,0.0,69.0,69.0
2013,7,10,9E,MKE,50.0,150.0,100.0
2013,7,10,AA,ORD,0.0,86.0,86.0
2013,7,10,DL,ATL,68.0,145.0,77.0
2013,7,10,EV,BNA,69.0,132.0,63.0
2013,7,10,MQ,DCA,123.0,131.0,8.0
2013,7,10,AA,LAX,10.0,88.0,78.0
2013,7,10,UA,CLE,100.0,169.0,69.0
2013,7,10,DL,SEA,-5.0,62.0,67.0
2013,7,10,B6,LAX,63.0,108.0,45.0
2013,7,10,UA,ORD,25.0,140.0,115.0
2013,7,10,DL,ATL,75.0,81.0,6.0
2013,7,10,9E,CVG,40.0,108.0,68.0
2013,7,10,DL,SFO,10.0,101.0,91.0
2013,7,10,B6,MCO,163.0,160.0,-3.0
2013,7,10,YV,CLT,10.0,60.0,50.0
2013,7,10,DL,ATL,121.0,181.0,60.0
2013,7,10,DL,SLC,21.0,93.0,72.0
2013,7,10,B6,OAK,42.0,110.0,68.0
2013,7,10,B6,BUF,82.0,127.0,45.0
2013,7,10,DL,DEN,14.0,89.0,75.0
2013,7,10,YV,IAD,114.0,133.0,19.0
2013,7,10,US,BOS,121.0,132.0,11.0
2013,7,10,DL,DTW,204.0,256.0,52.0
2013,7,10,F9,DEN,35.0,118.0,83.0
2013,7,10,US,BOS,67.0,91.0,24.0
2013,7,10,MQ,ATL,119.0,177.0,58.0
2013,7,10,UA,SFO,72.0,105.0,33.0
2013,7,10,US,PHX,78.0,114.0,36.0
2013,7,10,DL,LAX,-1.0,65.0,66.0
2013,7,10,WN,STL,139.0,196.0,57.0
2013,7,10,WN,DEN,149.0,190.0,41.0
2013,7,10,B6,CLT,82.0,109.0,27.0
2013,7,10,DL,MSY,-2.0,90.0,92.0
2013,7,10,MQ,RDU,38.0,62.0,24.0
2013,7,10,B6,TPA,127.0,152.0,25.0
2013,7,10,UA,SAT,75.0,78.0,3.0
2013,7,10,AA,MIA,86.0,64.0,-22.0
2013,7,10,MQ,BNA,112.0,180.0,68.0
2013,7,10,9E,DTW,15.0,83.0,68.0
2013,7,10,B6,BUR,35.0,107.0,72.0
2013,7,10,AA,SFO,187.0,307.0,120.0
2013,7,10,MQ,CMH,44.0,167.0,123.0
2013,7,10,B6,ROC,89.0,160.0,71.0
2013,7,10,B6,BUF,13.0,75.0,62.0
2013,7,10,DL,ATL,115.0,126.0,11.0
2013,7,10,AA,LAX,194.0,282.0,88.0
2013,7,10,DL,ATL,59.0,122.0,63.0
2013,7,10,US,DCA,121.0,146.0,25.0
2013,7,10,B6,HOU,243.0,338.0,95.0
2013,7,10,DL,SAN,118.0,218.0,100.0
2013,7,10,UA,ORD,233.0,256.0,23.0
2013,7,10,UA,SEA,95.0,132.0,37.0
2013,7,10,EV,MKE,96.0,186.0,90.0
2013,7,10,DL,ATL,125.0,217.0,92.0
2013,7,10,DL,ATL,62.0,87.0,25.0
2013,7,10,UA,LAX,43.0,76.0,33.0
2013,7,10,B6,MCO,81.0,108.0,27.0
2013,7,10,EV,IAD,132.0,128.0,-4.0
2013,7,10,DL,DEN,12.0,89.0,77.0
2013,7,10,UA,IAH,112.0,133.0,21.0
2013,7,10,AA,LAS,125.0,194.0,69.0
2013,7,10,DL,SFO,16.0,177.0,161.0
2013,7,10,EV,DTW,257.0,353.0,96.0
2013,7,10,UA,SFO,239.0,312.0,73.0
2013,7,10,EV,ROC,155.0,156.0,1.0
2013,7,10,UA,ORD,208.0,278.0,70.0
2013,7,10,B6,MCO,139.0,121.0,-18.0
2013,7,10,UA,LAX,154.0,208.0,54.0
2013,7,10,WN,MDW,241.0,322.0,81.0
2013,7,10,FL,CAK,303.0,395.0,92.0
2013,7,10,UA,LAX,94.0,149.0,55.0
2013,7,10,MQ,BNA,64.0,176.0,112.0
2013,7,10,9E,CVG,156.0,249.0,93.0
2013,7,10,DL,SLC,4.0,121.0,117.0
2013,7,10,UA,LAS,283.0,385.0,102.0
2013,7,10,UA,LAX,32.0,120.0,88.0
2013,7,10,DL,MSP,69.0,112.0,43.0
2013,7,10,VX,SFO,135.0,254.0,119.0
2013,7,10,B6,SLC,20.0,93.0,73.0
2013,7,10,DL,PDX,51.0,171.0,120.0
2013,7,10,UA,DEN,106.0,193.0,87.0
2013,7,10,UA,LAX,306.0,322.0,16.0
2013,7,10,DL,ATL,57.0,93.0,36.0
2013,7,10,DL,LAX,268.0,274.0,6.0
2013,7,10,UA,SFO,97.0,131.0,34.0
2013,7,10,DL,AUS,241.0,251.0,10.0
2013,7,10,WN,HOU,172.0,197.0,25.0
2013,7,10,B6,ORD,-2.0,115.0,117.0
2013,7,10,DL,LAS,275.0,298.0,23.0
2013,7,10,MQ,ORF,187.0,193.0,6.0
2013,7,10,UA,DEN,287.0,414.0,127.0
2013,7,10,AA,SEA,94.0,113.0,19.0
2013,7,10,EV,MKE,291.0,441.0,150.0
2013,7,10,DL,MSP,241.0,309.0,68.0
2013,7,10,MQ,DCA,176.0,189.0,13.0
2013,7,10,UA,DEN,277.0,361.0,84.0
2013,7,10,DL,DTW,109.0,166.0,57.0
2013,7,10,WN,MSY,109.0,85.0,-24.0
2013,7,10,B6,ABQ,18.0,126.0,108.0
2013,7,10,B6,PHX,0.0,87.0,87.0
2013,7,10,UA,SEA,49.0,90.0,41.0
2013,7,10,B6,PWM,201.0,186.0,-15.0
2013,7,10,B6,LAS,106.0,188.0,82.0
2013,7,10,B6,TPA,73.0,86.0,13.0
2013,7,10,WN,STL,192.0,251.0,59.0
2013,7,10,9E,DFW,355.0,421.0,66.0
2013,7,10,US,DCA,114.0,113.0,-1.0
2013,7,10,B6,LAX,7.0,102.0,95.0
2013,7,10,UA,AUS,351.0,349.0,-2.0
2013,7,10,UA,DEN,229.0,284.0,55.0
2013,7,10,UA,SFO,325.0,399.0,74.0
2013,7,10,US,DCA,67.0,76.0,9.0
2013,7,10,US,BOS,188.0,188.0,0.0
2013,7,10,B6,SAN,274.0,334.0,60.0
2013,7,10,UA,SFO,194.0,233.0,39.0
2013,7,10,B6,BOS,220.0,227.0,7.0
2013,7,10,9E,SDF,296.0,357.0,61.0
2013,7,10,EV,STL,13.0,100.0,87.0
2013,7,10,UA,IAH,73.0,62.0,-11.0
2013,7,10,UA,BOS,381.0,396.0,15.0
2013,7,10,UA,SFO,53.0,122.0,69.0
2013,7,10,US,BOS,160.0,153.0,-7.0
2013,7,10,UA,SFO,272.0,347.0,75.0
2013,7,10,UA,CLE,361.0,386.0,25.0
2013,7,10,DL,SJU,31.0,65.0,34.0
2013,7,10,DL,PIT,107.0,98.0,-9.0
2013,7,10,DL,MSP,226.0,235.0,9.0
2013,7,10,VX,LAX,105.0,151.0,46.0
2013,7,10,B6,SEA,257.0,307.0,50.0
2013,7,10,B6,AUS,91.0,127.0,36.0
2013,7,10,VX,LAX,181.0,187.0,6.0
2013,7,10,UA,SFO,206.0,243.0,37.0
2013,7,10,DL,PDX,353.0,391.0,38.0
2013,7,10,EV,BGR,216.0,201.0,-15.0
2013,7,10,DL,ATL,130.0,130.0,0.0
2013,7,10,UA,ORD,232.0,238.0,6.0
2013,7,10,EV,RIC,193.0,219.0,26.0
2013,7,10,9E,RDU,159.0,227.0,68.0
2013,7,10,US,CLT,200.0,196.0,-4.0
2013,7,10,DL,ATL,241.0,223.0,-18.0
2013,7,10,MQ,DTW,347.0,338.0,-9.0
2013,7,10,EV,ORF,28.0,67.0,39.0
2013,7,10,EV,BNA,175.0,175.0,0.0
2013,7,10,B6,SJC,212.0,226.0,14.0
2013,7,10,UA,SFO,383.0,370.0,-13.0
2013,7,10,B6,FLL,213.0,226.0,13.0
2013,7,10,WN,MDW,124.0,131.0,7.0
2013,7,10,UA,LAX,129.0,198.0,69.0
2013,7,10,DL,MSP,479.0,475.0,-4.0
2013,7,10,AA,LAX,50.0,95.0,45.0
2013,7,10,EV,ATL,200.0,204.0,4.0
2013,7,10,EV,ATL,176.0,171.0,-5.0
2013,7,10,UA,MIA,147.0,136.0,-11.0
2013,7,10,9E,PIT,222.0,222.0,0.0
2013,7,10,WN,BNA,273.0,245.0,-28.0
2013,7,10,UA,AUS,115.0,114.0,-1.0
2013,7,10,B6,BOS,124.0,133.0,9.0
2013,7,10,UA,SFO,200.0,206.0,6.0
2013,7,10,DL,MIA,211.0,188.0,-23.0
2013,7,10,US,DCA,116.0,106.0,-10.0
2013,7,10,B6,SYR,352.0,391.0,39.0
2013,7,10,B6,BOS,381.0,412.0,31.0
2013,7,10,EV,DCA,77.0,76.0,-1.0
2013,7,10,UA,SJU,173.0,183.0,10.0
2013,7,10,DL,PHX,259.0,261.0,2.0
2013,7,10,EV,JAX,130.0,109.0,-21.0
2013,7,10,EV,TUL,176.0,180.0,4.0
2013,7,10,EV,MCI,259.0,264.0,5.0
2013,7,10,EV,OMA,160.0,162.0,2.0
2013,7,10,EV,CLT,231.0,244.0,13.0
2013,7,10,B6,MSY,114.0,129.0,15.0
2013,7,10,B6,SFO,168.0,230.0,62.0
2013,7,10,UA,LAX,343.0,313.0,-30.0
2013,7,10,DL,SAT,249.0,238.0,-11.0
2013,7,10,9E,JAX,226.0,219.0,-7.0
2013,7,10,B6,FLL,291.0,266.0,-25.0
2013,7,10,B6,SMF,224.0,238.0,14.0
2013,7,10,B6,FLL,230.0,207.0,-23.0
2013,7,10,UA,CLE,185.0,171.0,-14.0
2013,7,10,B6,BOS,210.0,233.0,23.0
2013,7,10,B6,FLL,115.0,152.0,37.0
2013,7,10,UA,BOS,123.0,125.0,2.0
2013,7,10,DL,LAS,233.0,225.0,-8.0
2013,7,10,B6,TPA,105.0,129.0,24.0
2013,7,10,VX,SFO,432.0,433.0,1.0
2013,7,10,9E,CVG,178.0,161.0,-17.0
2013,7,10,EV,CVG,172.0,161.0,-11.0
2013,7,10,B6,PDX,173.0,220.0,47.0
2013,7,10,B6,MCO,268.0,267.0,-1.0
2013,7,10,UA,BOS,278.0,271.0,-7.0
2013,7,10,FL,ATL,576.0,551.0,-25.0
2013,7,10,VX,LAX,413.0,420.0,7.0
2013,7,10,B6,ROC,200.0,221.0,21.0
2013,7,10,VX,SFO,301.0,310.0,9.0
2013,7,10,DL,ATL,178.0,159.0,-19.0
2013,7,11,B6,BUF,75.0,67.0,-8.0
2013,7,11,B6,LAX,89.0,69.0,-20.0
2013,7,11,B6,BQN,93.0,90.0,-3.0
2013,7,11,B6,PBI,102.0,96.0,-6.0
2013,7,11,B6,MCO,72.0,63.0,-9.0
2013,7,11,UA,SFO,2.0,81.0,79.0
2013,7,11,B6,FLL,102.0,113.0,11.0
2013,7,11,US,CLT,81.0,92.0,11.0
2013,7,11,9E,MSY,108.0,97.0,-11.0
2013,7,11,EV,OMA,109.0,115.0,6.0
2013,7,11,EV,AVL,86.0,95.0,9.0
2013,7,11,UA,ORD,97.0,73.0,-24.0
2013,7,11,US,CLT,43.0,103.0,60.0
2013,7,11,B6,FLL,135.0,109.0,-26.0
2013,7,11,B6,LAS,87.0,91.0,4.0
2013,7,11,B6,SYR,117.0,116.0,-1.0
2013,7,11,UA,MCO,179.0,203.0,24.0
2013,7,11,B6,CHS,219.0,225.0,6.0
2013,7,11,US,PHX,79.0,63.0,-16.0
2013,7,11,VX,SFO,93.0,88.0,-5.0
2013,7,11,B6,MCO,138.0,135.0,-3.0
2013,7,11,B6,BTV,67.0,65.0,-2.0
2013,7,11,VX,SFO,128.0,105.0,-23.0
2013,7,11,EV,JAX,71.0,62.0,-9.0
2013,7,11,B6,PBI,155.0,164.0,9.0
2013,7,11,B6,SJU,129.0,131.0,2.0
2013,7,11,EV,MSP,409.0,389.0,-20.0
2013,7,11,MQ,ATL,75.0,90.0,15.0
2013,7,11,DL,SEA,233.0,219.0,-14.0
2013,7,11,US,CLT,131.0,146.0,15.0
2013,7,11,US,CLT,61.0,60.0,-1.0
2013,7,11,US,CLT,80.0,109.0,29.0
2013,7,11,UA,DFW,32.0,99.0,67.0
2013,7,11,YV,CLT,166.0,153.0,-13.0
2013,7,11,B6,BUF,242.0,277.0,35.0
2013,7,11,B6,ROC,84.0,76.0,-8.0
2013,7,11,UA,SFO,99.0,104.0,5.0
2013,7,11,DL,SFO,66.0,89.0,23.0
2013,7,11,EV,SYR,141.0,127.0,-14.0
2013,7,11,UA,BOS,291.0,274.0,-17.0
2013,7,11,UA,IAH,71.0,70.0,-1.0
2013,7,11,9E,BWI,36.0,62.0,26.0
2013,7,11,B6,FLL,159.0,189.0,30.0
2013,7,11,B6,MCO,70.0,84.0,14.0
2013,7,11,MQ,BNA,328.0,334.0,6.0
2013,7,11,EV,GSP,55.0,66.0,11.0
2013,7,11,UA,MCO,42.0,61.0,19.0
2013,7,11,EV,PIT,272.0,263.0,-9.0
2013,7,11,UA,LAX,155.0,164.0,9.0
2013,7,11,B6,TPA,84.0,86.0,2.0
2013,7,11,MQ,DCA,46.0,96.0,50.0
2013,7,11,B6,SJU,95.0,95.0,0.0
2013,7,11,EV,STL,112.0,119.0,7.0
2013,7,11,MQ,MSP,122.0,114.0,-8.0
2013,7,11,B6,BOS,165.0,168.0,3.0
2013,7,11,B6,MCO,104.0,87.0,-17.0
2013,7,11,US,CLT,77.0,68.0,-9.0
2013,7,11,B6,JAX,143.0,154.0,11.0
2013,7,11,UA,SFO,88.0,79.0,-9.0
2013,7,11,B6,RSW,126.0,120.0,-6.0
2013,7,11,9E,RDU,81.0,65.0,-16.0
2013,7,11,UA,SFO,348.0,345.0,-3.0
2013,7,11,US,PHX,96.0,63.0,-33.0
2013,7,11,B6,CLT,88.0,68.0,-20.0
2013,7,11,B6,PBI,123.0,117.0,-6.0
2013,7,11,FL,ATL,59.0,88.0,29.0
2013,7,11,WN,MDW,113.0,110.0,-3.0
2013,7,11,EV,RDU,150.0,132.0,-18.0
2013,7,11,UA,TPA,241.0,237.0,-4.0
2013,7,11,WN,STL,76.0,82.0,6.0
2013,7,11,DL,ATL,48.0,69.0,21.0
2013,7,11,UA,DEN,120.0,82.0,-38.0
2013,7,11,F9,DEN,100.0,92.0,-8.0
2013,7,11,UA,ORD,134.0,122.0,-12.0
2013,7,11,UA,MCO,204.0,223.0,19.0
2013,7,11,B6,RDU,130.0,133.0,3.0
2013,7,11,B6,BUF,59.0,65.0,6.0
2013,7,11,B6,SYR,155.0,141.0,-14.0
2013,7,11,B6,FLL,74.0,70.0,-4.0
2013,7,11,B6,ROC,147.0,145.0,-2.0
2013,7,11,MQ,RDU,204.0,212.0,8.0
2013,7,11,MQ,CLE,74.0,81.0,7.0
2013,7,11,UA,DFW,97.0,82.0,-15.0
2013,7,11,B6,MCO,170.0,170.0,0.0
2013,7,11,VX,SFO,209.0,169.0,-40.0
2013,7,11,MQ,MSP,68.0,82.0,14.0
2013,7,11,MQ,BNA,94.0,111.0,17.0
2013,7,11,UA,SFO,104.0,71.0,-33.0
2013,7,11,UA,SFO,134.0,89.0,-45.0
2013,7,11,DL,TPA,60.0,64.0,4.0
2013,7,11,VX,SFO,206.0,175.0,-31.0
2013,7,11,MQ,RDU,61.0,61.0,0.0
2013,7,11,B6,SLC,94.0,67.0,-27.0
2013,7,11,B6,FLL,133.0,127.0,-6.0
2013,7,11,MQ,RDU,89.0,65.0,-24.0
2013,7,11,UA,SAN,106.0,74.0,-32.0
2013,7,11,B6,MCO,97.0,68.0,-29.0
2013,7,11,EV,CLT,152.0,143.0,-9.0
2013,7,11,B6,ROC,87.0,62.0,-25.0
2013,7,11,VX,SFO,187.0,183.0,-4.0
2013,7,11,B6,MCO,88.0,82.0,-6.0
2013,7,11,B6,PHX,122.0,96.0,-26.0
2013,7,11,EV,CVG,102.0,84.0,-18.0
2013,7,11,B6,AUS,143.0,135.0,-8.0
2013,7,11,B6,FLL,89.0,81.0,-8.0
2013,7,11,B6,MCO,82.0,69.0,-13.0
2013,7,11,B6,TPA,79.0,75.0,-4.0
2013,7,11,B6,BUF,126.0,111.0,-15.0
2013,7,11,B6,MCO,133.0,127.0,-6.0
2013,7,11,DL,ATL,274.0,261.0,-13.0
2013,7,11,B6,JAX,137.0,132.0,-5.0
2013,7,11,B6,PWM,70.0,60.0,-10.0
2013,7,11,B6,ORD,232.0,208.0,-24.0
2013,7,12,B6,DEN,160.0,112.0,-48.0
2013,7,12,B6,SYR,82.0,72.0,-10.0
2013,7,12,9E,CVG,348.0,311.0,-37.0
2013,7,12,B6,BTV,90.0,92.0,2.0
2013,7,12,B6,ROC,94.0,85.0,-9.0
2013,7,12,B6,PSE,79.0,60.0,-19.0
2013,7,12,DL,TPA,343.0,322.0,-21.0
2013,7,12,B6,RSW,52.0,61.0,9.0
2013,7,12,B6,MSY,39.0,64.0,25.0
2013,7,12,MQ,DTW,86.0,79.0,-7.0
2013,7,12,EV,ATL,115.0,111.0,-4.0
2013,7,12,EV,GSP,94.0,96.0,2.0
2013,7,12,B6,MCO,92.0,110.0,18.0
2013,7,12,VX,SFO,101.0,62.0,-39.0
2013,7,12,9E,CVG,153.0,154.0,1.0
2013,7,12,B6,FLL,103.0,116.0,13.0
2013,7,12,AA,MIA,88.0,106.0,18.0
2013,7,12,UA,BOS,126.0,115.0,-11.0
2013,7,12,EV,CHS,87.0,83.0,-4.0
2013,7,12,AA,MIA,50.0,65.0,15.0
2013,7,12,9E,MVY,183.0,168.0,-15.0
2013,7,12,AA,MIA,15.0,106.0,91.0
2013,7,12,B6,PBI,85.0,99.0,14.0
2013,7,12,AA,SFO,85.0,73.0,-12.0
2013,7,12,US,DCA,58.0,77.0,19.0
2013,7,12,MQ,ATL,-6.0,103.0,109.0
2013,7,12,9E,PHL,161.0,206.0,45.0
2013,7,12,EV,IAD,144.0,161.0,17.0
2013,7,12,B6,MCO,145.0,163.0,18.0
2013,7,12,VX,SFO,117.0,82.0,-35.0
2013,7,12,UA,IAH,88.0,65.0,-23.0
2013,7,12,UA,ORD,154.0,126.0,-28.0
2013,7,12,VX,SFO,127.0,99.0,-28.0
2013,7,12,EV,ROC,72.0,66.0,-6.0
2013,7,12,AA,DFW,146.0,144.0,-2.0
2013,7,12,MQ,RDU,107.0,127.0,20.0
2013,7,12,MQ,CLT,28.0,76.0,48.0
2013,7,12,B6,SRQ,63.0,67.0,4.0
2013,7,12,EV,ATL,2.0,76.0,74.0
2013,7,12,MQ,ATL,21.0,128.0,107.0
2013,7,12,B6,JAX,13.0,67.0,54.0
2013,7,12,9E,BWI,184.0,206.0,22.0
2013,7,12,EV,IAD,51.0,94.0,43.0
2013,7,12,B6,FLL,22.0,71.0,49.0
2013,7,12,B6,SJU,47.0,84.0,37.0
2013,7,12,9E,BWI,48.0,84.0,36.0
2013,7,12,B6,HOU,49.0,66.0,17.0
2013,7,12,9E,DFW,60.0,76.0,16.0
2013,7,12,US,DCA,67.0,67.0,0.0
2013,7,12,B6,MCO,119.0,142.0,23.0
2013,7,12,FL,ATL,129.0,164.0,35.0
2013,7,12,DL,ATL,83.0,100.0,17.0
2013,7,12,9E,BUF,110.0,113.0,3.0
2013,7,12,EV,RDU,26.0,68.0,42.0
2013,7,12,B6,RSW,62.0,109.0,47.0
2013,7,12,AA,SFO,78.0,84.0,6.0
2013,7,12,US,PHL,70.0,94.0,24.0
2013,7,12,B6,MCO,51.0,84.0,33.0
2013,7,12,B6,ORD,71.0,108.0,37.0
2013,7,12,B6,FLL,44.0,68.0,24.0
2013,7,12,DL,ATL,79.0,131.0,52.0
2013,7,12,DL,MIA,97.0,80.0,-17.0
2013,7,12,DL,LAX,22.0,62.0,40.0
2013,7,12,DL,ATL,64.0,122.0,58.0
2013,7,12,B6,PBI,56.0,63.0,7.0
2013,7,12,US,CLT,160.0,159.0,-1.0
2013,7,12,EV,PIT,104.0,80.0,-24.0
2013,7,12,EV,JAX,159.0,174.0,15.0
2013,7,12,DL,ATL,50.0,101.0,51.0
2013,7,12,UA,SFO,132.0,140.0,8.0
2013,7,12,9E,PHL,89.0,128.0,39.0
2013,7,12,EV,STL,144.0,133.0,-11.0
2013,7,12,EV,DTW,114.0,116.0,2.0
2013,7,12,EV,CLT,108.0,90.0,-18.0
2013,7,12,B6,MCO,83.0,93.0,10.0
2013,7,12,AA,LAS,87.0,72.0,-15.0
2013,7,12,EV,IAD,100.0,98.0,-2.0
2013,7,12,9E,IAD,229.0,226.0,-3.0
2013,7,12,EV,ORF,93.0,91.0,-2.0
2013,7,12,MQ,RDU,138.0,119.0,-19.0
2013,7,12,EV,MKE,77.0,70.0,-7.0
2013,7,12,EV,CHS,81.0,87.0,6.0
2013,7,12,DL,ATL,111.0,123.0,12.0
2013,7,12,WN,MDW,52.0,69.0,17.0
2013,7,12,EV,CVG,93.0,87.0,-6.0
2013,7,12,WN,HOU,104.0,100.0,-4.0
2013,7,12,DL,ATL,54.0,81.0,27.0
2013,7,12,B6,BOS,92.0,91.0,-1.0
2013,7,12,EV,ATL,146.0,150.0,4.0
2013,7,12,DL,ATL,71.0,81.0,10.0
2013,7,12,EV,BNA,107.0,106.0,-1.0
2013,7,12,9E,MCI,120.0,123.0,3.0
2013,7,12,AA,SFO,80.0,71.0,-9.0
2013,7,12,B6,PBI,63.0,91.0,28.0
2013,7,12,B6,BUF,51.0,64.0,13.0
2013,7,12,DL,DTW,130.0,99.0,-31.0
2013,7,12,DL,ATL,86.0,90.0,4.0
2013,7,12,UA,LAX,173.0,147.0,-26.0
2013,7,12,MQ,CLE,74.0,67.0,-7.0
2013,7,12,B6,SJU,168.0,166.0,-2.0
2013,7,12,WN,BNA,99.0,79.0,-20.0
2013,7,12,DL,MIA,95.0,136.0,41.0
2013,7,12,9E,DAY,59.0,85.0,26.0
2013,7,12,FL,ATL,147.0,146.0,-1.0
2013,7,12,VX,SFO,211.0,166.0,-45.0
2013,7,12,AA,MIA,307.0,278.0,-29.0
2013,7,12,AA,BOS,50.0,75.0,25.0
2013,7,12,9E,MSY,46.0,76.0,30.0
2013,7,12,MQ,CMH,50.0,62.0,12.0
2013,7,12,DL,ATL,61.0,60.0,-1.0
2013,7,12,UA,SFO,123.0,108.0,-15.0
2013,7,12,9E,JAX,63.0,94.0,31.0
2013,7,12,B6,BOS,44.0,64.0,20.0
2013,7,12,EV,TVC,77.0,62.0,-15.0
2013,7,12,VX,SFO,201.0,169.0,-32.0
2013,7,12,EV,RIC,110.0,97.0,-13.0
2013,7,12,EV,MCI,128.0,94.0,-34.0
2013,7,12,UA,SFO,232.0,211.0,-21.0
2013,7,12,UA,IAH,112.0,84.0,-28.0
2013,7,12,DL,SFO,132.0,99.0,-33.0
2013,7,12,MQ,TVC,197.0,190.0,-7.0
2013,7,12,EV,DTW,105.0,74.0,-31.0
2013,7,12,EV,TYS,105.0,91.0,-14.0
2013,7,12,VX,SFO,150.0,171.0,21.0
2013,7,12,EV,ATL,107.0,87.0,-20.0
2013,7,12,EV,IAD,128.0,125.0,-3.0
2013,7,12,AA,MIA,99.0,77.0,-22.0
2013,7,12,AA,LAX,148.0,94.0,-54.0
2013,7,12,MQ,CMH,114.0,97.0,-17.0
2013,7,12,DL,ATL,170.0,163.0,-7.0
2013,7,12,EV,ATL,147.0,135.0,-12.0
2013,7,12,9E,PHL,84.0,77.0,-7.0
2013,7,12,DL,FLL,61.0,63.0,2.0
2013,7,12,UA,CLE,100.0,76.0,-24.0
2013,7,12,FL,CAK,95.0,83.0,-12.0
2013,7,12,EV,OKC,126.0,91.0,-35.0
2013,7,12,EV,DCA,147.0,134.0,-13.0
2013,7,12,UA,FLL,79.0,75.0,-4.0
2013,7,12,9E,IAD,112.0,79.0,-33.0
2013,7,12,UA,PBI,74.0,64.0,-10.0
2013,7,12,B6,FLL,240.0,223.0,-17.0
2013,7,12,B6,SFO,129.0,86.0,-43.0
2013,7,12,DL,ATL,163.0,150.0,-13.0
2013,7,12,EV,CLT,206.0,186.0,-20.0
2013,7,12,EV,MSP,336.0,299.0,-37.0
2013,7,12,B6,TPA,62.0,67.0,5.0
2013,7,12,MQ,DCA,77.0,84.0,7.0
2013,7,12,EV,OMA,150.0,128.0,-22.0
2013,7,12,EV,CLT,99.0,89.0,-10.0
2013,7,12,9E,BWI,159.0,142.0,-17.0
2013,7,12,EV,CHS,135.0,109.0,-26.0
2013,7,12,EV,STL,137.0,94.0,-43.0
2013,7,12,EV,BTV,56.0,77.0,21.0
2013,7,12,B6,JAX,106.0,106.0,0.0
2013,7,12,9E,CVG,155.0,152.0,-3.0
2013,7,12,DL,BOS,97.0,89.0,-8.0
2013,7,12,EV,DCA,101.0,86.0,-15.0
2013,7,12,EV,JAX,153.0,147.0,-6.0
2013,7,12,B6,MCO,107.0,101.0,-6.0
2013,7,12,EV,CVG,162.0,144.0,-18.0
2013,7,12,EV,SDF,132.0,102.0,-30.0
2013,7,12,B6,FLL,126.0,126.0,0.0
2013,7,12,EV,RIC,163.0,148.0,-15.0
2013,7,12,B6,PWM,65.0,65.0,0.0
2013,7,13,B6,BOS,107.0,92.0,-15.0
2013,7,13,B6,BQN,171.0,165.0,-6.0
2013,7,13,B6,PSE,184.0,163.0,-21.0
2013,7,13,EV,MHT,59.0,69.0,10.0
2013,7,13,B6,PBI,75.0,89.0,14.0
2013,7,13,B6,MCO,50.0,68.0,18.0
2013,7,13,UA,SFO,143.0,121.0,-22.0
2013,7,13,DL,PBI,60.0,73.0,13.0
2013,7,13,B6,MCO,33.0,70.0,37.0
2013,7,13,VX,SFO,120.0,108.0,-12.0
2013,7,13,EV,ALB,161.0,163.0,2.0
2013,7,13,9E,CHS,112.0,101.0,-11.0
2013,7,13,EV,DTW,74.0,68.0,-6.0
2013,7,13,B6,FLL,6.0,88.0,82.0
2013,7,13,DL,FLL,69.0,102.0,33.0
2013,7,13,EV,SAV,47.0,62.0,15.0
2013,7,13,B6,FLL,-7.0,77.0,84.0
2013,7,13,EV,MCI,127.0,88.0,-39.0
2013,7,13,AA,ORD,117.0,85.0,-32.0
2013,7,13,DL,ATL,147.0,163.0,16.0
2013,7,13,9E,RIC,87.0,81.0,-6.0
2013,7,13,B6,FLL,7.0,65.0,58.0
2013,7,13,EV,CHS,157.0,170.0,13.0
2013,7,13,EV,CMH,59.0,71.0,12.0
2013,7,13,EV,MKE,142.0,142.0,0.0
2013,7,13,EV,PIT,71.0,82.0,11.0
2013,7,13,DL,MSP,100.0,66.0,-34.0
2013,7,13,MQ,MSP,115.0,97.0,-18.0
2013,7,13,DL,FLL,128.0,99.0,-29.0
2013,7,13,EV,JAX,86.0,111.0,25.0
2013,7,13,EV,GSO,100.0,110.0,10.0
2013,7,13,EV,RIC,61.0,68.0,7.0
2013,7,13,EV,ROC,172.0,159.0,-13.0
2013,7,13,DL,ATL,129.0,117.0,-12.0
2013,7,13,UA,LAS,111.0,81.0,-30.0
2013,7,13,US,PHX,99.0,68.0,-31.0
2013,7,13,EV,MEM,148.0,120.0,-28.0
2013,7,13,MQ,ORD,139.0,116.0,-23.0
2013,7,13,DL,MSP,89.0,71.0,-18.0
2013,7,13,MQ,CMH,48.0,74.0,26.0
2013,7,13,WN,DEN,66.0,70.0,4.0
2013,7,13,DL,MIA,64.0,88.0,24.0
2013,7,13,9E,RIC,126.0,163.0,37.0
2013,7,13,9E,CLE,132.0,145.0,13.0
2013,7,13,EV,MSP,106.0,80.0,-26.0
2013,7,13,AA,ORD,117.0,102.0,-15.0
2013,7,13,9E,ORD,88.0,132.0,44.0
2013,7,13,EV,ATL,95.0,89.0,-6.0
2013,7,13,DL,MIA,82.0,94.0,12.0
2013,7,13,EV,DTW,81.0,70.0,-11.0
2013,7,13,B6,MCO,99.0,115.0,16.0
2013,7,13,MQ,DCA,42.0,84.0,42.0
2013,7,13,AA,LAX,260.0,300.0,40.0
2013,7,13,9E,ROC,177.0,155.0,-22.0
2013,7,13,VX,SFO,111.0,60.0,-51.0
2013,7,13,9E,PHL,97.0,68.0,-29.0
2013,7,13,MQ,BWI,-5.0,62.0,67.0
2013,7,13,UA,MCO,129.0,101.0,-28.0
2013,7,13,AA,AUS,80.0,103.0,23.0
2013,7,13,UA,TPA,201.0,180.0,-21.0
2013,7,13,US,CLT,109.0,118.0,9.0
2013,7,13,AA,LAS,106.0,96.0,-10.0
2013,7,13,B6,TPA,159.0,139.0,-20.0
2013,7,13,DL,ATL,62.0,86.0,24.0
2013,7,13,9E,MSP,57.0,60.0,3.0
2013,7,13,DL,MCO,79.0,66.0,-13.0
2013,7,13,DL,DEN,91.0,81.0,-10.0
2013,7,13,DL,MCO,251.0,219.0,-32.0
2013,7,13,UA,SFO,149.0,98.0,-51.0
2013,7,13,9E,IND,69.0,107.0,38.0
2013,7,13,B6,PBI,201.0,170.0,-31.0
2013,7,13,FL,ATL,71.0,78.0,7.0
2013,7,13,B6,BUF,88.0,94.0,6.0
2013,7,13,B6,MCO,142.0,115.0,-27.0
2013,7,13,9E,JAX,37.0,60.0,23.0
2013,7,13,AA,BOS,55.0,69.0,14.0
2013,7,13,AA,MIA,154.0,118.0,-36.0
2013,7,13,EV,RDU,232.0,213.0,-19.0
2013,7,13,DL,ATL,51.0,72.0,21.0
2013,7,13,US,CLT,87.0,64.0,-23.0
2013,7,13,B6,FLL,115.0,99.0,-16.0
2013,7,13,9E,MSY,61.0,104.0,43.0
2013,7,13,DL,FLL,62.0,67.0,5.0
2013,7,13,B6,BOS,28.0,64.0,36.0
2013,7,13,DL,ATL,108.0,98.0,-10.0
2013,7,13,UA,AUS,111.0,78.0,-33.0
2013,7,13,AA,ORD,126.0,95.0,-31.0
2013,7,13,DL,MCO,88.0,67.0,-21.0
2013,7,13,FL,ATL,210.0,194.0,-16.0
2013,7,13,B6,MCO,134.0,120.0,-14.0
2013,7,13,F9,DEN,247.0,238.0,-9.0
2013,7,13,EV,JAX,92.0,73.0,-19.0
2013,7,13,B6,PDX,78.0,75.0,-3.0
2013,7,13,DL,TPA,281.0,249.0,-32.0
2013,7,13,UA,PDX,290.0,233.0,-57.0
2013,7,13,B6,BOS,66.0,66.0,0.0
2013,7,13,B6,MCO,95.0,72.0,-23.0
2013,7,13,EV,TUL,162.0,116.0,-46.0
2013,7,13,B6,FLL,72.0,69.0,-3.0
2013,7,13,MQ,RDU,184.0,173.0,-11.0
2013,7,13,B6,FLL,207.0,189.0,-18.0
2013,7,13,B6,AUS,168.0,163.0,-5.0
2013,7,13,B6,DEN,109.0,94.0,-15.0
2013,7,13,B6,FLL,113.0,106.0,-7.0
2013,7,13,B6,BTV,73.0,61.0,-12.0
2013,7,13,B6,SYR,75.0,62.0,-13.0
2013,7,13,B6,TPA,125.0,102.0,-23.0
2013,7,14,B6,BQN,73.0,67.0,-6.0
2013,7,14,B6,LAX,52.0,61.0,9.0
2013,7,14,EV,RDU,117.0,122.0,5.0
2013,7,14,UA,FLL,192.0,184.0,-8.0
2013,7,14,WN,MDW,282.0,261.0,-21.0
2013,7,14,B6,FLL,97.0,81.0,-16.0
2013,7,14,EV,STL,103.0,97.0,-6.0
2013,7,14,B6,TPA,118.0,104.0,-14.0
2013,7,14,MQ,ATL,59.0,64.0,5.0
2013,7,14,UA,LAS,294.0,242.0,-52.0
2013,7,14,B6,MCO,82.0,77.0,-5.0
2013,7,14,DL,MIA,315.0,284.0,-31.0
2013,7,14,EV,MEM,159.0,143.0,-16.0
2013,7,14,MQ,CLE,177.0,153.0,-24.0
2013,7,14,9E,CLT,101.0,64.0,-37.0
2013,7,14,B6,PBI,83.0,71.0,-12.0
2013,7,14,DL,DTW,297.0,266.0,-31.0
2013,7,14,WN,HOU,57.0,62.0,5.0
2013,7,14,EV,SAV,128.0,114.0,-14.0
2013,7,14,EV,MSP,67.0,60.0,-7.0
2013,7,14,DL,ATL,83.0,91.0,8.0
2013,7,14,MQ,ORF,93.0,70.0,-23.0
2013,7,14,UA,SFO,104.0,97.0,-7.0
2013,7,14,F9,DEN,88.0,100.0,12.0
2013,7,14,UA,SFO,216.0,198.0,-18.0
2013,7,14,DL,DTW,99.0,71.0,-28.0
2013,7,14,B6,BOS,105.0,101.0,-4.0
2013,7,14,EV,GSO,162.0,148.0,-14.0
2013,7,14,MQ,BNA,94.0,82.0,-12.0
2013,7,14,B6,MCO,146.0,123.0,-23.0
2013,7,14,AA,LAS,186.0,141.0,-45.0
2013,7,14,EV,CLT,87.0,68.0,-19.0
2013,7,14,UA,SFO,121.0,76.0,-45.0
2013,7,14,9E,DTW,143.0,105.0,-38.0
2013,7,14,EV,IAD,84.0,90.0,6.0
2013,7,14,B6,MCO,106.0,69.0,-37.0
2013,7,14,EV,DSM,99.0,70.0,-29.0
2013,7,14,EV,MEM,295.0,270.0,-25.0
2013,7,14,EV,CLE,112.0,85.0,-27.0
2013,7,14,EV,JAX,61.0,62.0,1.0
2013,7,14,B6,ORD,114.0,103.0,-11.0
2013,7,14,EV,BHM,170.0,125.0,-45.0
2013,7,14,DL,PHX,203.0,153.0,-50.0
2013,7,14,B6,SFO,102.0,62.0,-40.0
2013,7,14,9E,DCA,131.0,101.0,-30.0
2013,7,14,B6,BOS,124.0,120.0,-4.0
2013,7,14,UA,PDX,128.0,94.0,-34.0
2013,7,14,B6,SJU,116.0,87.0,-29.0
2013,7,14,MQ,CMH,227.0,205.0,-22.0
2013,7,15,MQ,DTW,89.0,64.0,-25.0
2013,7,15,EV,CHS,122.0,85.0,-37.0
2013,7,15,FL,CAK,182.0,172.0,-10.0
2013,7,15,DL,DTW,60.0,70.0,10.0
2013,7,15,MQ,CLE,44.0,66.0,22.0
2013,7,15,FL,ATL,76.0,96.0,20.0
2013,7,15,DL,DTW,9.0,87.0,78.0
2013,7,15,AA,DFW,236.0,236.0,0.0
2013,7,15,UA,IAH,64.0,62.0,-2.0
2013,7,15,US,CLT,65.0,67.0,2.0
2013,7,15,EV,CVG,99.0,89.0,-10.0
2013,7,15,DL,MCO,60.0,70.0,10.0
2013,7,15,EV,BGR,49.0,64.0,15.0
2013,7,15,AA,LAS,131.0,61.0,-70.0
2013,7,15,9E,RDU,182.0,142.0,-40.0
2013,7,15,DL,DTW,70.0,90.0,20.0
2013,7,15,AA,ORD,35.0,61.0,26.0
2013,7,15,9E,DTW,118.0,82.0,-36.0
2013,7,15,MQ,CMH,59.0,63.0,4.0
2013,7,15,B6,FLL,156.0,123.0,-33.0
2013,7,15,DL,TPA,96.0,88.0,-8.0
2013,7,15,EV,TYS,90.0,71.0,-19.0
2013,7,15,EV,BNA,107.0,81.0,-26.0
2013,7,15,UA,IAH,89.0,63.0,-26.0
2013,7,15,FL,CAK,70.0,73.0,3.0
2013,7,15,9E,CVG,140.0,111.0,-29.0
2013,7,16,UA,AUS,206.0,171.0,-35.0
2013,7,16,AA,LAX,362.0,316.0,-46.0
2013,7,16,B6,ROC,109.0,86.0,-23.0
2013,7,16,B6,LAS,197.0,158.0,-39.0
2013,7,16,B6,BOS,207.0,192.0,-15.0
2013,7,16,DL,ATL,112.0,108.0,-4.0
2013,7,16,B6,CLT,54.0,82.0,28.0
2013,7,16,EV,AVL,55.0,61.0,6.0
2013,7,16,DL,MIA,62.0,61.0,-1.0
2013,7,16,UA,SFO,99.0,65.0,-34.0
2013,7,16,DL,FLL,86.0,94.0,8.0
2013,7,16,B6,ROC,125.0,112.0,-13.0
2013,7,16,DL,BOS,149.0,124.0,-25.0
2013,7,16,US,DCA,55.0,140.0,85.0
2013,7,16,B6,FLL,239.0,238.0,-1.0
2013,7,16,UA,ORD,77.0,85.0,8.0
2013,7,16,UA,DEN,135.0,122.0,-13.0
2013,7,16,EV,DCA,63.0,69.0,6.0
2013,7,16,B6,MCO,145.0,131.0,-14.0
2013,7,16,B6,CHS,70.0,93.0,23.0
2013,7,16,B6,MCO,69.0,92.0,23.0
2013,7,16,DL,ATL,111.0,127.0,16.0
2013,7,16,B6,TPA,63.0,88.0,25.0
2013,7,16,MQ,CMH,48.0,63.0,15.0
2013,7,16,US,DCA,64.0,79.0,15.0
2013,7,16,B6,RSW,173.0,195.0,22.0
2013,7,16,AA,LAX,186.0,177.0,-9.0
2013,7,16,DL,MIA,57.0,60.0,3.0
2013,7,16,AA,STL,108.0,105.0,-3.0
2013,7,16,DL,SFO,90.0,99.0,9.0
2013,7,16,UA,SFO,85.0,104.0,19.0
2013,7,16,DL,MCO,152.0,134.0,-18.0
2013,7,16,B6,MCO,101.0,77.0,-24.0
2013,7,16,EV,DTW,79.0,65.0,-14.0
2013,7,16,DL,LAX,60.0,62.0,2.0
2013,7,16,B6,PBI,94.0,83.0,-11.0
2013,7,16,MQ,DTW,95.0,82.0,-13.0
2013,7,16,DL,MIA,145.0,134.0,-11.0
2013,7,16,AA,SFO,175.0,177.0,2.0
2013,7,16,B6,SJU,81.0,90.0,9.0
2013,7,16,B6,LAX,121.0,114.0,-7.0
2013,7,16,WN,HOU,81.0,95.0,14.0
2013,7,16,UA,IAH,71.0,73.0,2.0
2013,7,16,AA,LAS,90.0,80.0,-10.0
2013,7,16,UA,SFO,53.0,92.0,39.0
2013,7,16,AA,ORD,54.0,60.0,6.0
2013,7,16,WN,MDW,63.0,99.0,36.0
2013,7,16,B6,MCO,85.0,83.0,-2.0
2013,7,16,VX,SFO,117.0,129.0,12.0
2013,7,16,DL,SEA,27.0,60.0,33.0
2013,7,16,VX,SFO,189.0,170.0,-19.0
2013,7,16,B6,SFO,104.0,94.0,-10.0
2013,7,16,US,DCA,55.0,75.0,20.0
2013,7,16,MQ,ORD,92.0,80.0,-12.0
2013,7,16,9E,DTW,118.0,78.0,-40.0
2013,7,16,B6,BUF,109.0,111.0,2.0
2013,7,16,B6,TPA,317.0,320.0,3.0
2013,7,16,B6,BUF,268.0,250.0,-18.0
2013,7,16,B6,MCO,67.0,91.0,24.0
2013,7,16,EV,BHM,120.0,114.0,-6.0
2013,7,16,B6,ORD,84.0,77.0,-7.0
2013,7,16,B6,FLL,113.0,116.0,3.0
2013,7,16,UA,SEA,124.0,95.0,-29.0
2013,7,16,9E,DCA,108.0,90.0,-18.0
2013,7,16,VX,SFO,214.0,182.0,-32.0
2013,7,17,FL,CAK,212.0,195.0,-17.0
2013,7,17,B6,FLL,151.0,135.0,-16.0
2013,7,17,B6,BOS,64.0,60.0,-4.0
2013,7,17,9E,BWI,313.0,280.0,-33.0
2013,7,17,B6,PSE,124.0,121.0,-3.0
2013,7,17,EV,SDF,92.0,91.0,-1.0
2013,7,17,UA,LAX,75.0,72.0,-3.0
2013,7,17,B6,RDU,78.0,64.0,-14.0
2013,7,17,UA,IAH,84.0,60.0,-24.0
2013,7,17,VX,SFO,170.0,128.0,-42.0
2013,7,17,B6,ROC,54.0,61.0,7.0
2013,7,17,MQ,DTW,65.0,65.0,0.0
2013,7,17,UA,IAH,63.0,77.0,14.0
2013,7,17,DL,SRQ,91.0,73.0,-18.0
2013,7,17,EV,MEM,110.0,108.0,-2.0
2013,7,17,EV,MEM,260.0,238.0,-22.0
2013,7,17,B6,BTV,86.0,89.0,3.0
2013,7,17,EV,PIT,142.0,141.0,-1.0
2013,7,17,DL,ATL,38.0,66.0,28.0
2013,7,17,9E,PHL,238.0,242.0,4.0
2013,7,17,AA,DFW,99.0,93.0,-6.0
2013,7,17,MQ,CLT,-5.0,60.0,65.0
2013,7,17,FL,ATL,-2.0,60.0,62.0
2013,7,17,DL,LAX,134.0,97.0,-37.0
2013,7,17,UA,SJU,93.0,85.0,-8.0
2013,7,17,EV,DCA,78.0,88.0,10.0
2013,7,17,MQ,ORD,77.0,71.0,-6.0
2013,7,17,MQ,CMH,-1.0,60.0,61.0
2013,7,17,B6,CHS,62.0,65.0,3.0
2013,7,17,DL,DTW,132.0,117.0,-15.0
2013,7,17,US,PHX,90.0,97.0,7.0
2013,7,17,UA,DFW,104.0,113.0,9.0
2013,7,17,US,CLT,-4.0,68.0,72.0
2013,7,17,EV,CLT,67.0,102.0,35.0
2013,7,17,9E,BWI,95.0,120.0,25.0
2013,7,17,EV,DTW,76.0,103.0,27.0
2013,7,17,UA,SFO,80.0,95.0,15.0
2013,7,17,AA,DFW,-10.0,71.0,81.0
2013,7,17,UA,IAH,131.0,142.0,11.0
2013,7,17,MQ,CLT,93.0,115.0,22.0
2013,7,17,MQ,ATL,51.0,141.0,90.0
2013,7,17,AA,LAX,90.0,103.0,13.0
2013,7,17,DL,ATL,58.0,128.0,70.0
2013,7,17,UA,ORD,82.0,74.0,-8.0
2013,7,17,UA,DEN,103.0,77.0,-26.0
2013,7,17,FL,ATL,0.0,95.0,95.0
2013,7,17,DL,ATL,45.0,101.0,56.0
2013,7,17,EV,PIT,112.0,100.0,-12.0
2013,7,17,UA,IAH,81.0,60.0,-21.0
2013,7,17,9E,CLT,214.0,259.0,45.0
2013,7,17,DL,ATL,206.0,232.0,26.0
2013,7,17,9E,CLE,216.0,231.0,15.0
2013,7,17,EV,CHS,70.0,87.0,17.0
2013,7,17,WN,HOU,100.0,90.0,-10.0
2013,7,17,B6,OAK,101.0,69.0,-32.0
2013,7,17,9E,DTW,54.0,62.0,8.0
2013,7,17,UA,AUS,264.0,246.0,-18.0
2013,7,17,B6,BUF,52.0,70.0,18.0
2013,7,17,DL,SEA,120.0,130.0,10.0
2013,7,17,9E,PIT,35.0,78.0,43.0
2013,7,17,DL,ATL,97.0,104.0,7.0
2013,7,17,AA,LAS,168.0,116.0,-52.0
2013,7,17,9E,CHS,99.0,100.0,1.0
2013,7,17,DL,DTW,127.0,102.0,-25.0
2013,7,17,DL,ATL,102.0,113.0,11.0
2013,7,17,MQ,CMH,90.0,91.0,1.0
2013,7,17,DL,SEA,138.0,138.0,0.0
2013,7,17,AA,SFO,210.0,171.0,-39.0
2013,7,17,9E,RDU,115.0,85.0,-30.0
2013,7,17,DL,FLL,133.0,100.0,-33.0
2013,7,17,EV,TYS,138.0,125.0,-13.0
2013,7,17,MQ,CMH,132.0,117.0,-15.0
2013,7,17,DL,ATL,136.0,129.0,-7.0
2013,7,17,EV,JAX,86.0,65.0,-21.0
2013,7,17,MQ,CLT,103.0,93.0,-10.0
2013,7,17,MQ,DTW,132.0,113.0,-19.0
2013,7,17,DL,SJU,122.0,107.0,-15.0
2013,7,17,B6,MCO,120.0,122.0,2.0
2013,7,17,EV,BTV,87.0,75.0,-12.0
2013,7,17,EV,DCA,138.0,115.0,-23.0
2013,7,18,B6,BOS,64.0,64.0,0.0
2013,7,18,DL,SFO,312.0,270.0,-42.0
2013,7,18,B6,ROC,105.0,107.0,2.0
2013,7,18,B6,LAS,187.0,149.0,-38.0
2013,7,18,B6,BQN,155.0,151.0,-4.0
2013,7,18,B6,SJU,191.0,183.0,-8.0
2013,7,18,B6,RSW,61.0,66.0,5.0
2013,7,18,DL,MIA,47.0,62.0,15.0
2013,7,18,DL,ATL,110.0,86.0,-24.0
2013,7,18,B6,BUF,103.0,102.0,-1.0
2013,7,18,AA,SJU,51.0,122.0,71.0
2013,7,18,UA,IAH,92.0,62.0,-30.0
2013,7,18,EV,CHS,105.0,66.0,-39.0
2013,7,18,DL,ATL,116.0,101.0,-15.0
2013,7,18,DL,MIA,113.0,92.0,-21.0
2013,7,18,EV,MCI,202.0,160.0,-42.0
2013,7,18,DL,MSP,87.0,65.0,-22.0
2013,7,18,UA,SJU,18.0,79.0,61.0
2013,7,18,UA,PHX,110.0,89.0,-21.0
2013,7,18,B6,RSW,55.0,62.0,7.0
2013,7,18,B6,FLL,84.0,67.0,-17.0
2013,7,18,AA,ORD,101.0,107.0,6.0
2013,7,18,B6,PWM,111.0,113.0,2.0
2013,7,18,B6,PBI,154.0,162.0,8.0
2013,7,18,DL,PBI,74.0,89.0,15.0
2013,7,18,EV,IAD,72.0,71.0,-1.0
2013,7,18,EV,CHS,67.0,82.0,15.0
2013,7,18,EV,CLT,71.0,85.0,14.0
2013,7,18,UA,CLE,81.0,105.0,24.0
2013,7,18,AA,MIA,72.0,65.0,-7.0
2013,7,18,EV,MSP,74.0,85.0,11.0
2013,7,18,UA,CLE,52.0,66.0,14.0
2013,7,18,EV,RDU,32.0,67.0,35.0
2013,7,18,MQ,CLT,77.0,73.0,-4.0
2013,7,18,YV,IAD,67.0,90.0,23.0
2013,7,18,WN,MDW,28.0,117.0,89.0
2013,7,18,MQ,CVG,73.0,66.0,-7.0
2013,7,18,MQ,DCA,-7.0,60.0,67.0
2013,7,18,9E,MSP,79.0,66.0,-13.0
2013,7,18,DL,ATL,83.0,87.0,4.0
2013,7,18,EV,DTW,-4.0,86.0,90.0
2013,7,18,EV,RIC,52.0,81.0,29.0
2013,7,18,EV,STL,45.0,72.0,27.0
2013,7,18,AA,MIA,164.0,157.0,-7.0
2013,7,18,DL,MSP,97.0,78.0,-19.0
2013,7,18,DL,SLC,133.0,94.0,-39.0
2013,7,18,EV,MSP,44.0,74.0,30.0
2013,7,18,EV,CLT,77.0,63.0,-14.0
2013,7,18,WN,STL,28.0,109.0,81.0
2013,7,18,UA,DEN,60.0,137.0,77.0
2013,7,18,EV,MSY,138.0,163.0,25.0
2013,7,18,UA,DEN,7.0,94.0,87.0
2013,7,18,AA,MIA,118.0,106.0,-12.0
2013,7,18,AA,MIA,34.0,60.0,26.0
2013,7,18,WN,MDW,19.0,136.0,117.0
2013,7,18,UA,ORD,0.0,62.0,62.0
2013,7,18,DL,DTW,119.0,110.0,-9.0
2013,7,18,EV,CAE,29.0,103.0,74.0
2013,7,18,UA,SAN,50.0,74.0,24.0
2013,7,18,MQ,ORD,6.0,60.0,54.0
2013,7,18,UA,SFO,37.0,81.0,44.0
2013,7,18,AA,MIA,76.0,73.0,-3.0
2013,7,18,DL,DTW,72.0,67.0,-5.0
2013,7,18,MQ,XNA,60.0,96.0,36.0
2013,7,18,WN,HOU,117.0,120.0,3.0
2013,7,18,DL,PWM,95.0,66.0,-29.0
2013,7,18,DL,ATL,130.0,130.0,0.0
2013,7,18,EV,MCI,26.0,79.0,53.0
2013,7,18,UA,DFW,65.0,112.0,47.0
2013,7,18,DL,ATL,84.0,120.0,36.0
2013,7,18,9E,CHS,49.0,85.0,36.0
2013,7,18,DL,PBI,75.0,82.0,7.0
2013,7,18,B6,IAD,105.0,103.0,-2.0
2013,7,18,UA,PBI,45.0,75.0,30.0
2013,7,18,US,CLT,82.0,91.0,9.0
2013,7,18,WN,MSY,82.0,73.0,-9.0
2013,7,18,DL,MCO,122.0,106.0,-16.0
2013,7,18,EV,DSM,22.0,63.0,41.0
2013,7,18,MQ,MSP,69.0,71.0,2.0
2013,7,18,B6,SEA,154.0,136.0,-18.0
2013,7,18,EV,DTW,35.0,84.0,49.0
2013,7,18,DL,ATL,72.0,107.0,35.0
2013,7,18,B6,FLL,107.0,146.0,39.0
2013,7,18,UA,PDX,59.0,60.0,1.0
2013,7,18,UA,LAX,69.0,81.0,12.0
2013,7,18,B6,BUF,103.0,93.0,-10.0
2013,7,18,B6,MCO,257.0,243.0,-14.0
2013,7,18,US,BOS,85.0,75.0,-10.0
2013,7,18,DL,DTW,118.0,91.0,-27.0
2013,7,18,DL,MSY,123.0,117.0,-6.0
2013,7,18,UA,SEA,51.0,94.0,43.0
2013,7,18,UA,BOS,87.0,78.0,-9.0
2013,7,18,UA,IAH,194.0,221.0,27.0
2013,7,18,DL,FLL,70.0,72.0,2.0
2013,7,18,FL,ATL,189.0,182.0,-7.0
2013,7,18,WN,BNA,148.0,159.0,11.0
2013,7,18,DL,MSP,134.0,132.0,-2.0
2013,7,18,MQ,RDU,60.0,61.0,1.0
2013,7,18,AA,ORD,72.0,60.0,-12.0
2013,7,18,9E,MSY,93.0,93.0,0.0
2013,7,18,EV,CLT,111.0,120.0,9.0
2013,7,18,DL,MCO,97.0,86.0,-11.0
2013,7,18,UA,IAH,75.0,61.0,-14.0
2013,7,18,AA,ORD,116.0,94.0,-22.0
2013,7,18,UA,SJU,70.0,103.0,33.0
2013,7,18,DL,ATL,82.0,81.0,-1.0
2013,7,18,US,BOS,83.0,85.0,2.0
2013,7,18,MQ,CLE,168.0,164.0,-4.0
2013,7,18,EV,CLE,86.0,74.0,-12.0
2013,7,18,AA,SJU,396.0,371.0,-25.0
2013,7,18,UA,MIA,73.0,61.0,-12.0
2013,7,18,FL,ATL,155.0,142.0,-13.0
2013,7,18,US,CLT,163.0,146.0,-17.0
2013,7,18,UA,BOS,41.0,97.0,56.0
2013,7,18,FL,CAK,71.0,67.0,-4.0
2013,7,18,B6,MCO,149.0,113.0,-36.0
2013,7,18,MQ,DTW,69.0,66.0,-3.0
2013,7,18,B6,TPA,139.0,127.0,-12.0
2013,7,18,US,DCA,113.0,98.0,-15.0
2013,7,18,9E,PHL,94.0,81.0,-13.0
2013,7,18,B6,BOS,80.0,101.0,21.0
2013,7,18,MQ,ORD,68.0,67.0,-1.0
2013,7,18,DL,PIT,136.0,130.0,-6.0
2013,7,18,DL,DEN,195.0,156.0,-39.0
2013,7,18,9E,TYS,108.0,86.0,-22.0
2013,7,18,EV,BHM,189.0,171.0,-18.0
2013,7,18,B6,ROC,110.0,100.0,-10.0
2013,7,18,B6,SJU,80.0,86.0,6.0
2013,7,18,B6,SLC,172.0,159.0,-13.0
2013,7,18,DL,TPA,175.0,147.0,-28.0
2013,7,18,EV,RIC,119.0,125.0,6.0
2013,7,18,UA,ORD,150.0,120.0,-30.0
2013,7,18,US,DCA,99.0,83.0,-16.0
2013,7,18,WN,MDW,108.0,72.0,-36.0
2013,7,18,EV,BNA,203.0,204.0,1.0
2013,7,18,B6,ORD,168.0,161.0,-7.0
2013,7,18,UA,SAN,195.0,152.0,-43.0
2013,7,18,EV,IAD,212.0,196.0,-16.0
2013,7,18,EV,MHT,102.0,76.0,-26.0
2013,7,18,B6,FLL,97.0,101.0,4.0
2013,7,18,B6,DEN,108.0,95.0,-13.0
2013,7,18,MQ,RDU,93.0,82.0,-11.0
2013,7,18,B6,TPA,79.0,87.0,8.0
2013,7,18,B6,MCO,125.0,98.0,-27.0
2013,7,18,AA,LAX,99.0,63.0,-36.0
2013,7,18,B6,AUS,204.0,184.0,-20.0
2013,7,18,EV,MHT,89.0,93.0,4.0
2013,7,18,EV,BTV,96.0,83.0,-13.0
2013,7,19,EV,DSM,284.0,251.0,-33.0
2013,7,19,UA,BQN,220.0,205.0,-15.0
2013,7,19,B6,TPA,162.0,140.0,-22.0
2013,7,19,EV,CLT,219.0,233.0,14.0
2013,7,19,DL,BOS,245.0,213.0,-32.0
2013,7,19,B6,SJU,149.0,155.0,6.0
2013,7,19,DL,TPA,405.0,355.0,-50.0
2013,7,19,B6,MCO,114.0,104.0,-10.0
2013,7,19,UA,DEN,133.0,145.0,12.0
2013,7,19,AA,SJU,86.0,78.0,-8.0
2013,7,19,EV,BNA,158.0,139.0,-19.0
2013,7,19,EV,OMA,77.0,62.0,-15.0
2013,7,19,9E,PHL,117.0,116.0,-1.0
2013,7,19,AA,DFW,273.0,277.0,4.0
2013,7,19,UA,ORD,266.0,252.0,-14.0
2013,7,19,9E,BWI,99.0,89.0,-10.0
2013,7,19,DL,LAX,102.0,110.0,8.0
2013,7,19,B6,FLL,66.0,70.0,4.0
2013,7,19,EV,SYR,99.0,78.0,-21.0
2013,7,19,EV,DCA,91.0,73.0,-18.0
2013,7,19,B6,PBI,131.0,129.0,-2.0
2013,7,19,B6,FLL,125.0,142.0,17.0
2013,7,19,UA,SFO,217.0,235.0,18.0
2013,7,19,B6,TPA,71.0,98.0,27.0
2013,7,19,EV,IAD,61.0,81.0,20.0
2013,7,19,EV,GSP,81.0,71.0,-10.0
2013,7,19,UA,DFW,122.0,125.0,3.0
2013,7,19,B6,MCO,108.0,116.0,8.0
2013,7,19,AA,DFW,20.0,69.0,49.0
2013,7,19,EV,SDF,71.0,74.0,3.0
2013,7,19,UA,IAH,8.0,77.0,69.0
2013,7,19,B6,RSW,86.0,74.0,-12.0
2013,7,19,EV,DAY,77.0,87.0,10.0
2013,7,19,EV,STL,101.0,101.0,0.0
2013,7,19,9E,CVG,66.0,85.0,19.0
2013,7,19,AA,LAS,57.0,60.0,3.0
2013,7,19,B6,MCO,121.0,129.0,8.0
2013,7,19,DL,ATL,114.0,122.0,8.0
2013,7,19,EV,RDU,117.0,110.0,-7.0
2013,7,19,B6,SJU,79.0,98.0,19.0
2013,7,19,EV,IAD,89.0,138.0,49.0
2013,7,19,EV,ORF,81.0,81.0,0.0
2013,7,19,AA,MIA,204.0,180.0,-24.0
2013,7,19,EV,BNA,67.0,88.0,21.0
2013,7,19,UA,ORD,34.0,69.0,35.0
2013,7,19,B6,SFO,57.0,64.0,7.0
2013,7,19,FL,ATL,84.0,76.0,-8.0
2013,7,19,AA,DFW,79.0,60.0,-19.0
2013,7,19,EV,STL,127.0,167.0,40.0
2013,7,19,WN,HOU,125.0,106.0,-19.0
2013,7,19,UA,ORD,77.0,72.0,-5.0
2013,7,19,UA,ORD,255.0,249.0,-6.0
2013,7,19,UA,DFW,82.0,87.0,5.0
2013,7,19,B6,FLL,197.0,202.0,5.0
2013,7,19,AA,DFW,47.0,63.0,16.0
2013,7,19,B6,SEA,148.0,175.0,27.0
2013,7,19,DL,MSP,89.0,85.0,-4.0
2013,7,19,9E,DAY,68.0,134.0,66.0
2013,7,19,UA,LAX,68.0,66.0,-2.0
2013,7,19,MQ,RDU,163.0,145.0,-18.0
2013,7,19,FL,ATL,95.0,97.0,2.0
2013,7,19,AA,STL,124.0,152.0,28.0
2013,7,19,MQ,CLE,131.0,144.0,13.0
2013,7,19,MQ,CMH,72.0,80.0,8.0
2013,7,19,9E,BOS,80.0,67.0,-13.0
2013,7,19,DL,FLL,86.0,68.0,-18.0
2013,7,19,UA,ORD,56.0,93.0,37.0
2013,7,19,EV,DTW,82.0,75.0,-7.0
2013,7,19,9E,TYS,29.0,76.0,47.0
2013,7,19,DL,PIT,71.0,101.0,30.0
2013,7,19,UA,IAH,69.0,75.0,6.0
2013,7,19,MQ,RDU,77.0,78.0,1.0
2013,7,19,EV,OKC,82.0,87.0,5.0
2013,7,19,B6,MCO,88.0,67.0,-21.0
2013,7,19,US,BOS,96.0,98.0,2.0
2013,7,19,EV,OMA,68.0,61.0,-7.0
2013,7,19,9E,MSY,127.0,100.0,-27.0
2013,7,19,EV,JAX,47.0,83.0,36.0
2013,7,19,EV,CVG,50.0,79.0,29.0
2013,7,19,MQ,ATL,106.0,104.0,-2.0
2013,7,19,EV,ATL,124.0,117.0,-7.0
2013,7,19,9E,IAD,85.0,67.0,-18.0
2013,7,19,EV,TYS,138.0,171.0,33.0
2013,7,19,EV,CLE,120.0,124.0,4.0
2013,7,19,MQ,ORD,57.0,71.0,14.0
2013,7,19,WN,MSY,214.0,212.0,-2.0
2013,7,19,9E,PHL,95.0,75.0,-20.0
2013,7,19,EV,RIC,194.0,204.0,10.0
2013,7,19,UA,PBI,68.0,74.0,6.0
2013,7,19,B6,AUS,129.0,123.0,-6.0
2013,7,19,FL,CAK,128.0,111.0,-17.0
2013,7,19,9E,DCA,130.0,107.0,-23.0
2013,7,19,B6,BOS,118.0,118.0,0.0
2013,7,19,EV,ORF,77.0,67.0,-10.0
2013,7,19,MQ,RDU,74.0,67.0,-7.0
2013,7,19,EV,BHM,230.0,191.0,-39.0
2013,7,19,9E,CVG,145.0,131.0,-14.0
2013,7,19,B6,LAS,100.0,80.0,-20.0
2013,7,19,EV,IAD,230.0,229.0,-1.0
2013,7,19,B6,SJU,143.0,136.0,-7.0
2013,7,19,B6,BUF,37.0,64.0,27.0
2013,7,19,B6,MCO,102.0,93.0,-9.0
2013,7,19,B6,FLL,113.0,114.0,1.0
2013,7,19,9E,BWI,183.0,164.0,-19.0
2013,7,19,B6,ROC,48.0,67.0,19.0
2013,7,19,B6,PHX,189.0,164.0,-25.0
2013,7,19,B6,SYR,69.0,80.0,11.0
2013,7,20,B6,SJU,82.0,82.0,0.0
2013,7,20,AA,SJU,51.0,61.0,10.0
2013,7,20,EV,SDF,61.0,129.0,68.0
2013,7,20,UA,IAH,71.0,60.0,-11.0
2013,7,20,B6,RDU,71.0,64.0,-7.0
2013,7,20,9E,ORD,68.0,67.0,-1.0
2013,7,20,DL,MCO,103.0,82.0,-21.0
2013,7,20,EV,IAD,89.0,76.0,-13.0
2013,7,20,EV,IAD,88.0,67.0,-21.0
2013,7,20,EV,DTW,155.0,162.0,7.0
2013,7,20,B6,BTV,48.0,61.0,13.0
2013,7,20,EV,BTV,87.0,65.0,-22.0
2013,7,20,UA,SFO,43.0,78.0,35.0
2013,7,20,DL,MCO,24.0,63.0,39.0
2013,7,20,MQ,RDU,96.0,94.0,-2.0
2013,7,20,EV,IAD,70.0,68.0,-2.0
2013,7,20,MQ,BNA,226.0,234.0,8.0
2013,7,20,MQ,CLE,88.0,102.0,14.0
2013,7,20,EV,ATL,57.0,87.0,30.0
2013,7,20,9E,DCA,114.0,73.0,-41.0
2013,7,20,MQ,BNA,75.0,64.0,-11.0
2013,7,20,MQ,CVG,92.0,86.0,-6.0
2013,7,20,MQ,CMH,114.0,99.0,-15.0
2013,7,20,WN,DEN,138.0,195.0,57.0
2013,7,20,DL,MCO,178.0,154.0,-24.0
2013,7,20,EV,PWM,74.0,106.0,32.0
2013,7,20,UA,SFO,141.0,179.0,38.0
2013,7,20,UA,SAN,55.0,93.0,38.0
2013,7,20,DL,ATL,128.0,176.0,48.0
2013,7,20,UA,LAX,6.0,76.0,70.0
2013,7,20,AA,ORD,95.0,63.0,-32.0
2013,7,20,US,CLT,236.0,209.0,-27.0
2013,7,20,WN,DEN,36.0,63.0,27.0
2013,7,20,DL,ATL,110.0,117.0,7.0
2013,7,20,VX,SFO,8.0,71.0,63.0
2013,7,20,UA,SFO,112.0,155.0,43.0
2013,7,20,9E,MSP,48.0,75.0,27.0
2013,7,20,B6,LAS,13.0,87.0,74.0
2013,7,20,DL,SFO,14.0,72.0,58.0
2013,7,20,WN,MDW,67.0,83.0,16.0
2013,7,20,DL,ATL,86.0,91.0,5.0
2013,7,20,9E,ORD,220.0,257.0,37.0
2013,7,20,DL,ATL,93.0,121.0,28.0
2013,7,20,UA,SEA,129.0,131.0,2.0
2013,7,20,MQ,RDU,114.0,115.0,1.0
2013,7,20,9E,PIT,37.0,114.0,77.0
2013,7,20,DL,DEN,47.0,87.0,40.0
2013,7,20,9E,MSP,233.0,324.0,91.0
2013,7,20,9E,RDU,24.0,78.0,54.0
2013,7,20,DL,ATL,109.0,133.0,24.0
2013,7,20,VX,LAX,3.0,68.0,65.0
2013,7,20,FL,ATL,142.0,131.0,-11.0
2013,7,20,MQ,DCA,54.0,93.0,39.0
2013,7,20,B6,PHX,-2.0,70.0,72.0
2013,7,20,UA,PDX,87.0,71.0,-16.0
2013,7,20,DL,PHX,105.0,97.0,-8.0
2013,7,20,AA,ORD,85.0,61.0,-24.0
2013,7,20,UA,LAX,80.0,120.0,40.0
2013,7,20,B6,LAX,1.0,64.0,63.0
2013,7,20,MQ,CLE,137.0,121.0,-16.0
2013,7,20,9E,JAX,80.0,67.0,-13.0
2013,7,20,9E,DCA,29.0,97.0,68.0
2013,7,20,UA,SEA,84.0,91.0,7.0
2013,7,20,UA,BOS,114.0,95.0,-19.0
2013,7,20,EV,RDU,159.0,131.0,-28.0
2013,7,20,AA,BOS,111.0,134.0,23.0
2013,7,20,9E,BWI,43.0,117.0,74.0
2013,7,20,DL,ATL,138.0,119.0,-19.0
2013,7,20,FL,ATL,157.0,139.0,-18.0
2013,7,20,MQ,RDU,103.0,84.0,-19.0
2013,7,20,B6,SJU,43.0,83.0,40.0
2013,7,20,MQ,CMH,130.0,120.0,-10.0
2013,7,20,DL,SJU,37.0,61.0,24.0
2013,7,20,B6,LGB,210.0,267.0,57.0
2013,7,20,UA,BOS,90.0,67.0,-23.0
2013,7,20,B6,JAX,88.0,111.0,23.0
2013,7,20,UA,MCO,175.0,152.0,-23.0
2013,7,21,B6,DEN,170.0,137.0,-33.0
2013,7,21,B6,MCO,181.0,160.0,-21.0
2013,7,21,EV,CLT,191.0,157.0,-34.0
2013,7,21,DL,ATL,345.0,317.0,-28.0
2013,7,21,MQ,RDU,55.0,89.0,34.0
2013,7,21,DL,ATL,77.0,64.0,-13.0
2013,7,21,9E,ORD,251.0,228.0,-23.0
2013,7,21,9E,BUF,72.0,65.0,-7.0
2013,7,21,MQ,RDU,63.0,80.0,17.0
2013,7,21,EV,BTV,195.0,172.0,-23.0
2013,7,21,DL,MCO,-2.0,93.0,95.0
2013,7,21,9E,IAD,39.0,87.0,48.0
2013,7,21,MQ,ATL,65.0,135.0,70.0
2013,7,21,MQ,RDU,0.0,84.0,84.0
2013,7,21,MQ,CLE,216.0,209.0,-7.0
2013,7,21,B6,MCO,46.0,85.0,39.0
2013,7,21,AA,MIA,580.0,645.0,65.0
2013,7,21,US,DCA,-2.0,71.0,73.0
2013,7,21,MQ,CLE,65.0,100.0,35.0
2013,7,21,B6,TPA,-11.0,60.0,71.0
2013,7,21,9E,MKE,-1.0,79.0,80.0
2013,7,21,DL,MIA,24.0,77.0,53.0
2013,7,21,EV,BNA,76.0,92.0,16.0
2013,7,21,EV,STL,57.0,63.0,6.0
2013,7,21,WN,DEN,68.0,68.0,0.0
2013,7,21,DL,ATL,60.0,70.0,10.0
2013,7,21,EV,IAD,183.0,222.0,39.0
2013,7,21,EV,GSO,66.0,111.0,45.0
2013,7,21,UA,LAX,172.0,192.0,20.0
2013,7,21,DL,LAX,50.0,82.0,32.0
2013,7,21,B6,PBI,81.0,117.0,36.0
2013,7,21,UA,SFO,132.0,133.0,1.0
2013,7,21,AA,LAS,57.0,79.0,22.0
2013,7,21,US,CLT,68.0,105.0,37.0
2013,7,21,EV,RDU,114.0,125.0,11.0
2013,7,21,EV,BNA,140.0,129.0,-11.0
2013,7,21,AA,MIA,126.0,154.0,28.0
2013,7,21,FL,ATL,64.0,67.0,3.0
2013,7,21,UA,BOS,57.0,60.0,3.0
2013,7,21,EV,CVG,85.0,90.0,5.0
2013,7,21,EV,MKE,42.0,61.0,19.0
2013,7,21,EV,DTW,75.0,76.0,1.0
2013,7,21,UA,PHX,101.0,126.0,25.0
2013,7,21,EV,RDU,164.0,153.0,-11.0
2013,7,21,DL,SEA,85.0,94.0,9.0
2013,7,21,EV,RIC,155.0,130.0,-25.0
2013,7,21,UA,IAH,100.0,117.0,17.0
2013,7,21,DL,DTW,178.0,161.0,-17.0
2013,7,21,B6,SEA,123.0,150.0,27.0
2013,7,21,B6,FLL,45.0,63.0,18.0
2013,7,21,9E,CVG,82.0,64.0,-18.0
2013,7,21,AA,MIA,154.0,162.0,8.0
2013,7,21,MQ,ORF,185.0,181.0,-4.0
2013,7,21,AA,DFW,141.0,133.0,-8.0
2013,7,21,DL,ATL,125.0,120.0,-5.0
2013,7,21,B6,SLC,56.0,70.0,14.0
2013,7,21,AA,LAX,76.0,104.0,28.0
2013,7,21,US,DCA,97.0,90.0,-7.0
2013,7,21,DL,PBI,133.0,135.0,2.0
2013,7,21,DL,MCO,99.0,82.0,-17.0
2013,7,21,DL,ATL,156.0,150.0,-6.0
2013,7,21,DL,MIA,76.0,75.0,-1.0
2013,7,21,US,DCA,167.0,152.0,-15.0
2013,7,21,UA,PBI,109.0,99.0,-10.0
2013,7,21,AA,BOS,95.0,79.0,-16.0
2013,7,21,MQ,CLE,143.0,159.0,16.0
2013,7,21,MQ,RDU,60.0,60.0,0.0
2013,7,21,DL,ATL,92.0,67.0,-25.0
2013,7,21,MQ,CMH,89.0,76.0,-13.0
2013,7,21,DL,ATL,186.0,170.0,-16.0
2013,7,21,EV,BHM,119.0,101.0,-18.0
2013,7,21,MQ,RDU,75.0,68.0,-7.0
2013,7,21,9E,RDU,97.0,72.0,-25.0
2013,7,21,MQ,ATL,81.0,69.0,-12.0
2013,7,21,9E,ORD,144.0,132.0,-12.0
2013,7,21,EV,TUL,86.0,89.0,3.0
2013,7,21,DL,TPA,92.0,60.0,-32.0
2013,7,21,B6,FLL,184.0,153.0,-31.0
2013,7,21,UA,TPA,182.0,146.0,-36.0
2013,7,21,UA,IAH,106.0,85.0,-21.0
2013,7,21,DL,MCO,140.0,120.0,-20.0
2013,7,21,DL,TPA,140.0,119.0,-21.0
2013,7,21,US,CLT,179.0,164.0,-15.0
2013,7,21,UA,CLE,95.0,81.0,-14.0
2013,7,21,MQ,CMH,122.0,108.0,-14.0
2013,7,21,DL,DTW,212.0,186.0,-26.0
2013,7,21,DL,ATL,132.0,110.0,-22.0
2013,7,21,EV,CAE,203.0,206.0,3.0
2013,7,21,EV,MHT,129.0,104.0,-25.0
2013,7,21,EV,ATL,161.0,142.0,-19.0
2013,7,21,EV,IAD,164.0,168.0,4.0
2013,7,21,DL,ATL,88.0,81.0,-7.0
2013,7,21,B6,MCO,192.0,169.0,-23.0
2013,7,21,9E,PHL,121.0,96.0,-25.0
2013,7,21,B6,FLL,59.0,63.0,4.0
2013,7,21,B6,MCO,51.0,67.0,16.0
2013,7,21,B6,MCO,290.0,282.0,-8.0
2013,7,21,DL,ATL,159.0,139.0,-20.0
2013,7,21,UA,LAX,107.0,72.0,-35.0
2013,7,21,EV,CVG,111.0,93.0,-18.0
2013,7,21,MQ,DCA,70.0,71.0,1.0
2013,7,21,MQ,BNA,83.0,78.0,-5.0
2013,7,21,B6,PDX,123.0,116.0,-7.0
2013,7,21,B6,JAX,97.0,91.0,-6.0
2013,7,21,UA,AUS,141.0,116.0,-25.0
2013,7,21,DL,FLL,144.0,111.0,-33.0
2013,7,21,FL,CAK,174.0,160.0,-14.0
2013,7,21,9E,BWI,175.0,165.0,-10.0
2013,7,21,B6,LAS,111.0,85.0,-26.0
2013,7,21,DL,LAS,136.0,124.0,-12.0
2013,7,21,B6,TPA,96.0,87.0,-9.0
2013,7,21,EV,ORF,105.0,72.0,-33.0
2013,7,21,B6,SYR,68.0,62.0,-6.0
2013,7,21,EV,BTV,96.0,84.0,-12.0
2013,7,22,B6,BOS,56.0,82.0,26.0
2013,7,22,EV,DCA,261.0,269.0,8.0
2013,7,22,EV,MHT,158.0,155.0,-3.0
2013,7,22,B6,LAX,82.0,123.0,41.0
2013,7,22,UA,TPA,201.0,176.0,-25.0
2013,7,22,WN,MDW,229.0,224.0,-5.0
2013,7,22,B6,PSE,23.0,64.0,41.0
2013,7,22,UA,FLL,208.0,197.0,-11.0
2013,7,22,B6,BUF,97.0,128.0,31.0
2013,7,22,B6,SJU,116.0,135.0,19.0
2013,7,22,B6,ROC,111.0,136.0,25.0
2013,7,22,EV,RIC,483.0,463.0,-20.0
2013,7,22,EV,PWM,195.0,182.0,-13.0
2013,7,22,DL,DTW,380.0,364.0,-16.0
2013,7,22,AA,LAX,191.0,207.0,16.0
2013,7,22,FL,ATL,365.0,344.0,-21.0
2013,7,22,B6,BQN,86.0,100.0,14.0
2013,7,22,EV,JAX,294.0,280.0,-14.0
2013,7,22,B6,SJU,115.0,102.0,-13.0
2013,7,22,B6,BTV,209.0,206.0,-3.0
2013,7,22,B6,PWM,227.0,209.0,-18.0
2013,7,22,EV,CVG,-4.0,61.0,65.0
2013,7,22,DL,ATL,95.0,101.0,6.0
2013,7,22,MQ,CVG,1005.0,989.0,-16.0
2013,7,22,AA,STT,50.0,68.0,18.0
2013,7,22,B6,BOS,92.0,80.0,-12.0
2013,7,22,UA,MIA,106.0,101.0,-5.0
2013,7,22,US,CLT,112.0,110.0,-2.0
2013,7,22,MQ,ATL,52.0,65.0,13.0
2013,7,22,MQ,CLE,-1.0,62.0,63.0
2013,7,22,UA,DEN,43.0,106.0,63.0
2013,7,22,DL,ATL,28.0,112.0,84.0
2013,7,22,B6,SJU,96.0,104.0,8.0
2013,7,22,MQ,BNA,48.0,153.0,105.0
2013,7,22,AA,DFW,0.0,60.0,60.0
2013,7,22,US,BOS,45.0,72.0,27.0
2013,7,22,MQ,CMH,-10.0,80.0,90.0
2013,7,22,EV,MEM,136.0,192.0,56.0
2013,7,22,DL,MSP,175.0,198.0,23.0
2013,7,22,DL,BOS,66.0,66.0,0.0
2013,7,22,FL,ATL,15.0,68.0,53.0
2013,7,22,9E,PIT,335.0,324.0,-11.0
2013,7,22,F9,DEN,18.0,135.0,117.0
2013,7,22,MQ,DTW,44.0,70.0,26.0
2013,7,22,DL,ATL,47.0,86.0,39.0
2013,7,22,US,DCA,46.0,102.0,56.0
2013,7,22,MQ,DCA,171.0,185.0,14.0
2013,7,22,DL,DTW,74.0,102.0,28.0
2013,7,22,MQ,RDU,39.0,76.0,37.0
2013,7,22,AA,DFW,27.0,115.0,88.0
2013,7,22,WN,MDW,49.0,113.0,64.0
2013,7,22,UA,HNL,73.0,62.0,-11.0
2013,7,22,B6,PBI,86.0,94.0,8.0
2013,7,22,FL,ATL,37.0,67.0,30.0
2013,7,22,B6,SRQ,79.0,95.0,16.0
2013,7,22,AA,DFW,5.0,68.0,63.0
2013,7,22,EV,CLT,-3.0,84.0,87.0
2013,7,22,AA,DFW,-7.0,79.0,86.0
2013,7,22,EV,MSP,85.0,87.0,2.0
2013,7,22,MQ,MSP,45.0,92.0,47.0
2013,7,22,US,DCA,78.0,124.0,46.0
2013,7,22,EV,DTW,25.0,73.0,48.0
2013,7,22,UA,IAH,155.0,201.0,46.0
2013,7,22,EV,IAD,40.0,62.0,22.0
2013,7,22,EV,BNA,8.0,98.0,90.0
2013,7,22,MQ,ATL,59.0,136.0,77.0
2013,7,22,UA,DEN,1.0,123.0,122.0
2013,7,22,UA,AUS,28.0,105.0,77.0
2013,7,22,DL,LAX,5.0,77.0,72.0
2013,7,22,UA,CLE,50.0,164.0,114.0
2013,7,22,DL,DTW,41.0,113.0,72.0
2013,7,22,B6,MCO,177.0,201.0,24.0
2013,7,22,MQ,RDU,43.0,71.0,28.0
2013,7,22,DL,MIA,-5.0,61.0,66.0
2013,7,22,AA,SFO,10.0,75.0,65.0
2013,7,22,UA,SFO,0.0,97.0,97.0
2013,7,22,DL,LAS,21.0,95.0,74.0
2013,7,22,EV,IAD,70.0,137.0,67.0
2013,7,22,UA,CLE,-2.0,106.0,108.0
2013,7,22,US,PHL,6.0,77.0,71.0
2013,7,22,AA,LAX,5.0,93.0,88.0
2013,7,22,EV,GSP,84.0,111.0,27.0
2013,7,22,DL,SFO,-5.0,121.0,126.0
2013,7,22,EV,MSY,2.0,69.0,67.0
2013,7,22,UA,ORD,3.0,62.0,59.0
2013,7,22,US,DCA,3.0,67.0,64.0
2013,7,22,B6,MCO,290.0,406.0,116.0
2013,7,22,DL,MSP,-9.0,145.0,154.0
2013,7,22,DL,PDX,20.0,131.0,111.0
2013,7,22,MQ,CMH,41.0,191.0,150.0
2013,7,22,DL,ATL,88.0,124.0,36.0
2013,7,22,UA,CLE,43.0,189.0,146.0
2013,7,22,B6,LAX,-2.0,132.0,134.0
2013,7,22,US,PHX,5.0,95.0,90.0
2013,7,22,B6,SAN,0.0,68.0,68.0
2013,7,22,EV,BNA,33.0,174.0,141.0
2013,7,22,B6,BUF,132.0,173.0,41.0
2013,7,22,B6,FLL,9.0,75.0,66.0
2013,7,22,B6,ORD,44.0,88.0,44.0
2013,7,22,EV,SDF,84.0,126.0,42.0
2013,7,22,AA,DFW,18.0,121.0,103.0
2013,7,22,WN,DEN,58.0,155.0,97.0
2013,7,22,B6,BUF,25.0,156.0,131.0
2013,7,22,B6,TPA,41.0,164.0,123.0
2013,7,22,B6,SYR,-4.0,103.0,107.0
2013,7,22,DL,ATL,69.0,164.0,95.0
2013,7,22,EV,ATL,146.0,140.0,-6.0
2013,7,22,MQ,BNA,94.0,187.0,93.0
2013,7,22,UA,LAS,16.0,65.0,49.0
2013,7,22,DL,ATL,29.0,128.0,99.0
2013,7,22,DL,SEA,-6.0,76.0,82.0
2013,7,22,WN,PHX,231.0,273.0,42.0
2013,7,22,DL,LAX,32.0,110.0,78.0
2013,7,22,WN,MDW,48.0,147.0,99.0
2013,7,22,VX,SFO,5.0,61.0,56.0
2013,7,22,EV,RDU,80.0,76.0,-4.0
2013,7,22,DL,SAN,42.0,107.0,65.0
2013,7,22,B6,MCO,105.0,203.0,98.0
2013,7,22,EV,ATL,75.0,164.0,89.0
2013,7,22,B6,RDU,46.0,150.0,104.0
2013,7,22,VX,LAX,63.0,139.0,76.0
2013,7,22,EV,CVG,129.0,152.0,23.0
2013,7,22,B6,BOS,83.0,88.0,5.0
2013,7,22,UA,SFO,108.0,114.0,6.0
2013,7,22,EV,GSO,86.0,186.0,100.0
2013,7,22,F9,DEN,32.0,99.0,67.0
2013,7,22,AA,LAX,55.0,96.0,41.0
2013,7,22,DL,SLC,41.0,101.0,60.0
2013,7,22,B6,PWM,52.0,61.0,9.0
2013,7,22,UA,ORD,69.0,100.0,31.0
2013,7,22,UA,DEN,0.0,73.0,73.0
2013,7,22,DL,ATL,71.0,162.0,91.0
2013,7,22,DL,ATL,146.0,148.0,2.0
2013,7,22,AA,AUS,52.0,138.0,86.0
2013,7,22,UA,PHX,62.0,126.0,64.0
2013,7,22,9E,MKE,119.0,177.0,58.0
2013,7,22,DL,LAX,4.0,90.0,86.0
2013,7,22,B6,TPA,170.0,228.0,58.0
2013,7,22,AA,MIA,76.0,170.0,94.0
2013,7,22,WN,HOU,73.0,133.0,60.0
2013,7,22,EV,DTW,57.0,95.0,38.0
2013,7,22,AA,ORD,83.0,113.0,30.0
2013,7,22,US,CLT,53.0,80.0,27.0
2013,7,22,MQ,ORF,88.0,177.0,89.0
2013,7,22,UA,IAH,68.0,88.0,20.0
2013,7,22,AA,DFW,96.0,165.0,69.0
2013,7,22,B6,PBI,13.0,137.0,124.0
2013,7,22,EV,STL,243.0,308.0,65.0
2013,7,22,US,CLT,4.0,90.0,86.0
2013,7,22,AA,MIA,74.0,121.0,47.0
2013,7,22,AS,SEA,19.0,69.0,50.0
2013,7,22,AA,SAN,70.0,92.0,22.0
2013,7,22,AA,LAX,17.0,91.0,74.0
2013,7,22,WN,STL,72.0,90.0,18.0
2013,7,22,UA,LAX,113.0,179.0,66.0
2013,7,22,DL,SFO,-6.0,98.0,104.0
2013,7,22,DL,SEA,-3.0,66.0,69.0
2013,7,22,AA,MIA,232.0,268.0,36.0
2013,7,22,UA,SEA,209.0,255.0,46.0
2013,7,22,B6,BOS,89.0,149.0,60.0
2013,7,22,UA,PBI,10.0,99.0,89.0
2013,7,22,EV,BNA,95.0,220.0,125.0
2013,7,22,UA,DFW,44.0,70.0,26.0
2013,7,22,B6,IAD,80.0,164.0,84.0
2013,7,22,B6,BUR,76.0,141.0,65.0
2013,7,22,DL,MSP,78.0,157.0,79.0
2013,7,22,EV,MKE,109.0,178.0,69.0
2013,7,22,B6,BUF,40.0,61.0,21.0
2013,7,22,EV,STL,201.0,299.0,98.0
2013,7,22,EV,MSP,132.0,200.0,68.0
2013,7,22,9E,MCI,130.0,153.0,23.0
2013,7,22,9E,CVG,147.0,230.0,83.0
2013,7,22,DL,MCO,28.0,69.0,41.0
2013,7,22,UA,TPA,50.0,114.0,64.0
2013,7,22,UA,SFO,70.0,106.0,36.0
2013,7,22,UA,SFO,2.0,114.0,112.0
2013,7,22,FL,CAK,303.0,305.0,2.0
2013,7,22,UA,SEA,130.0,129.0,-1.0
2013,7,22,MQ,ORD,239.0,316.0,77.0
2013,7,22,DL,DTW,136.0,100.0,-36.0
2013,7,22,EV,ORF,158.0,212.0,54.0
2013,7,22,UA,SFO,159.0,171.0,12.0
2013,7,22,B6,FLL,83.0,123.0,40.0
2013,7,22,DL,PWM,141.0,111.0,-30.0
2013,7,22,DL,PHX,72.0,164.0,92.0
2013,7,22,B6,SMF,18.0,61.0,43.0
2013,7,22,UA,LAX,119.0,178.0,59.0
2013,7,22,UA,MIA,80.0,95.0,15.0
2013,7,22,DL,ATL,116.0,147.0,31.0
2013,7,22,DL,MEM,192.0,173.0,-19.0
2013,7,22,UA,SFO,92.0,120.0,28.0
2013,7,22,UA,SAN,142.0,165.0,23.0
2013,7,22,DL,TPA,4.0,84.0,80.0
2013,7,22,US,CLT,268.0,249.0,-19.0
2013,7,22,UA,LAX,59.0,204.0,145.0
2013,7,22,9E,CVG,106.0,150.0,44.0
2013,7,22,B6,OAK,180.0,257.0,77.0
2013,7,22,AA,LAS,182.0,237.0,55.0
2013,7,22,WN,MSY,107.0,149.0,42.0
2013,7,22,DL,SLC,275.0,288.0,13.0
2013,7,22,AA,IAH,163.0,194.0,31.0
2013,7,22,B6,PBI,229.0,227.0,-2.0
2013,7,22,MQ,DCA,193.0,260.0,67.0
2013,7,22,AA,DFW,215.0,191.0,-24.0
2013,7,22,UA,ORD,205.0,173.0,-32.0
2013,7,22,US,DCA,337.0,344.0,7.0
2013,7,22,EV,ROC,235.0,276.0,41.0
2013,7,22,B6,SFO,15.0,74.0,59.0
2013,7,22,B6,SLC,75.0,102.0,27.0
2013,7,22,WN,MDW,165.0,193.0,28.0
2013,7,22,UA,DEN,324.0,315.0,-9.0
2013,7,22,DL,ATL,166.0,149.0,-17.0
2013,7,22,AA,MIA,266.0,253.0,-13.0
2013,7,22,EV,DTW,253.0,273.0,20.0
2013,7,22,B6,SFO,169.0,221.0,52.0
2013,7,22,UA,PDX,82.0,87.0,5.0
2013,7,22,UA,ORD,350.0,317.0,-33.0
2013,7,22,DL,ATL,82.0,95.0,13.0
2013,7,22,B6,ROC,210.0,246.0,36.0
2013,7,22,DL,ATL,163.0,215.0,52.0
2013,7,22,B6,SJC,125.0,177.0,52.0
2013,7,22,DL,SAT,114.0,185.0,71.0
2013,7,22,B6,SEA,209.0,258.0,49.0
2013,7,22,9E,DTW,165.0,213.0,48.0
2013,7,22,B6,PHX,38.0,115.0,77.0
2013,7,22,AA,SFO,192.0,187.0,-5.0
2013,7,22,B6,LAS,132.0,181.0,49.0
2013,7,22,AA,LAX,119.0,174.0,55.0
2013,7,22,DL,ATL,297.0,320.0,23.0
2013,7,22,DL,MIA,320.0,354.0,34.0
2013,7,22,UA,SJU,72.0,75.0,3.0
2013,7,22,AA,ORD,314.0,279.0,-35.0
2013,7,22,B6,MCO,255.0,275.0,20.0
2013,7,22,UA,SAN,107.0,140.0,33.0
2013,7,22,9E,CVG,268.0,337.0,69.0
2013,7,22,MQ,BWI,179.0,224.0,45.0
2013,7,22,EV,CVG,250.0,349.0,99.0
2013,7,22,UA,SEA,113.0,129.0,16.0
2013,7,22,B6,TPA,122.0,169.0,47.0
2013,7,22,VX,SFO,304.0,360.0,56.0
2013,7,22,UA,BOS,150.0,134.0,-16.0
2013,7,22,UA,FLL,98.0,122.0,24.0
2013,7,22,DL,SLC,124.0,162.0,38.0
2013,7,22,B6,ROC,69.0,135.0,66.0
2013,7,22,EV,ATL,110.0,136.0,26.0
2013,7,22,B6,CLT,284.0,322.0,38.0
2013,7,22,AA,SEA,190.0,229.0,39.0
2013,7,22,B6,ABQ,98.0,153.0,55.0
2013,7,22,B6,LAX,57.0,136.0,79.0
2013,7,22,B6,ORD,107.0,155.0,48.0
2013,7,22,MQ,BNA,312.0,354.0,42.0
2013,7,22,UA,MIA,93.0,96.0,3.0
2013,7,22,UA,CLE,92.0,117.0,25.0
2013,7,22,B6,LGB,211.0,302.0,91.0
2013,7,22,9E,ORD,172.0,223.0,51.0
2013,7,22,UA,LAX,93.0,162.0,69.0
2013,7,22,B6,SJU,60.0,104.0,44.0
2013,7,22,DL,FLL,63.0,75.0,12.0
2013,7,22,DL,MIA,225.0,232.0,7.0
2013,7,22,MQ,CMH,151.0,228.0,77.0
2013,7,22,UA,AUS,74.0,85.0,11.0
2013,7,22,AA,BOS,170.0,176.0,6.0
2013,7,22,UA,PBI,62.0,102.0,40.0
2013,7,22,9E,DTW,356.0,383.0,27.0
2013,7,22,MQ,RDU,142.0,156.0,14.0
2013,7,22,EV,DSM,158.0,217.0,59.0
2013,7,22,EV,TYS,159.0,219.0,60.0
2013,7,22,B6,AUS,114.0,151.0,37.0
2013,7,22,B6,MCO,61.0,98.0,37.0
2013,7,22,UA,CLE,260.0,244.0,-16.0
2013,7,22,EV,BNA,173.0,208.0,35.0
2013,7,22,B6,FLL,48.0,77.0,29.0
2013,7,22,9E,CHS,225.0,252.0,27.0
2013,7,22,DL,LAS,75.0,156.0,81.0
2013,7,22,DL,FLL,187.0,185.0,-2.0
2013,7,22,VX,SFO,223.0,284.0,61.0
2013,7,22,VX,LAX,224.0,217.0,-7.0
2013,7,22,B6,MCO,159.0,166.0,7.0
2013,7,22,EV,IAD,192.0,253.0,61.0
2013,7,22,DL,LAX,103.0,158.0,55.0
2013,7,22,UA,BOS,104.0,128.0,24.0
2013,7,22,B6,PDX,114.0,165.0,51.0
2013,7,22,UA,SFO,292.0,306.0,14.0
2013,7,22,DL,SJU,93.0,98.0,5.0
2013,7,22,B6,BOS,171.0,205.0,34.0
2013,7,22,UA,MCO,85.0,109.0,24.0
2013,7,22,UA,IAH,100.0,141.0,41.0
2013,7,22,9E,BOS,205.0,238.0,33.0
2013,7,22,B6,SYR,11.0,83.0,72.0
2013,7,22,DL,ATL,898.0,895.0,-3.0
2013,7,22,B6,LAS,82.0,158.0,76.0
2013,7,22,VX,LAX,180.0,227.0,47.0
2013,7,22,DL,TPA,213.0,197.0,-16.0
2013,7,22,US,PHX,369.0,393.0,24.0
2013,7,22,EV,OKC,207.0,229.0,22.0
2013,7,22,9E,DCA,160.0,158.0,-2.0
2013,7,22,B6,TPA,81.0,86.0,5.0
2013,7,22,EV,CLT,242.0,247.0,5.0
2013,7,22,B6,BUF,136.0,178.0,42.0
2013,7,22,UA,LAX,149.0,173.0,24.0
2013,7,22,UA,IAH,208.0,240.0,32.0
2013,7,22,9E,RDU,238.0,221.0,-17.0
2013,7,22,EV,TUL,205.0,229.0,24.0
2013,7,22,DL,DEN,351.0,349.0,-2.0
2013,7,22,B6,MCO,112.0,107.0,-5.0
2013,7,22,EV,OMA,191.0,208.0,17.0
2013,7,22,FL,CAK,190.0,186.0,-4.0
2013,7,22,B6,MSY,144.0,147.0,3.0
2013,7,22,B6,FLL,286.0,286.0,0.0
2013,7,22,DL,MSY,327.0,336.0,9.0
2013,7,22,EV,STL,174.0,177.0,3.0
2013,7,22,WN,MDW,178.0,160.0,-18.0
2013,7,22,B6,JAX,147.0,144.0,-3.0
2013,7,22,B6,DEN,154.0,178.0,24.0
2013,7,22,WN,MKE,294.0,268.0,-26.0
2013,7,23,B6,SYR,79.0,88.0,9.0
2013,7,23,B6,SJU,184.0,180.0,-4.0
2013,7,23,B6,AUS,224.0,223.0,-1.0
2013,7,23,B6,PWM,101.0,92.0,-9.0
2013,7,23,AA,LAX,189.0,168.0,-21.0
2013,7,23,B6,BOS,116.0,104.0,-12.0
2013,7,23,B6,BTV,145.0,131.0,-14.0
2013,7,23,MQ,ORD,98.0,104.0,6.0
2013,7,23,EV,MSP,90.0,73.0,-17.0
2013,7,23,9E,PIT,-2.0,78.0,80.0
2013,7,23,UA,IAH,106.0,133.0,27.0
2013,7,23,WN,STL,122.0,130.0,8.0
2013,7,23,B6,BOS,103.0,95.0,-8.0
2013,7,23,AA,DFW,102.0,108.0,6.0
2013,7,23,B6,SJU,93.0,99.0,6.0
2013,7,23,DL,DTW,99.0,104.0,5.0
2013,7,23,B6,TPA,132.0,153.0,21.0
2013,7,23,UA,LAX,178.0,197.0,19.0
2013,7,23,B6,HOU,80.0,71.0,-9.0
2013,7,23,MQ,DTW,102.0,87.0,-15.0
2013,7,23,AA,SJU,46.0,80.0,34.0
2013,7,23,9E,PHL,11.0,122.0,111.0
2013,7,23,MQ,BNA,125.0,118.0,-7.0
2013,7,23,B6,LAX,201.0,185.0,-16.0
2013,7,23,DL,MIA,80.0,71.0,-9.0
2013,7,23,B6,SFO,98.0,87.0,-11.0
2013,7,23,UA,SNA,199.0,189.0,-10.0
2013,7,23,B6,BOS,171.0,168.0,-3.0
2013,7,23,EV,DTW,101.0,86.0,-15.0
2013,7,23,B6,FLL,86.0,84.0,-2.0
2013,7,23,EV,IAD,64.0,65.0,1.0
2013,7,23,B6,MCO,70.0,89.0,19.0
2013,7,23,EV,CHS,141.0,120.0,-21.0
2013,7,23,B6,ACK,219.0,221.0,2.0
2013,7,23,DL,BOS,0.0,71.0,71.0
2013,7,23,DL,ATL,183.0,176.0,-7.0
2013,7,23,DL,ATL,63.0,60.0,-3.0
2013,7,23,UA,IAH,189.0,164.0,-25.0
2013,7,23,B6,PBI,98.0,98.0,0.0
2013,7,23,MQ,CMH,84.0,81.0,-3.0
2013,7,23,B6,FLL,105.0,126.0,21.0
2013,7,23,DL,ATL,185.0,188.0,3.0
2013,7,23,DL,FLL,94.0,101.0,7.0
2013,7,23,UA,ORD,13.0,65.0,52.0
2013,7,23,B6,BUF,46.0,60.0,14.0
2013,7,23,EV,PIT,124.0,213.0,89.0
2013,7,23,EV,MEM,160.0,155.0,-5.0
2013,7,23,DL,DTW,40.0,146.0,106.0
2013,7,23,B6,BOS,43.0,87.0,44.0
2013,7,23,B6,PWM,144.0,140.0,-4.0
2013,7,23,9E,BWI,111.0,98.0,-13.0
2013,7,23,AA,ORD,39.0,117.0,78.0
2013,7,23,AA,ORD,-3.0,66.0,69.0
2013,7,23,F9,DEN,36.0,129.0,93.0
2013,7,23,MQ,ATL,119.0,143.0,24.0
2013,7,23,MQ,CLT,11.0,90.0,79.0
2013,7,23,DL,MIA,99.0,71.0,-28.0
2013,7,23,MQ,DCA,189.0,178.0,-11.0
2013,7,23,WN,MKE,81.0,154.0,73.0
2013,7,23,AA,ORD,128.0,211.0,83.0
2013,7,23,EV,MSP,64.0,75.0,11.0
2013,7,23,AA,DFW,-3.0,74.0,77.0
2013,7,23,FL,CAK,281.0,313.0,32.0
2013,7,23,UA,CLE,6.0,102.0,96.0
2013,7,23,WN,HOU,127.0,145.0,18.0
2013,7,23,DL,DTW,-1.0,105.0,106.0
2013,7,23,MQ,ORD,83.0,98.0,15.0
2013,7,23,B6,PBI,104.0,112.0,8.0
2013,7,23,DL,DTW,22.0,75.0,53.0
2013,7,23,UA,HNL,97.0,134.0,37.0
2013,7,23,MQ,CLE,8.0,122.0,114.0
2013,7,23,DL,BOS,14.0,61.0,47.0
2013,7,23,WN,PHX,90.0,114.0,24.0
2013,7,23,B6,TPA,45.0,79.0,34.0
2013,7,23,B6,ROC,107.0,118.0,11.0
2013,7,23,B6,MVY,96.0,85.0,-11.0
2013,7,23,EV,DTW,45.0,71.0,26.0
2013,7,23,B6,BOS,111.0,133.0,22.0
2013,7,23,WN,MDW,125.0,152.0,27.0
2013,7,23,B6,MSY,68.0,97.0,29.0
2013,7,23,EV,BTV,130.0,143.0,13.0
2013,7,23,DL,LAX,22.0,63.0,41.0
2013,7,23,EV,IAD,79.0,105.0,26.0
2013,7,23,B6,BOS,125.0,200.0,75.0
2013,7,23,FL,ATL,178.0,185.0,7.0
2013,7,23,EV,GSP,106.0,130.0,24.0
2013,7,23,UA,IAH,92.0,78.0,-14.0
2013,7,23,EV,JAX,79.0,67.0,-12.0
2013,7,23,DL,SLC,47.0,66.0,19.0
2013,7,23,US,DCA,91.0,94.0,3.0
2013,7,23,B6,TPA,64.0,69.0,5.0
2013,7,23,B6,HOU,97.0,144.0,47.0
2013,7,23,EV,BNA,77.0,79.0,2.0
2013,7,23,B6,SAN,2.0,86.0,84.0
2013,7,23,EV,IAD,127.0,142.0,15.0
2013,7,23,B6,FLL,120.0,109.0,-11.0
2013,7,23,DL,MCO,62.0,62.0,0.0
2013,7,23,MQ,ORD,74.0,66.0,-8.0
2013,7,23,MQ,CLT,95.0,118.0,23.0
2013,7,23,UA,ORD,120.0,118.0,-2.0
2013,7,23,9E,DCA,133.0,174.0,41.0
2013,7,23,US,PHL,86.0,82.0,-4.0
2013,7,23,DL,ATL,82.0,62.0,-20.0
2013,7,23,MQ,CMH,90.0,154.0,64.0
2013,7,23,UA,DEN,115.0,112.0,-3.0
2013,7,23,US,BOS,78.0,133.0,55.0
2013,7,23,AA,LAX,9.0,66.0,57.0
2013,7,23,MQ,IND,113.0,178.0,65.0
2013,7,23,B6,OAK,16.0,68.0,52.0
2013,7,23,9E,BUF,163.0,185.0,22.0
2013,7,23,B6,BUF,53.0,121.0,68.0
2013,7,23,EV,STL,90.0,100.0,10.0
2013,7,23,B6,SEA,-3.0,64.0,67.0
2013,7,23,AA,IAH,-2.0,64.0,66.0
2013,7,23,9E,BNA,103.0,153.0,50.0
2013,7,23,AA,DFW,112.0,122.0,10.0
2013,7,23,DL,ATL,109.0,92.0,-17.0
2013,7,23,9E,CVG,50.0,81.0,31.0
2013,7,23,MQ,CVG,115.0,147.0,32.0
2013,7,23,B6,SFO,-2.0,62.0,64.0
2013,7,23,B6,TPA,98.0,85.0,-13.0
2013,7,23,US,BOS,62.0,95.0,33.0
2013,7,23,WN,MDW,152.0,152.0,0.0
2013,7,23,US,PHX,100.0,138.0,38.0
2013,7,23,UA,SEA,160.0,145.0,-15.0
2013,7,23,EV,ROC,92.0,82.0,-10.0
2013,7,23,MQ,BNA,98.0,112.0,14.0
2013,7,23,EV,ATL,102.0,91.0,-11.0
2013,7,23,MQ,DTW,324.0,312.0,-12.0
2013,7,23,B6,PBI,145.0,156.0,11.0
2013,7,23,AA,DFW,92.0,78.0,-14.0
2013,7,23,B6,CLT,88.0,78.0,-10.0
2013,7,23,UA,LAX,32.0,101.0,69.0
2013,7,23,B6,PWM,83.0,109.0,26.0
2013,7,23,AA,SAN,65.0,114.0,49.0
2013,7,23,AA,SFO,51.0,77.0,26.0
2013,7,23,B6,FLL,136.0,132.0,-4.0
2013,7,23,9E,MCI,93.0,101.0,8.0
2013,7,23,AA,MIA,103.0,70.0,-33.0
2013,7,23,DL,BOS,147.0,144.0,-3.0
2013,7,23,UA,SFO,33.0,65.0,32.0
2013,7,23,B6,MCO,117.0,99.0,-18.0
2013,7,23,B6,ORD,192.0,240.0,48.0
2013,7,23,9E,ORD,3.0,87.0,84.0
2013,7,23,MQ,ORF,129.0,120.0,-9.0
2013,7,23,AA,SEA,35.0,66.0,31.0
2013,7,23,DL,DEN,11.0,69.0,58.0
2013,7,23,B6,BUF,33.0,100.0,67.0
2013,7,23,B6,PBI,163.0,137.0,-26.0
2013,7,23,DL,AUS,194.0,182.0,-12.0
2013,7,23,MQ,RDU,88.0,72.0,-16.0
2013,7,23,US,CLT,99.0,80.0,-19.0
2013,7,23,WN,MDW,76.0,98.0,22.0
2013,7,23,DL,ATL,74.0,64.0,-10.0
2013,7,23,AA,DFW,86.0,76.0,-10.0
2013,7,23,US,DCA,142.0,115.0,-27.0
2013,7,23,AA,ORD,139.0,174.0,35.0
2013,7,23,EV,DTW,170.0,149.0,-21.0
2013,7,23,B6,LAS,27.0,87.0,60.0
2013,7,23,UA,SAN,112.0,107.0,-5.0
2013,7,23,US,CLT,149.0,126.0,-23.0
2013,7,23,WN,DEN,224.0,238.0,14.0
2013,7,23,UA,BOS,155.0,187.0,32.0
2013,7,23,UA,ORD,152.0,119.0,-33.0
2013,7,23,B6,SJC,50.0,80.0,30.0
2013,7,23,DL,SAN,162.0,198.0,36.0
2013,7,23,UA,PHX,159.0,146.0,-13.0
2013,7,23,B6,IAD,115.0,125.0,10.0
2013,7,23,DL,MSY,88.0,76.0,-12.0
2013,7,23,US,BOS,56.0,71.0,15.0
2013,7,23,B6,BUR,117.0,172.0,55.0
2013,7,23,EV,MKE,149.0,138.0,-11.0
2013,7,23,B6,PBI,99.0,103.0,4.0
2013,7,23,UA,MIA,93.0,63.0,-30.0
2013,7,23,UA,DFW,60.0,60.0,0.0
2013,7,23,AA,STL,91.0,90.0,-1.0
2013,7,23,9E,CVG,97.0,85.0,-12.0
2013,7,23,DL,SLC,28.0,70.0,42.0
2013,7,23,9E,PIT,58.0,84.0,26.0
2013,7,23,B6,LGB,99.0,120.0,21.0
2013,7,23,EV,CLT,201.0,173.0,-28.0
2013,7,23,US,DCA,125.0,112.0,-13.0
2013,7,23,B6,BOS,156.0,157.0,1.0
2013,7,23,YV,CLT,153.0,128.0,-25.0
2013,7,23,B6,SLC,39.0,90.0,51.0
2013,7,23,EV,RIC,218.0,206.0,-12.0
2013,7,23,UA,BOS,155.0,149.0,-6.0
2013,7,23,WN,BNA,127.0,110.0,-17.0
2013,7,23,VX,LAX,88.0,84.0,-4.0
2013,7,23,EV,BGR,126.0,95.0,-31.0
2013,7,23,B6,FLL,90.0,109.0,19.0
2013,7,23,AA,ORD,109.0,77.0,-32.0
2013,7,23,WN,STL,182.0,170.0,-12.0
2013,7,23,FL,ATL,392.0,374.0,-18.0
2013,7,23,AA,DFW,87.0,78.0,-9.0
2013,7,23,AA,BOS,82.0,103.0,21.0
2013,7,23,FL,ATL,107.0,86.0,-21.0
2013,7,23,DL,MCO,168.0,138.0,-30.0
2013,7,23,DL,MCO,109.0,116.0,7.0
2013,7,23,DL,TPA,49.0,60.0,11.0
2013,7,23,UA,BOS,105.0,85.0,-20.0
2013,7,23,EV,GSO,259.0,248.0,-11.0
2013,7,23,US,DCA,114.0,94.0,-20.0
2013,7,23,DL,LAS,74.0,119.0,45.0
2013,7,23,UA,LAX,34.0,69.0,35.0
2013,7,23,US,CLT,151.0,136.0,-15.0
2013,7,23,B6,FLL,151.0,126.0,-25.0
2013,7,23,UA,SEA,82.0,84.0,2.0
2013,7,23,EV,MSP,236.0,245.0,9.0
2013,7,23,B6,BOS,275.0,294.0,19.0
2013,7,23,WN,MSY,167.0,149.0,-18.0
2013,7,23,DL,MIA,115.0,92.0,-23.0
2013,7,23,AA,ORD,90.0,67.0,-23.0
2013,7,23,DL,PIT,83.0,89.0,6.0
2013,7,23,DL,SAT,136.0,124.0,-12.0
2013,7,23,MQ,CLE,174.0,191.0,17.0
2013,7,23,UA,IAH,267.0,233.0,-34.0
2013,7,23,9E,DTW,313.0,315.0,2.0
2013,7,23,B6,PDX,46.0,67.0,21.0
2013,7,23,US,BOS,97.0,97.0,0.0
2013,7,23,DL,FLL,130.0,104.0,-26.0
2013,7,23,MQ,RDU,106.0,106.0,0.0
2013,7,23,UA,FLL,101.0,83.0,-18.0
2013,7,23,UA,SJU,96.0,95.0,-1.0
2013,7,23,DL,LAX,209.0,224.0,15.0
2013,7,23,B6,SMF,124.0,141.0,17.0
2013,7,23,B6,MCO,237.0,223.0,-14.0
2013,7,23,B6,LAX,57.0,108.0,51.0
2013,7,23,B6,MCO,153.0,163.0,10.0
2013,7,23,DL,ATL,111.0,100.0,-11.0
2013,7,23,B6,SFO,83.0,138.0,55.0
2013,7,23,EV,OKC,133.0,138.0,5.0
2013,7,23,EV,TYS,133.0,127.0,-6.0
2013,7,23,WN,MKE,168.0,142.0,-26.0
2013,7,23,EV,DTW,140.0,130.0,-10.0
2013,7,23,EV,DCA,135.0,130.0,-5.0
2013,7,23,EV,CLT,163.0,136.0,-27.0
2013,7,23,9E,MSP,219.0,247.0,28.0
2013,7,23,B6,ABQ,119.0,137.0,18.0
2013,7,23,MQ,CLT,66.0,85.0,19.0
2013,7,23,AA,MIA,129.0,99.0,-30.0
2013,7,23,DL,ATL,74.0,71.0,-3.0
2013,7,23,EV,IAD,165.0,158.0,-7.0
2013,7,23,EV,CVG,88.0,79.0,-9.0
2013,7,23,AA,ORD,80.0,72.0,-8.0
2013,7,23,MQ,CMH,168.0,166.0,-2.0
2013,7,23,DL,SEA,207.0,220.0,13.0
2013,7,23,B6,FLL,58.0,67.0,9.0
2013,7,23,B6,MCO,153.0,161.0,8.0
2013,7,23,EV,OMA,126.0,122.0,-4.0
2013,7,23,EV,DCA,54.0,66.0,12.0
2013,7,23,9E,BWI,127.0,104.0,-23.0
2013,7,23,FL,ATL,304.0,291.0,-13.0
2013,7,23,B6,MCO,81.0,64.0,-17.0
2013,7,23,B6,ROC,135.0,136.0,1.0
2013,7,23,EV,TUL,159.0,176.0,17.0
2013,7,23,9E,RDU,193.0,177.0,-16.0
2013,7,23,DL,SJU,98.0,108.0,10.0
2013,7,23,EV,ATL,186.0,155.0,-31.0
2013,7,23,MQ,DCA,80.0,88.0,8.0
2013,7,23,B6,BOS,136.0,133.0,-3.0
2013,7,23,B6,BOS,183.0,178.0,-5.0
2013,7,23,UA,BOS,97.0,88.0,-9.0
2013,7,23,VX,LAX,186.0,182.0,-4.0
2013,7,23,9E,DCA,162.0,128.0,-34.0
2013,7,23,B6,FLL,100.0,123.0,23.0
2013,7,23,B6,BUF,128.0,128.0,0.0
2013,7,23,B6,DEN,114.0,126.0,12.0
2013,7,23,B6,LAS,104.0,125.0,21.0
2013,7,23,FL,CAK,176.0,161.0,-15.0
2013,7,23,9E,CVG,161.0,183.0,22.0
2013,7,23,B6,ROC,45.0,60.0,15.0
2013,7,23,UA,AUS,159.0,128.0,-31.0
2013,7,23,UA,IAH,213.0,192.0,-21.0
2013,7,23,B6,MCO,108.0,144.0,36.0
2013,7,23,B6,SJU,63.0,77.0,14.0
2013,7,23,DL,BOS,111.0,104.0,-7.0
2013,7,23,9E,PHL,186.0,182.0,-4.0
2013,7,23,B6,JAX,130.0,147.0,17.0
2013,7,23,WN,MDW,167.0,139.0,-28.0
2013,7,23,EV,PWM,105.0,81.0,-24.0
2013,7,23,B6,MSY,149.0,152.0,3.0
2013,7,23,UA,PBI,161.0,136.0,-25.0
2013,7,23,B6,TPA,120.0,138.0,18.0
2013,7,24,B6,SJU,103.0,92.0,-11.0
2013,7,24,EV,DTW,68.0,70.0,2.0
2013,7,24,AA,DFW,13.0,60.0,47.0
2013,7,24,US,CLT,97.0,88.0,-9.0
2013,7,24,DL,ATL,57.0,78.0,21.0
2013,7,24,UA,IAH,89.0,88.0,-1.0
2013,7,24,FL,ATL,123.0,145.0,22.0
2013,7,24,EV,BUF,78.0,80.0,2.0
2013,7,24,AA,LAX,55.0,61.0,6.0
2013,7,24,EV,RDU,73.0,66.0,-7.0
2013,7,24,B6,MCO,80.0,76.0,-4.0
2013,7,24,MQ,RDU,47.0,72.0,25.0
2013,7,24,EV,MCI,73.0,67.0,-6.0
2013,7,24,EV,CVG,64.0,60.0,-4.0
2013,7,24,EV,GSO,124.0,115.0,-9.0
2013,7,24,EV,IAD,249.0,281.0,32.0
2013,7,24,US,CLT,123.0,135.0,12.0
2013,7,24,AA,LAX,88.0,86.0,-2.0
2013,7,24,EV,CHS,191.0,197.0,6.0
2013,7,24,B6,FLL,41.0,61.0,20.0
2013,7,24,EV,IND,51.0,63.0,12.0
2013,7,24,EV,BNA,82.0,87.0,5.0
2013,7,24,UA,FLL,165.0,152.0,-13.0
2013,7,24,EV,RDU,88.0,84.0,-4.0
2013,7,24,EV,ROC,75.0,72.0,-3.0
2013,7,24,B6,RSW,140.0,145.0,5.0
2013,7,24,EV,JAX,103.0,88.0,-15.0
2013,7,24,EV,DSM,194.0,169.0,-25.0
2013,7,24,AA,MIA,86.0,79.0,-7.0
2013,7,24,EV,IAD,79.0,61.0,-18.0
2013,7,24,EV,RIC,85.0,96.0,11.0
2013,7,24,EV,BTV,158.0,135.0,-23.0
2013,7,24,EV,MEM,76.0,67.0,-9.0
2013,7,24,UA,MCO,114.0,104.0,-10.0
2013,7,24,DL,DTW,-3.0,74.0,77.0
2013,7,24,B6,MCO,152.0,155.0,3.0
2013,7,24,9E,MSP,430.0,458.0,28.0
2013,7,24,B6,MCO,88.0,110.0,22.0
2013,7,24,UA,PBI,149.0,126.0,-23.0
2013,7,24,9E,DFW,48.0,60.0,12.0
2013,7,24,B6,FLL,57.0,73.0,16.0
2013,7,24,EV,IAD,66.0,63.0,-3.0
2013,7,24,B6,SJU,84.0,100.0,16.0
2013,7,24,EV,CLT,72.0,64.0,-8.0
2013,7,24,9E,CLE,81.0,90.0,9.0
2013,7,24,MQ,RDU,91.0,132.0,41.0
2013,7,24,US,DCA,105.0,102.0,-3.0
2013,7,24,9E,BUF,128.0,109.0,-19.0
2013,7,24,MQ,RDU,81.0,125.0,44.0
2013,7,24,DL,SLC,87.0,67.0,-20.0
2013,7,24,EV,BNA,77.0,79.0,2.0
2013,7,24,MQ,ORD,97.0,97.0,0.0
2013,7,24,DL,AUS,92.0,114.0,22.0
2013,7,24,EV,STL,95.0,120.0,25.0
2013,7,24,EV,GSO,62.0,73.0,11.0
2013,7,24,EV,MEM,62.0,61.0,-1.0
2013,7,24,MQ,PIT,165.0,162.0,-3.0
2013,7,24,EV,IAD,199.0,192.0,-7.0
2013,7,24,EV,DTW,77.0,86.0,9.0
2013,7,24,DL,BOS,99.0,94.0,-5.0
2013,7,24,EV,CLT,84.0,120.0,36.0
2013,7,24,EV,RIC,91.0,87.0,-4.0
2013,7,24,F9,DEN,40.0,69.0,29.0
2013,7,24,B6,MCO,70.0,67.0,-3.0
2013,7,24,EV,CHS,54.0,68.0,14.0
2013,7,24,UA,SEA,55.0,92.0,37.0
2013,7,24,DL,MCO,150.0,102.0,-48.0
2013,7,24,WN,HOU,75.0,91.0,16.0
2013,7,24,EV,BNA,61.0,74.0,13.0
2013,7,24,UA,LAX,5.0,78.0,73.0
2013,7,24,UA,LAS,89.0,84.0,-5.0
2013,7,24,UA,SNA,14.0,62.0,48.0
2013,7,24,EV,IAD,101.0,125.0,24.0
2013,7,24,EV,RDU,137.0,149.0,12.0
2013,7,24,EV,ROC,117.0,131.0,14.0
2013,7,24,WN,MDW,46.0,62.0,16.0
2013,7,24,AA,SAN,76.0,63.0,-13.0
2013,7,24,9E,MSP,177.0,139.0,-38.0
2013,7,24,UA,MIA,41.0,72.0,31.0
2013,7,24,9E,CVG,76.0,78.0,2.0
2013,7,24,EV,MCI,64.0,65.0,1.0
2013,7,24,MQ,BWI,98.0,85.0,-13.0
2013,7,24,EV,RIC,71.0,83.0,12.0
2013,7,24,EV,BNA,55.0,66.0,11.0
2013,7,24,9E,CVG,213.0,203.0,-10.0
2013,7,24,EV,DCA,55.0,61.0,6.0
2013,7,24,EV,TYS,73.0,86.0,13.0
2013,7,24,EV,OMA,38.0,68.0,30.0
2013,7,24,UA,SJU,67.0,76.0,9.0
2013,7,24,9E,MSY,114.0,85.0,-29.0
2013,7,24,UA,BQN,42.0,63.0,21.0
2013,7,24,UA,CLE,77.0,87.0,10.0
2013,7,24,MQ,DTW,77.0,66.0,-11.0
2013,7,24,MQ,ORD,82.0,80.0,-2.0
2013,7,24,UA,MIA,128.0,116.0,-12.0
2013,7,24,B6,TPA,84.0,87.0,3.0
2013,7,24,UA,AUS,155.0,126.0,-29.0
2013,7,24,B6,MCO,208.0,213.0,5.0
2013,7,24,DL,PIT,227.0,215.0,-12.0
2013,7,24,EV,MHT,86.0,87.0,1.0
2013,7,25,B6,BOS,201.0,183.0,-18.0
2013,7,25,EV,MHT,182.0,158.0,-24.0
2013,7,25,B6,LAX,245.0,235.0,-10.0
2013,7,25,UA,DEN,65.0,92.0,27.0
2013,7,25,MQ,BNA,79.0,91.0,12.0
2013,7,25,EV,RIC,103.0,91.0,-12.0
2013,7,25,EV,SAV,102.0,115.0,13.0
2013,7,25,MQ,MSP,81.0,67.0,-14.0
2013,7,25,EV,ROC,120.0,98.0,-22.0
2013,7,25,EV,RDU,167.0,161.0,-6.0
2013,7,25,MQ,CLT,52.0,77.0,25.0
2013,7,25,DL,BOS,-2.0,65.0,67.0
2013,7,25,US,BOS,-3.0,66.0,69.0
2013,7,25,EV,BTV,83.0,70.0,-13.0
2013,7,25,B6,SRQ,94.0,110.0,16.0
2013,7,25,DL,SFO,68.0,81.0,13.0
2013,7,25,US,DCA,74.0,83.0,9.0
2013,7,25,EV,MEM,128.0,123.0,-5.0
2013,7,25,US,PHX,91.0,87.0,-4.0
2013,7,25,EV,MSP,118.0,103.0,-15.0
2013,7,25,B6,BOS,97.0,132.0,35.0
2013,7,25,DL,ATL,84.0,78.0,-6.0
2013,7,25,EV,IAD,161.0,159.0,-2.0
2013,7,25,9E,CLT,57.0,63.0,6.0
2013,7,25,WN,PHX,131.0,125.0,-6.0
2013,7,25,UA,CLE,72.0,61.0,-11.0
2013,7,25,B6,SYR,188.0,207.0,19.0
2013,7,25,EV,GSP,92.0,81.0,-11.0
2013,7,25,EV,MSN,112.0,102.0,-10.0
2013,7,25,EV,JAX,66.0,61.0,-5.0
2013,7,25,EV,IAD,95.0,82.0,-13.0
2013,7,25,EV,MKE,75.0,63.0,-12.0
2013,7,25,WN,STL,57.0,65.0,8.0
2013,7,25,9E,BNA,63.0,71.0,8.0
2013,7,25,DL,SLC,77.0,103.0,26.0
2013,7,25,WN,MDW,102.0,83.0,-19.0
2013,7,25,9E,MSP,77.0,84.0,7.0
2013,7,25,US,BOS,20.0,87.0,67.0
2013,7,25,EV,CHS,143.0,161.0,18.0
2013,7,25,EV,SAV,89.0,89.0,0.0
2013,7,25,EV,ATL,167.0,171.0,4.0
2013,7,25,B6,BOS,62.0,64.0,2.0
2013,7,25,UA,SFO,95.0,107.0,12.0
2013,7,25,EV,GSO,84.0,88.0,4.0
2013,7,25,EV,MSP,170.0,163.0,-7.0
2013,7,25,EV,RDU,101.0,97.0,-4.0
2013,7,25,EV,CVG,138.0,136.0,-2.0
2013,7,25,WN,MDW,98.0,99.0,1.0
2013,7,25,EV,MKE,57.0,60.0,3.0
2013,7,25,US,BOS,27.0,65.0,38.0
2013,7,25,UA,PHX,79.0,91.0,12.0
2013,7,25,B6,BOS,61.0,64.0,3.0
2013,7,25,UA,SFO,38.0,66.0,28.0
2013,7,25,DL,LAX,94.0,114.0,20.0
2013,7,25,UA,LAX,38.0,65.0,27.0
2013,7,25,US,CLT,66.0,65.0,-1.0
2013,7,25,UA,IAH,83.0,82.0,-1.0
2013,7,25,DL,SEA,74.0,84.0,10.0
2013,7,25,EV,DAY,153.0,150.0,-3.0
2013,7,25,EV,MEM,136.0,135.0,-1.0
2013,7,25,US,DCA,54.0,65.0,11.0
2013,7,25,MQ,ORD,43.0,61.0,18.0
2013,7,25,EV,IAD,132.0,124.0,-8.0
2013,7,25,9E,CVG,133.0,120.0,-13.0
2013,7,25,EV,MSP,125.0,152.0,27.0
2013,7,25,UA,DEN,70.0,90.0,20.0
2013,7,25,EV,CHS,116.0,119.0,3.0
2013,7,25,WN,DEN,104.0,108.0,4.0
2013,7,25,B6,MCO,139.0,121.0,-18.0
2013,7,25,B6,MCO,104.0,100.0,-4.0
2013,7,25,UA,BOS,114.0,97.0,-17.0
2013,7,25,9E,CVG,157.0,131.0,-26.0
2013,7,25,EV,CVG,138.0,115.0,-23.0
2013,7,25,EV,ATL,180.0,189.0,9.0
2013,7,25,9E,CHS,63.0,71.0,8.0
2013,7,25,DL,ATL,95.0,96.0,1.0
2013,7,25,B6,FLL,17.0,66.0,49.0
2013,7,25,MQ,CLE,81.0,94.0,13.0
2013,7,25,MQ,MSP,64.0,78.0,14.0
2013,7,25,UA,ORD,100.0,60.0,-40.0
2013,7,25,WN,MKE,63.0,61.0,-2.0
2013,7,25,EV,STL,190.0,169.0,-21.0
2013,7,25,UA,PBI,84.0,79.0,-5.0
2013,7,25,B6,FLL,117.0,90.0,-27.0
2013,7,25,DL,SFO,90.0,67.0,-23.0
2013,7,25,AA,BOS,74.0,71.0,-3.0
2013,7,25,B6,SYR,212.0,195.0,-17.0
2013,7,25,9E,RDU,68.0,66.0,-2.0
2013,7,25,EV,CAE,167.0,156.0,-11.0
2013,7,25,9E,BOS,78.0,72.0,-6.0
2013,7,25,EV,BNA,210.0,193.0,-17.0
2013,7,25,B6,SFO,27.0,68.0,41.0
2013,7,25,EV,CLT,99.0,84.0,-15.0
2013,7,25,DL,SAT,122.0,100.0,-22.0
2013,7,25,EV,DTW,279.0,253.0,-26.0
2013,7,25,EV,RIC,277.0,270.0,-7.0
2013,7,25,EV,DTW,102.0,79.0,-23.0
2013,7,25,EV,RIC,139.0,130.0,-9.0
2013,7,25,B6,PDX,36.0,69.0,33.0
2013,7,25,B6,BOS,88.0,99.0,11.0
2013,7,25,EV,MCI,169.0,153.0,-16.0
2013,7,25,UA,IAH,387.0,374.0,-13.0
2013,7,25,EV,DSM,128.0,114.0,-14.0
2013,7,25,EV,TUL,100.0,81.0,-19.0
2013,7,25,UA,SFO,209.0,169.0,-40.0
2013,7,25,9E,PHL,87.0,64.0,-23.0
2013,7,25,EV,BNA,149.0,130.0,-19.0
2013,7,25,EV,ATL,155.0,129.0,-26.0
2013,7,25,MQ,RDU,130.0,143.0,13.0
2013,7,25,B6,MCO,66.0,61.0,-5.0
2013,7,25,MQ,CLT,73.0,66.0,-7.0
2013,7,25,B6,FLL,51.0,65.0,14.0
2013,7,25,9E,CVG,102.0,61.0,-41.0
2013,7,25,UA,SEA,169.0,157.0,-12.0
2013,7,25,9E,JAX,176.0,172.0,-4.0
2013,7,25,B6,BUF,83.0,110.0,27.0
2013,7,25,9E,DCA,124.0,123.0,-1.0
2013,7,25,MQ,ORD,97.0,79.0,-18.0
2013,7,25,EV,OMA,136.0,124.0,-12.0
2013,7,25,UA,IAH,177.0,144.0,-33.0
2013,7,25,EV,CHS,119.0,92.0,-27.0
2013,7,25,EV,TYS,205.0,189.0,-16.0
2013,7,25,EV,CVG,136.0,111.0,-25.0
2013,7,25,EV,RIC,133.0,133.0,0.0
2013,7,25,EV,SDF,114.0,83.0,-31.0
2013,7,25,EV,STL,146.0,113.0,-33.0
2013,7,25,EV,JAX,151.0,137.0,-14.0
2013,7,25,EV,ORF,92.0,62.0,-30.0
2013,7,25,B6,MCO,107.0,119.0,12.0
2013,7,25,EV,MHT,69.0,61.0,-8.0
2013,7,25,B6,MSY,148.0,128.0,-20.0
2013,7,25,VX,LAX,233.0,213.0,-20.0
2013,7,25,EV,CLT,148.0,123.0,-25.0
2013,7,26,B6,LAX,74.0,76.0,2.0
2013,7,26,EV,SDF,111.0,104.0,-7.0
2013,7,26,EV,BNA,83.0,80.0,-3.0
2013,7,26,UA,DEN,72.0,68.0,-4.0
2013,7,26,EV,CHS,79.0,95.0,16.0
2013,7,26,EV,ATL,165.0,162.0,-3.0
2013,7,26,MQ,CLE,88.0,94.0,6.0
2013,7,26,EV,OMA,115.0,90.0,-25.0
2013,7,26,EV,MCI,114.0,81.0,-33.0
2013,7,26,MQ,DTW,77.0,73.0,-4.0
2013,7,26,US,CLT,112.0,129.0,17.0
2013,7,26,DL,BOS,158.0,147.0,-11.0
2013,7,26,MQ,DCA,68.0,72.0,4.0
2013,7,26,AA,MIA,145.0,151.0,6.0
2013,7,26,EV,IND,110.0,101.0,-9.0
2013,7,26,DL,MSP,81.0,84.0,3.0
2013,7,26,EV,BTV,70.0,78.0,8.0
2013,7,26,AA,STL,90.0,118.0,28.0
2013,7,26,EV,DTW,65.0,62.0,-3.0
2013,7,26,EV,JAX,114.0,113.0,-1.0
2013,7,26,MQ,CLE,38.0,71.0,33.0
2013,7,26,DL,ATL,60.0,78.0,18.0
2013,7,26,FL,ATL,20.0,69.0,49.0
2013,7,26,EV,IAD,116.0,114.0,-2.0
2013,7,26,EV,DCA,122.0,112.0,-10.0
2013,7,26,DL,ATL,-1.0,78.0,79.0
2013,7,26,MQ,DCA,72.0,85.0,13.0
2013,7,26,MQ,CLT,67.0,119.0,52.0
2013,7,26,EV,IAD,141.0,143.0,2.0
2013,7,26,US,PHL,56.0,60.0,4.0
2013,7,26,WN,STL,46.0,60.0,14.0
2013,7,26,EV,CHS,103.0,111.0,8.0
2013,7,26,UA,SFO,65.0,70.0,5.0
2013,7,26,DL,PBI,142.0,154.0,12.0
2013,7,26,DL,MSP,47.0,79.0,32.0
2013,7,26,EV,GRR,77.0,73.0,-4.0
2013,7,26,AA,DFW,80.0,99.0,19.0
2013,7,26,DL,ATL,86.0,82.0,-4.0
2013,7,26,MQ,ATL,75.0,95.0,20.0
2013,7,26,B6,TPA,66.0,70.0,4.0
2013,7,26,EV,MSY,94.0,92.0,-2.0
2013,7,26,EV,STL,95.0,106.0,11.0
2013,7,26,MQ,RDU,76.0,73.0,-3.0
2013,7,26,9E,CLE,186.0,166.0,-20.0
2013,7,26,EV,RIC,90.0,88.0,-2.0
2013,7,26,EV,MSP,59.0,82.0,23.0
2013,7,26,DL,ATL,14.0,75.0,61.0
2013,7,26,UA,DEN,24.0,68.0,44.0
2013,7,26,UA,SFO,42.0,66.0,24.0
2013,7,26,UA,SAN,61.0,64.0,3.0
2013,7,26,DL,DTW,80.0,74.0,-6.0
2013,7,26,AA,LAS,104.0,74.0,-30.0
2013,7,26,EV,MKE,92.0,92.0,0.0
2013,7,26,AA,LAX,134.0,129.0,-5.0
2013,7,26,MQ,CMH,91.0,90.0,-1.0
2013,7,26,EV,STL,145.0,158.0,13.0
2013,7,26,DL,ATL,79.0,101.0,22.0
2013,7,26,EV,BGR,70.0,102.0,32.0
2013,7,26,UA,DEN,260.0,280.0,20.0
2013,7,26,DL,ATL,46.0,61.0,15.0
2013,7,26,UA,MIA,82.0,93.0,11.0
2013,7,26,DL,MIA,107.0,68.0,-39.0
2013,7,26,EV,ORF,184.0,181.0,-3.0
2013,7,26,EV,RIC,83.0,79.0,-4.0
2013,7,26,9E,MSP,135.0,101.0,-34.0
2013,7,26,EV,CLT,104.0,86.0,-18.0
2013,7,26,9E,MSY,92.0,63.0,-29.0
2013,7,26,EV,OMA,70.0,69.0,-1.0
2013,7,26,UA,AUS,62.0,84.0,22.0
2013,7,26,EV,RIC,83.0,88.0,5.0
2013,7,26,DL,LAS,104.0,104.0,0.0
2013,7,26,B6,BUF,139.0,127.0,-12.0
2013,7,26,EV,CLT,131.0,99.0,-32.0
2013,7,26,UA,CLE,483.0,455.0,-28.0
2013,7,26,EV,SDF,145.0,126.0,-19.0
2013,7,27,B6,LAX,115.0,115.0,0.0
2013,7,27,UA,IAH,105.0,112.0,7.0
2013,7,27,US,PHX,110.0,96.0,-14.0
2013,7,27,UA,SFO,69.0,63.0,-6.0
2013,7,27,B6,SYR,185.0,172.0,-13.0
2013,7,27,US,CLT,-4.0,91.0,95.0
2013,7,27,US,CLT,65.0,140.0,75.0
2013,7,27,EV,ATL,112.0,106.0,-6.0
2013,7,27,US,CLT,77.0,69.0,-8.0
2013,7,27,UA,MCO,98.0,77.0,-21.0
2013,7,27,B6,ROC,72.0,61.0,-11.0
2013,7,27,EV,IAD,536.0,577.0,41.0
2013,7,27,EV,CLT,126.0,125.0,-1.0
2013,7,27,DL,ATL,77.0,73.0,-4.0
2013,7,27,WN,PHX,109.0,111.0,2.0
2013,7,27,FL,ATL,126.0,126.0,0.0
2013,7,27,US,CLT,87.0,76.0,-11.0
2013,7,27,US,CLT,84.0,107.0,23.0
2013,7,27,MQ,CLT,168.0,204.0,36.0
2013,7,27,DL,DTW,34.0,89.0,55.0
2013,7,27,9E,CLT,134.0,129.0,-5.0
2013,7,27,US,CLT,90.0,82.0,-8.0
2013,7,27,DL,PDX,75.0,82.0,7.0
2013,7,27,MQ,DCA,136.0,137.0,1.0
2013,7,27,WN,DEN,118.0,133.0,15.0
2013,7,27,MQ,CLT,80.0,88.0,8.0
2013,7,27,UA,IAH,67.0,60.0,-7.0
2013,7,27,EV,IAD,107.0,92.0,-15.0
2013,7,27,US,CLT,71.0,76.0,5.0
2013,7,27,VX,SFO,138.0,127.0,-11.0
2013,7,27,UA,SAN,105.0,88.0,-17.0
2013,7,27,EV,ATL,431.0,454.0,23.0
2013,7,27,US,CLT,188.0,167.0,-21.0
2013,7,27,B6,CLT,202.0,192.0,-10.0
2013,7,27,US,CLT,113.0,90.0,-23.0
2013,7,27,DL,MSP,122.0,85.0,-37.0
2013,7,27,B6,SJC,110.0,115.0,5.0
2013,7,27,9E,MSY,78.0,89.0,11.0
2013,7,27,9E,JAX,86.0,99.0,13.0
2013,7,27,DL,SLC,101.0,98.0,-3.0
2013,7,27,B6,FLL,159.0,152.0,-7.0
2013,7,28,MQ,CVG,486.0,496.0,10.0
2013,7,28,WN,MDW,194.0,162.0,-32.0
2013,7,28,UA,PBI,304.0,306.0,2.0
2013,7,28,UA,LAX,288.0,292.0,4.0
2013,7,28,EV,BTV,113.0,125.0,12.0
2013,7,28,AA,DFW,381.0,364.0,-17.0
2013,7,28,DL,FLL,290.0,313.0,23.0
2013,7,28,EV,OKC,280.0,262.0,-18.0
2013,7,28,DL,TPA,292.0,287.0,-5.0
2013,7,28,DL,MCO,299.0,286.0,-13.0
2013,7,28,B6,BOS,84.0,82.0,-2.0
2013,7,28,WN,MDW,244.0,220.0,-24.0
2013,7,28,US,BOS,216.0,216.0,0.0
2013,7,28,DL,ATL,290.0,274.0,-16.0
2013,7,28,EV,MHT,141.0,142.0,1.0
2013,7,28,UA,IAH,348.0,324.0,-24.0
2013,7,28,EV,MHT,207.0,183.0,-24.0
2013,7,28,DL,PIT,293.0,275.0,-18.0
2013,7,28,DL,MIA,340.0,318.0,-22.0
2013,7,28,B6,BQN,69.0,63.0,-6.0
2013,7,28,B6,BTV,162.0,156.0,-6.0
2013,7,28,UA,FLL,277.0,258.0,-19.0
2013,7,28,DL,ATL,346.0,323.0,-23.0
2013,7,28,B6,FLL,370.0,361.0,-9.0
2013,7,28,B6,ROC,197.0,184.0,-13.0
2013,7,28,B6,MCO,309.0,299.0,-10.0
2013,7,28,EV,CVG,320.0,305.0,-15.0
2013,7,28,US,DCA,314.0,305.0,-9.0
2013,7,28,B6,SFO,53.0,63.0,10.0
2013,7,28,EV,IAD,66.0,65.0,-1.0
2013,7,28,WN,MDW,117.0,92.0,-25.0
2013,7,28,EV,DCA,-4.0,104.0,108.0
2013,7,28,US,PHL,-3.0,100.0,103.0
2013,7,28,MQ,RDU,0.0,67.0,67.0
2013,7,28,EV,MEM,-1.0,114.0,115.0
2013,7,28,AA,MIA,-3.0,73.0,76.0
2013,7,28,DL,MCO,-4.0,105.0,109.0
2013,7,28,MQ,CLT,6.0,85.0,79.0
2013,7,28,DL,MIA,103.0,105.0,2.0
2013,7,28,UA,LAX,-4.0,102.0,106.0
2013,7,28,B6,HOU,-6.0,72.0,78.0
2013,7,28,9E,CLT,6.0,77.0,71.0
2013,7,28,DL,MCO,0.0,73.0,73.0
2013,7,28,AA,STL,2.0,113.0,111.0
2013,7,28,DL,LAS,4.0,60.0,56.0
2013,7,28,EV,MSY,121.0,143.0,22.0
2013,7,28,EV,MKE,6.0,112.0,106.0
2013,7,28,9E,IAD,40.0,61.0,21.0
2013,7,28,DL,DTW,52.0,62.0,10.0
2013,7,28,DL,LAX,8.0,70.0,62.0
2013,7,28,MQ,CLT,23.0,95.0,72.0
2013,7,28,AA,SFO,22.0,76.0,54.0
2013,7,28,UA,SFO,12.0,90.0,78.0
2013,7,28,AA,LAX,10.0,73.0,63.0
2013,7,28,DL,SFO,-1.0,89.0,90.0
2013,7,28,UA,DEN,49.0,80.0,31.0
2013,7,28,DL,SLC,27.0,95.0,68.0
2013,7,28,9E,MKE,-3.0,90.0,93.0
2013,7,28,UA,CLE,28.0,90.0,62.0
2013,7,28,DL,PDX,13.0,78.0,65.0
2013,7,28,DL,ATL,3.0,63.0,60.0
2013,7,28,B6,RSW,50.0,60.0,10.0
2013,7,28,UA,SFO,13.0,69.0,56.0
2013,7,28,9E,MSP,35.0,96.0,61.0
2013,7,28,B6,LAX,4.0,75.0,71.0
2013,7,28,DL,MEM,-5.0,73.0,78.0
2013,7,28,B6,BUF,11.0,67.0,56.0
2013,7,28,B6,SAN,11.0,95.0,84.0
2013,7,28,DL,MSP,33.0,75.0,42.0
2013,7,28,B6,CLT,-3.0,78.0,81.0
2013,7,28,EV,SAV,51.0,81.0,30.0
2013,7,28,B6,FLL,151.0,176.0,25.0
2013,7,28,B6,FLL,31.0,60.0,29.0
2013,7,28,EV,MSP,-10.0,76.0,86.0
2013,7,28,9E,CVG,3.0,98.0,95.0
2013,7,28,B6,SYR,-1.0,88.0,89.0
2013,7,28,UA,AUS,89.0,123.0,34.0
2013,7,28,DL,SAN,1.0,75.0,74.0
2013,7,28,B6,RDU,-3.0,76.0,79.0
2013,7,28,B6,OAK,-1.0,129.0,130.0
2013,7,28,DL,MIA,87.0,68.0,-19.0
2013,7,28,EV,IAD,13.0,77.0,64.0
2013,7,28,AA,LAX,2.0,97.0,95.0
2013,7,28,MQ,DCA,0.0,93.0,93.0
2013,7,28,AA,AUS,1.0,76.0,75.0
2013,7,28,DL,LAX,22.0,144.0,122.0
2013,7,28,MQ,BNA,43.0,99.0,56.0
2013,7,28,US,PHX,56.0,126.0,70.0
2013,7,28,UA,LAS,17.0,64.0,47.0
2013,7,28,DL,SFO,-3.0,92.0,95.0
2013,7,28,EV,CHS,1.0,64.0,63.0
2013,7,28,B6,MVY,-1.0,62.0,63.0
2013,7,28,UA,IAH,155.0,164.0,9.0
2013,7,28,B6,SEA,0.0,113.0,113.0
2013,7,28,DL,AUS,100.0,191.0,91.0
2013,7,28,MQ,DTW,69.0,66.0,-3.0
2013,7,28,UA,PHX,30.0,84.0,54.0
2013,7,28,VX,LAX,46.0,106.0,60.0
2013,7,28,MQ,IND,132.0,214.0,82.0
2013,7,28,B6,BOS,71.0,117.0,46.0
2013,7,28,UA,SAN,162.0,258.0,96.0
2013,7,28,AA,SAN,15.0,116.0,101.0
2013,7,28,B6,ORD,116.0,163.0,47.0
2013,7,28,WN,PHX,260.0,363.0,103.0
2013,7,28,B6,IAD,11.0,83.0,72.0
2013,7,28,B6,BUR,15.0,161.0,146.0
2013,7,28,B6,PBI,-2.0,75.0,77.0
2013,7,28,DL,MIA,-2.0,67.0,69.0
2013,7,28,EV,ROC,98.0,173.0,75.0
2013,7,28,9E,DFW,202.0,268.0,66.0
2013,7,28,UA,ORD,78.0,132.0,54.0
2013,7,28,DL,ATL,22.0,120.0,98.0
2013,7,28,UA,LAX,93.0,157.0,64.0
2013,7,28,US,CLT,1.0,67.0,66.0
2013,7,28,DL,LAX,18.0,80.0,62.0
2013,7,28,9E,DTW,16.0,83.0,67.0
2013,7,28,UA,SFO,0.0,82.0,82.0
2013,7,28,UA,SFO,87.0,183.0,96.0
2013,7,28,EV,GRR,185.0,246.0,61.0
2013,7,28,DL,DTW,139.0,138.0,-1.0
2013,7,28,B6,BUF,11.0,85.0,74.0
2013,7,28,UA,ORD,24.0,87.0,63.0
2013,7,28,9E,CLE,236.0,336.0,100.0
2013,7,28,B6,SFO,52.0,132.0,80.0
2013,7,28,WN,MDW,53.0,115.0,62.0
2013,7,28,WN,STL,180.0,172.0,-8.0
2013,7,28,DL,ATL,118.0,94.0,-24.0
2013,7,28,DL,SFO,-2.0,103.0,105.0
2013,7,28,UA,LAX,78.0,117.0,39.0
2013,7,28,DL,MCO,0.0,69.0,69.0
2013,7,28,VX,LAX,5.0,63.0,58.0
2013,7,28,UA,SNA,31.0,95.0,64.0
2013,7,28,UA,SFO,108.0,178.0,70.0
2013,7,28,EV,CVG,111.0,174.0,63.0
2013,7,28,WN,MDW,143.0,137.0,-6.0
2013,7,28,DL,PHX,27.0,115.0,88.0
2013,7,28,F9,DEN,110.0,91.0,-19.0
2013,7,28,WN,MDW,234.0,278.0,44.0
2013,7,28,DL,DEN,100.0,89.0,-11.0
2013,7,28,WN,MSY,56.0,83.0,27.0
2013,7,28,B6,SLC,-1.0,60.0,61.0
2013,7,28,US,PHX,155.0,236.0,81.0
2013,7,28,B6,SJC,42.0,90.0,48.0
2013,7,28,EV,CMH,245.0,302.0,57.0
2013,7,28,AA,IAH,127.0,156.0,29.0
2013,7,28,UA,BOS,120.0,133.0,13.0
2013,7,28,9E,PIT,40.0,63.0,23.0
2013,7,28,EV,BNA,147.0,170.0,23.0
2013,7,28,UA,LAX,120.0,153.0,33.0
2013,7,28,MQ,BNA,86.0,76.0,-10.0
2013,7,28,AA,SFO,122.0,168.0,46.0
2013,7,28,B6,LAS,58.0,101.0,43.0
2013,7,28,UA,SFO,107.0,150.0,43.0
2013,7,28,EV,MEM,205.0,233.0,28.0
2013,7,28,EV,BNA,282.0,292.0,10.0
2013,7,28,EV,DAY,238.0,248.0,10.0
2013,7,28,MQ,CMH,262.0,301.0,39.0
2013,7,28,B6,SMF,27.0,66.0,39.0
2013,7,28,UA,SFO,282.0,327.0,45.0
2013,7,28,MQ,BWI,100.0,139.0,39.0
2013,7,28,B6,MCO,58.0,79.0,21.0
2013,7,28,UA,TPA,96.0,80.0,-16.0
2013,7,28,AA,LAX,110.0,122.0,12.0
2013,7,28,B6,TPA,51.0,87.0,36.0
2013,7,28,B6,LGB,120.0,193.0,73.0
2013,7,28,VX,SFO,91.0,145.0,54.0
2013,7,28,B6,FLL,87.0,119.0,32.0
2013,7,28,UA,LAS,59.0,81.0,22.0
2013,7,28,DL,SAT,80.0,137.0,57.0
2013,7,28,DL,SLC,57.0,98.0,41.0
2013,7,28,EV,CVG,278.0,301.0,23.0
2013,7,28,UA,LAS,350.0,380.0,30.0
2013,7,28,UA,SFO,127.0,193.0,66.0
2013,7,28,B6,ABQ,31.0,117.0,86.0
2013,7,28,DL,DEN,99.0,164.0,65.0
2013,7,28,B6,PHX,14.0,130.0,116.0
2013,7,28,B6,TPA,262.0,243.0,-19.0
2013,7,28,AA,SEA,128.0,143.0,15.0
2013,7,28,DL,PDX,106.0,81.0,-25.0
2013,7,28,B6,ORD,41.0,85.0,44.0
2013,7,28,UA,DEN,219.0,218.0,-1.0
2013,7,28,UA,DEN,60.0,62.0,2.0
2013,7,28,EV,RIC,111.0,127.0,16.0
2013,7,28,B6,PDX,0.0,66.0,66.0
2013,7,28,DL,LAS,104.0,148.0,44.0
2013,7,28,B6,ROC,31.0,67.0,36.0
2013,7,28,UA,IAH,211.0,201.0,-10.0
2013,7,28,EV,IAD,94.0,190.0,96.0
2013,7,28,EV,DTW,92.0,94.0,2.0
2013,7,28,VX,SFO,218.0,239.0,21.0
2013,7,28,B6,BOS,222.0,243.0,21.0
2013,7,28,UA,SFO,103.0,99.0,-4.0
2013,7,28,UA,IAH,74.0,83.0,9.0
2013,7,28,AA,BOS,115.0,150.0,35.0
2013,7,28,DL,SEA,136.0,176.0,40.0
2013,7,28,FL,ATL,137.0,126.0,-11.0
2013,7,28,B6,AUS,53.0,140.0,87.0
2013,7,28,UA,SAN,104.0,96.0,-8.0
2013,7,28,B6,PWM,244.0,294.0,50.0
2013,7,28,MQ,ORD,339.0,369.0,30.0
2013,7,28,9E,IAD,59.0,118.0,59.0
2013,7,28,UA,LAX,179.0,183.0,4.0
2013,7,28,B6,DEN,8.0,63.0,55.0
2013,7,28,VX,LAX,92.0,169.0,77.0
2013,7,28,EV,MHT,101.0,79.0,-22.0
2013,7,28,B6,BUF,27.0,76.0,49.0
2013,7,28,EV,MKE,218.0,237.0,19.0
2013,7,28,UA,LAX,44.0,60.0,16.0
2013,7,28,B6,FLL,10.0,94.0,84.0
2013,7,28,US,CLT,280.0,260.0,-20.0
2013,7,28,MQ,CMH,226.0,266.0,40.0
2013,7,28,B6,LAX,59.0,162.0,103.0
2013,7,28,UA,CLE,93.0,104.0,11.0
2013,7,28,9E,ORD,170.0,210.0,40.0
2013,7,28,US,CLT,180.0,169.0,-11.0
2013,7,28,US,CLT,206.0,215.0,9.0
2013,7,28,WN,STL,261.0,260.0,-1.0
2013,7,28,B6,FLL,207.0,218.0,11.0
2013,7,28,EV,CLE,119.0,115.0,-4.0
2013,7,28,UA,FLL,122.0,150.0,28.0
2013,7,28,AA,MIA,123.0,96.0,-27.0
2013,7,28,MQ,CMH,148.0,186.0,38.0
2013,7,28,AA,LAX,169.0,197.0,28.0
2013,7,28,EV,OMA,102.0,107.0,5.0
2013,7,28,9E,MSY,160.0,220.0,60.0
2013,7,28,DL,SJU,56.0,93.0,37.0
2013,7,28,MQ,RDU,136.0,162.0,26.0
2013,7,28,MQ,RDU,135.0,139.0,4.0
2013,7,28,MQ,DTW,96.0,88.0,-8.0
2013,7,28,EV,IAD,167.0,177.0,10.0
2013,7,28,B6,SJU,79.0,129.0,50.0
2013,7,28,UA,BOS,75.0,62.0,-13.0
2013,7,28,WN,HOU,312.0,314.0,2.0
2013,7,28,EV,CHS,84.0,93.0,9.0
2013,7,28,UA,BOS,184.0,191.0,7.0
2013,7,28,DL,MSY,244.0,251.0,7.0
2013,7,28,B6,LAS,55.0,98.0,43.0
2013,7,28,UA,ORD,208.0,168.0,-40.0
2013,7,28,B6,TPA,39.0,79.0,40.0
2013,7,28,B6,BOS,112.0,123.0,11.0
2013,7,28,DL,MSP,246.0,222.0,-24.0
2013,7,28,UA,LAX,140.0,196.0,56.0
2013,7,28,B6,JAX,79.0,129.0,50.0
2013,7,28,B6,MCO,63.0,104.0,41.0
2013,7,28,EV,TYS,196.0,185.0,-11.0
2013,7,28,B6,LAX,10.0,83.0,73.0
2013,7,28,DL,LAS,102.0,147.0,45.0
2013,7,28,UA,MIA,160.0,153.0,-7.0
2013,7,28,AA,DFW,219.0,195.0,-24.0
2013,7,28,UA,ORD,170.0,139.0,-31.0
2013,7,28,B6,SJU,32.0,61.0,29.0
2013,7,28,AA,LAX,74.0,129.0,55.0
2013,7,28,EV,TUL,181.0,172.0,-9.0
2013,7,28,AA,ORD,198.0,164.0,-34.0
2013,7,28,UA,MIA,256.0,252.0,-4.0
2013,7,28,B6,PWM,33.0,69.0,36.0
2013,7,28,UA,IAH,115.0,113.0,-2.0
2013,7,28,AA,ORD,243.0,209.0,-34.0
2013,7,28,B6,MSY,126.0,165.0,39.0
2013,7,28,UA,SJU,205.0,191.0,-14.0
2013,7,28,AA,ORD,287.0,247.0,-40.0
2013,7,28,WN,BNA,317.0,295.0,-22.0
2013,7,28,MQ,DCA,113.0,142.0,29.0
2013,7,28,EV,ORF,102.0,96.0,-6.0
2013,7,28,DL,LAX,160.0,167.0,7.0
2013,7,28,DL,ATL,325.0,300.0,-25.0
2013,7,28,B6,BUF,51.0,80.0,29.0
2013,7,28,UA,SEA,247.0,220.0,-27.0
2013,7,28,UA,SAT,184.0,162.0,-22.0
2013,7,28,DL,ATL,294.0,298.0,4.0
2013,7,28,UA,AUS,178.0,163.0,-15.0
2013,7,28,DL,ATL,181.0,205.0,24.0
2013,7,29,B6,BOS,245.0,229.0,-16.0
2013,7,29,DL,MEM,97.0,95.0,-2.0
2013,7,29,UA,SFO,110.0,122.0,12.0
2013,7,29,AA,MIA,97.0,104.0,7.0
2013,7,29,UA,FLL,86.0,98.0,12.0
2013,7,29,B6,SJU,55.0,66.0,11.0
2013,7,29,B6,PBI,96.0,106.0,10.0
2013,7,29,EV,DTW,75.0,81.0,6.0
2013,7,29,WN,HOU,124.0,111.0,-13.0
2013,7,29,DL,SAN,86.0,84.0,-2.0
2013,7,29,US,CLT,98.0,84.0,-14.0
2013,7,29,DL,SJU,75.0,93.0,18.0
2013,7,29,B6,MCO,19.0,65.0,46.0
2013,7,29,WN,MDW,158.0,135.0,-23.0
2013,7,29,UA,MCO,113.0,81.0,-32.0
2013,7,29,EV,DTW,89.0,65.0,-24.0
2013,7,29,US,CLT,166.0,175.0,9.0
2013,7,29,UA,IAH,129.0,114.0,-15.0
2013,7,29,MQ,BNA,87.0,102.0,15.0
2013,7,29,UA,LAX,69.0,67.0,-2.0
2013,7,29,MQ,DTW,63.0,70.0,7.0
2013,7,29,EV,CLT,134.0,151.0,17.0
2013,7,29,UA,SFO,78.0,73.0,-5.0
2013,7,29,EV,MEM,84.0,104.0,20.0
2013,7,29,UA,IAH,289.0,312.0,23.0
2013,7,29,MQ,ORD,260.0,259.0,-1.0
2013,7,29,UA,IAH,119.0,122.0,3.0
2013,7,29,MQ,ORD,93.0,85.0,-8.0
2013,7,29,MQ,MSP,68.0,89.0,21.0
2013,7,29,MQ,DCA,62.0,60.0,-2.0
2013,7,29,UA,ORD,74.0,87.0,13.0
2013,7,29,EV,BTV,80.0,92.0,12.0
2013,7,29,UA,MCO,111.0,107.0,-4.0
2013,7,29,MQ,RDU,6.0,91.0,85.0
2013,7,29,MQ,DCA,155.0,154.0,-1.0
2013,7,29,MQ,CMH,44.0,82.0,38.0
2013,7,29,DL,ATL,101.0,134.0,33.0
2013,7,29,F9,DEN,39.0,77.0,38.0
2013,7,29,EV,GSO,36.0,72.0,36.0
2013,7,29,AA,ORD,78.0,86.0,8.0
2013,7,29,B6,FLL,59.0,85.0,26.0
2013,7,29,EV,STL,72.0,65.0,-7.0
2013,7,29,UA,LAX,106.0,92.0,-14.0
2013,7,29,MQ,CLT,89.0,80.0,-9.0
2013,7,29,B6,FLL,129.0,136.0,7.0
2013,7,29,9E,MSP,70.0,69.0,-1.0
2013,7,29,UA,FLL,141.0,150.0,9.0
2013,7,29,MQ,DCA,125.0,118.0,-7.0
2013,7,29,UA,CLE,95.0,99.0,4.0
2013,7,29,UA,DEN,383.0,394.0,11.0
2013,7,29,EV,PIT,101.0,76.0,-25.0
2013,7,29,AA,DFW,51.0,63.0,12.0
2013,7,29,DL,ATL,314.0,292.0,-22.0
2013,7,29,B6,TPA,119.0,100.0,-19.0
2013,7,29,VX,SFO,118.0,177.0,59.0
2013,7,29,F9,DEN,76.0,70.0,-6.0
2013,7,29,WN,MDW,128.0,127.0,-1.0
2013,7,29,UA,SFO,60.0,76.0,16.0
2013,7,29,B6,MCO,122.0,109.0,-13.0
2013,7,29,EV,CLT,270.0,252.0,-18.0
2013,7,29,AA,SFO,96.0,103.0,7.0
2013,7,29,MQ,CMH,98.0,72.0,-26.0
2013,7,29,VX,SFO,130.0,158.0,28.0
2013,7,29,UA,IAH,142.0,140.0,-2.0
2013,7,29,MQ,MSP,65.0,61.0,-4.0
2013,7,29,UA,MIA,84.0,93.0,9.0
2013,7,29,AA,STL,100.0,94.0,-6.0
2013,7,29,UA,DEN,125.0,111.0,-14.0
2013,7,29,DL,TPA,84.0,68.0,-16.0
2013,7,29,VX,SFO,119.0,140.0,21.0
2013,7,29,DL,FLL,87.0,74.0,-13.0
2013,7,29,B6,SFO,187.0,185.0,-2.0
2013,7,29,9E,MSY,106.0,63.0,-43.0
2013,7,29,DL,MIA,116.0,81.0,-35.0
2013,7,29,B6,FLL,152.0,128.0,-24.0
2013,7,29,DL,PHX,171.0,141.0,-30.0
2013,7,29,UA,CLE,81.0,65.0,-16.0
2013,7,29,DL,ATL,344.0,307.0,-37.0
2013,7,29,B6,SFO,76.0,90.0,14.0
2013,7,29,B6,PHX,85.0,101.0,16.0
2013,7,29,B6,BUF,206.0,185.0,-21.0
2013,7,29,DL,PDX,190.0,190.0,0.0
2013,7,29,DL,MCO,271.0,246.0,-25.0
2013,7,29,MQ,CLT,96.0,80.0,-16.0
2013,7,29,B6,SJU,97.0,98.0,1.0
2013,7,29,B6,FLL,68.0,64.0,-4.0
2013,7,29,EV,TUL,164.0,150.0,-14.0
2013,7,29,B6,FLL,104.0,99.0,-5.0
2013,7,30,EV,SDF,72.0,90.0,18.0
2013,7,30,UA,SFO,55.0,66.0,11.0
2013,7,30,MQ,CMH,80.0,89.0,9.0
2013,7,30,US,CLT,134.0,131.0,-3.0
2013,7,30,B6,BOS,107.0,104.0,-3.0
2013,7,30,VX,SFO,98.0,104.0,6.0
2013,7,30,UA,LAX,195.0,209.0,14.0
2013,7,30,VX,SFO,364.0,354.0,-10.0
2013,7,30,MQ,RDU,62.0,66.0,4.0
2013,7,30,9E,BUF,83.0,75.0,-8.0
2013,7,30,EV,CLT,105.0,90.0,-15.0
2013,7,30,EV,DTW,196.0,180.0,-16.0
2013,7,30,FL,ATL,91.0,73.0,-18.0
2013,7,30,EV,CVG,76.0,66.0,-10.0
2013,7,30,EV,DCA,68.0,64.0,-4.0
2013,7,30,B6,MSY,81.0,76.0,-5.0
2013,7,30,EV,IAD,103.0,93.0,-10.0
2013,7,30,UA,LAX,81.0,102.0,21.0
2013,7,30,EV,SDF,88.0,84.0,-4.0
2013,7,30,EV,BNA,114.0,110.0,-4.0
2013,7,30,B6,TPA,59.0,75.0,16.0
2013,7,30,US,DCA,68.0,81.0,13.0
2013,7,30,UA,ORD,91.0,90.0,-1.0
2013,7,30,UA,SFO,10.0,73.0,63.0
2013,7,30,EV,DTW,67.0,60.0,-7.0
2013,7,30,US,PHX,122.0,117.0,-5.0
2013,7,30,EV,CHS,99.0,87.0,-12.0
2013,7,30,AA,SFO,109.0,97.0,-12.0
2013,7,30,EV,MCI,80.0,66.0,-14.0
2013,7,30,B6,IAD,141.0,118.0,-23.0
2013,7,30,B6,SFO,142.0,128.0,-14.0
2013,7,30,UA,SFO,112.0,101.0,-11.0
2013,7,30,EV,IAD,81.0,82.0,1.0
2013,7,30,VX,SFO,270.0,273.0,3.0
2013,7,30,UA,SEA,127.0,94.0,-33.0
2013,7,30,VX,SFO,172.0,201.0,29.0
2013,7,30,EV,CLT,162.0,121.0,-41.0
2013,7,30,VX,SFO,276.0,267.0,-9.0
2013,7,30,EV,CVG,80.0,61.0,-19.0
2013,7,30,B6,ABQ,125.0,118.0,-7.0
2013,7,30,9E,BOS,198.0,153.0,-45.0
2013,7,30,B6,MCO,72.0,64.0,-8.0
2013,7,31,B6,PSE,93.0,80.0,-13.0
2013,7,31,B6,BOS,196.0,202.0,6.0
2013,7,31,UA,SFO,62.0,86.0,24.0
2013,7,31,VX,SFO,58.0,61.0,3.0
2013,7,31,MQ,RDU,186.0,176.0,-10.0
2013,7,31,VX,SFO,78.0,64.0,-14.0
2013,7,31,UA,SFO,59.0,73.0,14.0
2013,7,31,MQ,ATL,53.0,63.0,10.0
2013,7,31,B6,PBI,65.0,61.0,-4.0
2013,7,31,AA,LAX,74.0,73.0,-1.0
2013,7,31,EV,MSP,104.0,86.0,-18.0
2013,7,31,AA,SFO,293.0,317.0,24.0
2013,7,31,9E,BWI,53.0,60.0,7.0
2013,7,31,EV,DCA,73.0,60.0,-13.0
2013,7,31,B6,MSY,79.0,85.0,6.0
2013,7,31,9E,DCA,94.0,65.0,-29.0
2013,7,31,B6,SJU,117.0,100.0,-17.0
2013,7,31,EV,MKE,89.0,88.0,-1.0
2013,7,31,AA,ORD,97.0,74.0,-23.0
2013,7,31,EV,MEM,82.0,69.0,-13.0
2013,7,31,F9,DEN,35.0,75.0,40.0
2013,7,31,UA,LAX,75.0,105.0,30.0
2013,7,31,UA,IAH,180.0,178.0,-2.0
2013,7,31,EV,MCI,37.0,71.0,34.0
2013,7,31,UA,DEN,142.0,127.0,-15.0
2013,7,31,B6,BUF,81.0,61.0,-20.0
2013,7,31,UA,SFO,233.0,241.0,8.0
2013,7,31,UA,SFO,124.0,116.0,-8.0
2013,7,31,9E,DTW,136.0,125.0,-11.0
2013,7,31,DL,MIA,144.0,126.0,-18.0
2013,7,31,EV,TYS,93.0,86.0,-7.0
2013,7,31,B6,ORD,119.0,94.0,-25.0
2013,7,31,B6,AUS,100.0,114.0,14.0
2013,7,31,9E,DCA,112.0,88.0,-24.0
2013,7,31,EV,DTW,170.0,148.0,-22.0
2013,7,31,DL,PBI,471.0,449.0,-22.0
2013,7,31,B6,DEN,77.0,61.0,-16.0
2013,7,31,B6,PDX,154.0,143.0,-11.0
2013,8,1,B6,FLL,162.0,163.0,1.0
2013,8,1,B6,MCO,156.0,145.0,-11.0
2013,8,1,B6,PDX,215.0,215.0,0.0
2013,8,1,B6,SJU,122.0,106.0,-16.0
2013,8,1,B6,LAX,119.0,127.0,8.0
2013,8,1,B6,PWM,112.0,100.0,-12.0
2013,8,1,B6,BOS,105.0,101.0,-4.0
2013,8,1,B6,BUF,122.0,106.0,-16.0
2013,8,1,B6,SYR,141.0,120.0,-21.0
2013,8,1,DL,TPA,-6.0,73.0,79.0
2013,8,1,B6,RSW,34.0,69.0,35.0
2013,8,1,UA,MIA,21.0,96.0,75.0
2013,8,1,DL,LAS,51.0,60.0,9.0
2013,8,1,EV,CLT,-6.0,60.0,66.0
2013,8,1,B6,SJU,108.0,135.0,27.0
2013,8,1,EV,DTW,209.0,219.0,10.0
2013,8,1,B6,FLL,15.0,77.0,62.0
2013,8,1,EV,IAD,-3.0,85.0,88.0
2013,8,1,9E,DCA,78.0,92.0,14.0
2013,8,1,EV,CHS,5.0,72.0,67.0
2013,8,1,B6,LAS,39.0,67.0,28.0
2013,8,1,DL,MSP,77.0,64.0,-13.0
2013,8,1,AA,MIA,80.0,113.0,33.0
2013,8,1,US,DCA,-1.0,60.0,61.0
2013,8,1,MQ,CMH,55.0,70.0,15.0
2013,8,1,UA,TPA,137.0,152.0,15.0
2013,8,1,B6,IAD,46.0,87.0,41.0
2013,8,1,9E,BWI,41.0,60.0,19.0
2013,8,1,DL,FLL,74.0,72.0,-2.0
2013,8,1,MQ,RDU,45.0,68.0,23.0
2013,8,1,WN,BNA,161.0,142.0,-19.0
2013,8,1,B6,LAX,137.0,136.0,-1.0
2013,8,1,B6,RSW,102.0,111.0,9.0
2013,8,1,UA,HNL,93.0,66.0,-27.0
2013,8,1,EV,DAY,184.0,173.0,-11.0
2013,8,1,MQ,ORD,98.0,85.0,-13.0
2013,8,1,DL,MCO,109.0,98.0,-11.0
2013,8,1,EV,RIC,155.0,157.0,2.0
2013,8,1,EV,BNA,183.0,191.0,8.0
2013,8,1,US,DCA,110.0,103.0,-7.0
2013,8,1,EV,MCI,115.0,104.0,-11.0
2013,8,1,UA,ORD,65.0,61.0,-4.0
2013,8,1,EV,MSN,113.0,111.0,-2.0
2013,8,1,MQ,RDU,79.0,112.0,33.0
2013,8,1,DL,ATL,121.0,113.0,-8.0
2013,8,1,EV,CVG,131.0,131.0,0.0
2013,8,1,UA,RSW,79.0,75.0,-4.0
2013,8,1,FL,ATL,193.0,208.0,15.0
2013,8,1,AA,DFW,204.0,211.0,7.0
2013,8,1,UA,SFO,179.0,178.0,-1.0
2013,8,1,EV,DTW,94.0,93.0,-1.0
2013,8,1,FL,CAK,126.0,114.0,-12.0
2013,8,1,US,CLT,98.0,104.0,6.0
2013,8,1,DL,ATL,54.0,66.0,12.0
2013,8,1,EV,BNA,81.0,88.0,7.0
2013,8,1,DL,MCO,93.0,76.0,-17.0
2013,8,1,AA,DFW,111.0,110.0,-1.0
2013,8,1,EV,MSY,59.0,62.0,3.0
2013,8,1,US,PHX,175.0,179.0,4.0
2013,8,1,EV,CLT,115.0,117.0,2.0
2013,8,1,US,CLT,136.0,143.0,7.0
2013,8,1,9E,CLE,135.0,115.0,-20.0
2013,8,1,EV,CLT,137.0,132.0,-5.0
2013,8,1,WN,MDW,104.0,95.0,-9.0
2013,8,1,B6,FLL,155.0,142.0,-13.0
2013,8,1,AA,MIA,147.0,146.0,-1.0
2013,8,1,DL,TPA,114.0,122.0,8.0
2013,8,1,DL,MSP,167.0,153.0,-14.0
2013,8,1,EV,STL,87.0,90.0,3.0
2013,8,1,MQ,ATL,179.0,232.0,53.0
2013,8,1,AA,LAX,104.0,88.0,-16.0
2013,8,1,EV,GSO,185.0,220.0,35.0
2013,8,1,DL,PBI,171.0,195.0,24.0
2013,8,1,9E,MSP,93.0,94.0,1.0
2013,8,1,B6,TPA,125.0,138.0,13.0
2013,8,1,US,PHX,41.0,62.0,21.0
2013,8,1,AA,MIA,78.0,67.0,-11.0
2013,8,1,B6,RSW,123.0,113.0,-10.0
2013,8,1,UA,CLE,118.0,92.0,-26.0
2013,8,1,EV,ATL,176.0,182.0,6.0
2013,8,1,9E,SDF,99.0,76.0,-23.0
2013,8,1,B6,BOS,79.0,70.0,-9.0
2013,8,1,EV,DCA,2.0,68.0,66.0
2013,8,1,EV,CHS,31.0,99.0,68.0
2013,8,1,AA,LAX,48.0,89.0,41.0
2013,8,1,B6,PBI,118.0,168.0,50.0
2013,8,1,DL,PDX,120.0,121.0,1.0
2013,8,1,B6,TPA,105.0,155.0,50.0
2013,8,1,MQ,BNA,91.0,103.0,12.0
2013,8,1,DL,MIA,140.0,143.0,3.0
2013,8,1,9E,ORD,151.0,114.0,-37.0
2013,8,1,DL,ATL,208.0,218.0,10.0
2013,8,1,DL,SLC,62.0,79.0,17.0
2013,8,1,B6,PBI,125.0,143.0,18.0
2013,8,1,DL,DTW,125.0,115.0,-10.0
2013,8,1,UA,LAX,100.0,116.0,16.0
2013,8,1,AA,MIA,97.0,109.0,12.0
2013,8,1,US,CLT,17.0,123.0,106.0
2013,8,1,UA,ORD,108.0,67.0,-41.0
2013,8,1,MQ,RDU,66.0,90.0,24.0
2013,8,1,AA,ORD,107.0,64.0,-43.0
2013,8,1,UA,SFO,57.0,72.0,15.0
2013,8,1,B6,SEA,79.0,72.0,-7.0
2013,8,1,DL,DEN,69.0,72.0,3.0
2013,8,1,UA,DEN,115.0,126.0,11.0
2013,8,1,UA,BOS,115.0,123.0,8.0
2013,8,1,WN,STL,80.0,85.0,5.0
2013,8,1,B6,PWM,100.0,71.0,-29.0
2013,8,1,EV,PIT,177.0,189.0,12.0
2013,8,1,US,CLT,86.0,122.0,36.0
2013,8,1,B6,ROC,101.0,77.0,-24.0
2013,8,1,UA,LAX,64.0,69.0,5.0
2013,8,1,DL,ATL,124.0,121.0,-3.0
2013,8,1,DL,MEM,137.0,134.0,-3.0
2013,8,1,EV,CVG,107.0,113.0,6.0
2013,8,1,B6,MCO,80.0,88.0,8.0
2013,8,1,B6,BUR,71.0,88.0,17.0
2013,8,1,WN,DEN,203.0,237.0,34.0
2013,8,1,EV,IAD,134.0,158.0,24.0
2013,8,1,VX,SFO,105.0,112.0,7.0
2013,8,1,EV,STL,134.0,165.0,31.0
2013,8,1,MQ,CMH,77.0,95.0,18.0
2013,8,1,B6,PBI,60.0,103.0,43.0
2013,8,1,B6,SFO,82.0,75.0,-7.0
2013,8,1,EV,DTW,167.0,162.0,-5.0
2013,8,1,UA,LAX,107.0,105.0,-2.0
2013,8,1,DL,MCO,84.0,84.0,0.0
2013,8,1,UA,SFO,54.0,79.0,25.0
2013,8,1,US,DCA,84.0,77.0,-7.0
2013,8,1,AA,LAS,139.0,127.0,-12.0
2013,8,1,UA,LAX,66.0,75.0,9.0
2013,8,1,DL,DTW,126.0,117.0,-9.0
2013,8,1,UA,BOS,115.0,106.0,-9.0
2013,8,1,9E,CVG,160.0,179.0,19.0
2013,8,1,F9,DEN,133.0,156.0,23.0
2013,8,1,US,CLT,162.0,152.0,-10.0
2013,8,1,DL,MSP,214.0,217.0,3.0
2013,8,1,B6,BOS,139.0,141.0,2.0
2013,8,1,UA,DFW,93.0,90.0,-3.0
2013,8,1,DL,MIA,92.0,111.0,19.0
2013,8,1,B6,BTV,234.0,250.0,16.0
2013,8,1,MQ,BNA,87.0,101.0,14.0
2013,8,1,WN,MDW,195.0,198.0,3.0
2013,8,1,EV,BGR,95.0,82.0,-13.0
2013,8,1,B6,MCO,176.0,164.0,-12.0
2013,8,1,MQ,ORD,106.0,93.0,-13.0
2013,8,1,UA,MIA,104.0,104.0,0.0
2013,8,1,B6,BUF,97.0,95.0,-2.0
2013,8,1,UA,LAS,191.0,179.0,-12.0
2013,8,1,MQ,XNA,141.0,128.0,-13.0
2013,8,1,DL,MSY,119.0,122.0,3.0
2013,8,1,UA,SFO,122.0,109.0,-13.0
2013,8,1,MQ,BWI,118.0,143.0,25.0
2013,8,1,VX,LAX,97.0,92.0,-5.0
2013,8,1,WN,MSY,125.0,118.0,-7.0
2013,8,1,DL,ATL,141.0,126.0,-15.0
2013,8,1,EV,MKE,189.0,184.0,-5.0
2013,8,1,FL,ATL,100.0,88.0,-12.0
2013,8,1,WN,BNA,145.0,133.0,-12.0
2013,8,1,UA,LAS,72.0,63.0,-9.0
2013,8,1,DL,FLL,74.0,80.0,6.0
2013,8,1,WN,MDW,165.0,154.0,-11.0
2013,8,1,DL,MIA,85.0,73.0,-12.0
2013,8,1,MQ,ATL,52.0,64.0,12.0
2013,8,1,WN,DEN,193.0,184.0,-9.0
2013,8,1,B6,IAD,179.0,178.0,-1.0
2013,8,1,B6,FLL,144.0,134.0,-10.0
2013,8,1,AA,MIA,62.0,63.0,1.0
2013,8,1,B6,LAS,123.0,132.0,9.0
2013,8,1,UA,ORD,163.0,133.0,-30.0
2013,8,1,DL,ATL,98.0,76.0,-22.0
2013,8,1,B6,FLL,96.0,96.0,0.0
2013,8,1,MQ,CMH,80.0,67.0,-13.0
2013,8,1,EV,CLT,273.0,248.0,-25.0
2013,8,1,9E,RDU,102.0,109.0,7.0
2013,8,1,AA,DFW,208.0,179.0,-29.0
2013,8,1,B6,MCO,87.0,91.0,4.0
2013,8,1,UA,BOS,153.0,148.0,-5.0
2013,8,1,DL,TPA,130.0,110.0,-20.0
2013,8,1,WN,HOU,270.0,249.0,-21.0
2013,8,1,EV,ATL,112.0,91.0,-21.0
2013,8,1,MQ,CMH,127.0,145.0,18.0
2013,8,1,FL,CAK,82.0,71.0,-11.0
2013,8,1,B6,MCO,158.0,144.0,-14.0
2013,8,1,DL,MSP,200.0,176.0,-24.0
2013,8,1,EV,CLT,156.0,145.0,-11.0
2013,8,1,FL,ATL,263.0,245.0,-18.0
2013,8,1,UA,BOS,61.0,64.0,3.0
2013,8,1,VX,SFO,187.0,236.0,49.0
2013,8,1,EV,DTW,148.0,139.0,-9.0
2013,8,1,DL,ATL,241.0,227.0,-14.0
2013,8,1,9E,DTW,228.0,237.0,9.0
2013,8,1,9E,PHL,329.0,317.0,-12.0
2013,8,1,9E,JAX,156.0,160.0,4.0
2013,8,1,DL,MCO,167.0,159.0,-8.0
2013,8,1,WN,MDW,111.0,103.0,-8.0
2013,8,1,DL,ATL,203.0,183.0,-20.0
2013,8,1,B6,MCO,86.0,98.0,12.0
2013,8,1,EV,RIC,88.0,95.0,7.0
2013,8,1,EV,JAX,98.0,98.0,0.0
2013,8,1,EV,CLE,156.0,132.0,-24.0
2013,8,1,B6,DEN,72.0,86.0,14.0
2013,8,1,MQ,RDU,58.0,75.0,17.0
2013,8,1,EV,OMA,135.0,129.0,-6.0
2013,8,1,MQ,BNA,80.0,75.0,-5.0
2013,8,1,DL,SJU,102.0,84.0,-18.0
2013,8,1,9E,DCA,149.0,130.0,-19.0
2013,8,1,B6,MSY,94.0,93.0,-1.0
2013,8,1,WN,MKE,235.0,195.0,-40.0
2013,8,1,B6,JAX,93.0,94.0,1.0
2013,8,1,B6,LAX,139.0,149.0,10.0
2013,8,1,EV,CLT,99.0,78.0,-21.0
2013,8,1,EV,RIC,158.0,138.0,-20.0
2013,8,1,9E,CVG,144.0,124.0,-20.0
2013,8,1,B6,MCO,111.0,102.0,-9.0
2013,8,1,DL,ATL,372.0,358.0,-14.0
2013,8,1,VX,LAX,193.0,185.0,-8.0
2013,8,1,AA,LAX,85.0,99.0,14.0
2013,8,1,B6,FLL,125.0,122.0,-3.0
2013,8,1,EV,MHT,143.0,119.0,-24.0
2013,8,1,B6,BTV,73.0,71.0,-2.0
2013,8,2,MQ,CLT,-5.0,70.0,75.0
2013,8,2,US,CLT,0.0,61.0,61.0
2013,8,2,AA,ORD,13.0,64.0,51.0
2013,8,2,B6,ORD,13.0,73.0,60.0
2013,8,2,B6,PBI,64.0,68.0,4.0
2013,8,2,B6,RSW,96.0,118.0,22.0
2013,8,2,AA,SJU,17.0,64.0,47.0
2013,8,2,VX,LAS,66.0,68.0,2.0
2013,8,2,UA,SFO,73.0,87.0,14.0
2013,8,2,US,PHX,66.0,83.0,17.0
2013,8,2,DL,ATL,193.0,185.0,-8.0
2013,8,2,EV,IND,93.0,95.0,2.0
2013,8,2,B6,LAS,187.0,191.0,4.0
2013,8,2,AA,DFW,368.0,351.0,-17.0
2013,8,2,MQ,ATL,98.0,82.0,-16.0
2013,8,2,MQ,CLE,41.0,64.0,23.0
2013,8,2,EV,MSY,88.0,77.0,-11.0
2013,8,2,AA,DFW,122.0,111.0,-11.0
2013,8,2,UA,ORD,1.0,68.0,67.0
2013,8,2,B6,LGB,103.0,127.0,24.0
2013,8,2,B6,SJU,54.0,70.0,16.0
2013,8,2,B6,PBI,129.0,163.0,34.0
2013,8,2,B6,MCO,78.0,73.0,-5.0
2013,8,2,UA,PBI,157.0,148.0,-9.0
2013,8,2,EV,GSO,95.0,78.0,-17.0
2013,8,2,B6,TPA,96.0,127.0,31.0
2013,8,2,MQ,CLE,79.0,112.0,33.0
2013,8,2,EV,JAX,67.0,60.0,-7.0
2013,8,2,EV,MKE,72.0,81.0,9.0
2013,8,2,MQ,CMH,58.0,73.0,15.0
2013,8,2,DL,LAX,77.0,81.0,4.0
2013,8,2,9E,BUF,260.0,267.0,7.0
2013,8,2,WN,DEN,66.0,71.0,5.0
2013,8,2,EV,CVG,68.0,79.0,11.0
2013,8,2,EV,GRR,77.0,76.0,-1.0
2013,8,2,EV,STL,77.0,62.0,-15.0
2013,8,2,9E,DCA,149.0,153.0,4.0
2013,8,2,EV,DAY,64.0,63.0,-1.0
2013,8,2,9E,ORD,120.0,106.0,-14.0
2013,8,2,EV,DTW,78.0,75.0,-3.0
2013,8,2,DL,LAX,56.0,80.0,24.0
2013,8,2,EV,ATL,87.0,78.0,-9.0
2013,8,2,AA,ORD,65.0,90.0,25.0
2013,8,2,UA,ORD,72.0,76.0,4.0
2013,8,2,WN,STL,45.0,61.0,16.0
2013,8,2,WN,STL,148.0,139.0,-9.0
2013,8,2,UA,DEN,88.0,92.0,4.0
2013,8,2,UA,PHX,85.0,89.0,4.0
2013,8,2,9E,MCI,82.0,73.0,-9.0
2013,8,2,UA,ORD,100.0,163.0,63.0
2013,8,2,AA,ORD,200.0,201.0,1.0
2013,8,2,UA,ORD,36.0,69.0,33.0
2013,8,2,DL,SEA,44.0,69.0,25.0
2013,8,2,9E,ORD,53.0,62.0,9.0
2013,8,2,9E,CVG,95.0,80.0,-15.0
2013,8,2,AA,LAS,201.0,191.0,-10.0
2013,8,2,DL,PDX,99.0,96.0,-3.0
2013,8,2,EV,TVC,72.0,70.0,-2.0
2013,8,2,B6,SLC,87.0,96.0,9.0
2013,8,2,9E,CVG,255.0,227.0,-28.0
2013,8,2,MQ,BWI,175.0,171.0,-4.0
2013,8,2,B6,PDX,60.0,73.0,13.0
2013,8,2,UA,SFO,91.0,76.0,-15.0
2013,8,2,EV,DTW,165.0,145.0,-20.0
2013,8,2,UA,AUS,105.0,76.0,-29.0
2013,8,2,9E,RDU,187.0,156.0,-31.0
2013,8,2,9E,DTW,265.0,261.0,-4.0
2013,8,2,B6,LAS,79.0,71.0,-8.0
2013,8,2,B6,MCO,81.0,95.0,14.0
2013,8,2,EV,CLE,238.0,210.0,-28.0
2013,8,3,DL,MIA,277.0,243.0,-34.0
2013,8,3,B6,SJU,109.0,100.0,-9.0
2013,8,3,UA,CLE,74.0,70.0,-4.0
2013,8,3,MQ,CLT,33.0,76.0,43.0
2013,8,3,B6,RDU,154.0,151.0,-3.0
2013,8,3,UA,SFO,105.0,111.0,6.0
2013,8,3,EV,DTW,87.0,68.0,-19.0
2013,8,3,EV,TVC,195.0,215.0,20.0
2013,8,3,MQ,DCA,155.0,133.0,-22.0
2013,8,3,UA,SFO,50.0,67.0,17.0
2013,8,3,WN,MDW,296.0,304.0,8.0
2013,8,3,AA,MIA,79.0,88.0,9.0
2013,8,3,DL,SEA,178.0,172.0,-6.0
2013,8,3,AA,MIA,90.0,101.0,11.0
2013,8,3,UA,IAH,130.0,119.0,-11.0
2013,8,3,B6,LAX,60.0,66.0,6.0
2013,8,3,MQ,ATL,78.0,65.0,-13.0
2013,8,3,MQ,MSP,99.0,108.0,9.0
2013,8,3,EV,TVC,212.0,212.0,0.0
2013,8,3,B6,BTV,133.0,133.0,0.0
2013,8,3,WN,BNA,382.0,361.0,-21.0
2013,8,3,MQ,RDU,59.0,64.0,5.0
2013,8,3,MQ,DCA,119.0,108.0,-11.0
2013,8,3,B6,TPA,50.0,71.0,21.0
2013,8,3,B6,MCO,411.0,403.0,-8.0
2013,8,3,B6,SJU,80.0,97.0,17.0
2013,8,3,MQ,ATL,83.0,65.0,-18.0
2013,8,3,MQ,PIT,66.0,105.0,39.0
2013,8,3,9E,CLE,76.0,87.0,11.0
2013,8,3,B6,MCO,82.0,118.0,36.0
2013,8,3,EV,TVC,215.0,217.0,2.0
2013,8,3,MQ,IND,86.0,102.0,16.0
2013,8,3,MQ,CLE,135.0,175.0,40.0
2013,8,3,EV,IAD,184.0,218.0,34.0
2013,8,3,B6,ORD,95.0,96.0,1.0
2013,8,3,DL,MIA,101.0,96.0,-5.0
2013,8,3,EV,GSO,113.0,74.0,-39.0
2013,8,3,9E,PIT,104.0,92.0,-12.0
2013,8,3,MQ,CLT,111.0,83.0,-28.0
2013,8,3,EV,BGR,218.0,192.0,-26.0
2013,8,3,B6,SJU,102.0,119.0,17.0
2013,8,3,B6,SYR,107.0,76.0,-31.0
2013,8,3,UA,DEN,29.0,70.0,41.0
2013,8,3,EV,BNA,137.0,124.0,-13.0
2013,8,3,DL,DEN,46.0,77.0,31.0
2013,8,3,DL,ATL,179.0,141.0,-38.0
2013,8,3,DL,SAN,248.0,231.0,-17.0
2013,8,3,B6,BOS,80.0,74.0,-6.0
2013,8,3,EV,RDU,183.0,148.0,-35.0
2013,8,3,B6,ROC,122.0,113.0,-9.0
2013,8,3,US,CLT,270.0,259.0,-11.0
2013,8,3,B6,DEN,116.0,112.0,-4.0
2013,8,3,B6,TPA,87.0,71.0,-16.0
2013,8,4,B6,SAN,59.0,79.0,20.0
2013,8,4,AA,SJU,212.0,227.0,15.0
2013,8,4,B6,SEA,77.0,84.0,7.0
2013,8,4,UA,SFO,43.0,70.0,27.0
2013,8,4,VX,SFO,54.0,75.0,21.0
2013,8,4,AA,SFO,56.0,101.0,45.0
2013,8,4,VX,SFO,56.0,84.0,28.0
2013,8,4,UA,MCO,107.0,111.0,4.0
2013,8,4,WN,DEN,209.0,227.0,18.0
2013,8,4,B6,FLL,65.0,78.0,13.0
2013,8,4,UA,HNL,138.0,116.0,-22.0
2013,8,4,B6,JAX,71.0,79.0,8.0
2013,8,4,AA,MCO,75.0,88.0,13.0
2013,8,4,DL,MSP,98.0,144.0,46.0
2013,8,4,9E,BUF,94.0,103.0,9.0
2013,8,4,UA,CLE,74.0,68.0,-6.0
2013,8,4,MQ,DCA,115.0,131.0,16.0
2013,8,4,UA,AUS,103.0,85.0,-18.0
2013,8,4,9E,MKE,89.0,90.0,1.0
2013,8,4,AA,SFO,150.0,165.0,15.0
2013,8,4,MQ,CLE,194.0,254.0,60.0
2013,8,4,MQ,RDU,26.0,62.0,36.0
2013,8,4,EV,RDU,108.0,105.0,-3.0
2013,8,4,MQ,BNA,-2.0,68.0,70.0
2013,8,4,UA,DEN,83.0,81.0,-2.0
2013,8,4,B6,SAN,129.0,99.0,-30.0
2013,8,4,YV,CLT,75.0,88.0,13.0
2013,8,4,B6,BUR,69.0,68.0,-1.0
2013,8,4,9E,DTW,69.0,70.0,1.0
2013,8,4,UA,IAH,156.0,149.0,-7.0
2013,8,4,9E,DTW,211.0,193.0,-18.0
2013,8,4,UA,LAX,91.0,94.0,3.0
2013,8,4,DL,DTW,173.0,160.0,-13.0
2013,8,4,UA,SEA,60.0,70.0,10.0
2013,8,4,EV,TYS,78.0,64.0,-14.0
2013,8,4,UA,TPA,149.0,101.0,-48.0
2013,8,4,MQ,CVG,319.0,292.0,-27.0
2013,8,4,MQ,CMH,121.0,106.0,-15.0
2013,8,4,DL,ATL,97.0,74.0,-23.0
2013,8,4,EV,CLE,107.0,90.0,-17.0
2013,8,4,B6,BOS,100.0,94.0,-6.0
2013,8,4,9E,PIT,172.0,146.0,-26.0
2013,8,4,B6,ORD,129.0,114.0,-15.0
2013,8,4,9E,DCA,106.0,83.0,-23.0
2013,8,4,DL,SAT,190.0,165.0,-25.0
2013,8,4,B6,BUF,67.0,65.0,-2.0
2013,8,4,B6,MCO,95.0,77.0,-18.0
2013,8,4,B6,PDX,150.0,151.0,1.0
2013,8,5,B6,SJU,72.0,77.0,5.0
2013,8,5,B6,TPA,68.0,64.0,-4.0
2013,8,5,UA,BOS,163.0,144.0,-19.0
2013,8,5,EV,IAD,232.0,253.0,21.0
2013,8,5,B6,RSW,223.0,192.0,-31.0
2013,8,5,MQ,ORD,100.0,95.0,-5.0
2013,8,5,B6,PBI,113.0,107.0,-6.0
2013,8,5,B6,SJU,112.0,109.0,-3.0
2013,8,5,EV,ATL,98.0,100.0,2.0
2013,8,5,B6,PBI,151.0,155.0,4.0
2013,8,5,UA,DEN,48.0,67.0,19.0
2013,8,5,MQ,XNA,57.0,68.0,11.0
2013,8,5,DL,MCO,87.0,73.0,-14.0
2013,8,5,B6,RSW,120.0,86.0,-34.0
2013,8,5,EV,DTW,70.0,75.0,5.0
2013,8,5,DL,ATL,108.0,81.0,-27.0
2013,8,5,UA,MCO,58.0,66.0,8.0
2013,8,5,B6,TPA,181.0,207.0,26.0
2013,8,5,UA,SFO,39.0,74.0,35.0
2013,8,5,UA,DEN,33.0,79.0,46.0
2013,8,5,UA,SFO,30.0,74.0,44.0
2013,8,5,UA,MIA,397.0,401.0,4.0
2013,8,5,AA,AUS,144.0,122.0,-22.0
2013,8,5,UA,MCO,286.0,250.0,-36.0
2013,8,5,EV,DCA,147.0,174.0,27.0
2013,8,5,UA,LAX,75.0,89.0,14.0
2013,8,5,WN,MDW,149.0,155.0,6.0
2013,8,5,UA,SFO,65.0,72.0,7.0
2013,8,5,AA,LAX,208.0,235.0,27.0
2013,8,5,EV,DCA,61.0,97.0,36.0
2013,8,5,UA,SFO,134.0,155.0,21.0
2013,8,5,B6,PBI,161.0,144.0,-17.0
2013,8,5,B6,BUR,195.0,184.0,-11.0
2013,8,5,B6,SMF,96.0,74.0,-22.0
2013,8,5,MQ,CMH,118.0,105.0,-13.0
2013,8,5,B6,LAX,60.0,72.0,12.0
2013,8,5,AA,LAX,171.0,128.0,-43.0
2013,8,5,B6,SFO,133.0,118.0,-15.0
2013,8,5,DL,LAX,104.0,92.0,-12.0
2013,8,5,B6,BOS,135.0,125.0,-10.0
2013,8,5,B6,LAS,70.0,75.0,5.0
2013,8,5,DL,SJU,142.0,108.0,-34.0
2013,8,6,B6,SJU,75.0,65.0,-10.0
2013,8,6,UA,MIA,93.0,69.0,-24.0
2013,8,6,MQ,ORD,135.0,123.0,-12.0
2013,8,6,9E,DCA,103.0,80.0,-23.0
2013,8,6,EV,IAD,81.0,96.0,15.0
2013,8,6,EV,SAV,96.0,84.0,-12.0
2013,8,6,UA,DEN,178.0,155.0,-23.0
2013,8,6,EV,IND,115.0,120.0,5.0
2013,8,6,EV,BTV,79.0,61.0,-18.0
2013,8,6,US,DCA,75.0,73.0,-2.0
2013,8,6,MQ,CMH,95.0,85.0,-10.0
2013,8,6,YV,CLT,180.0,189.0,9.0
2013,8,6,EV,BTV,78.0,73.0,-5.0
2013,8,6,EV,MSP,96.0,95.0,-1.0
2013,8,6,B6,SJU,102.0,103.0,1.0
2013,8,6,B6,FLL,106.0,88.0,-18.0
2013,8,6,FL,ATL,128.0,119.0,-9.0
2013,8,6,DL,MSP,102.0,102.0,0.0
2013,8,6,EV,MKE,68.0,69.0,1.0
2013,8,6,B6,RSW,205.0,192.0,-13.0
2013,8,6,B6,TPA,117.0,101.0,-16.0
2013,8,6,EV,DAY,71.0,67.0,-4.0
2013,8,6,YV,IAD,93.0,70.0,-23.0
2013,8,6,DL,AUS,106.0,94.0,-12.0
2013,8,6,DL,MSP,-3.0,68.0,71.0
2013,8,6,MQ,ATL,154.0,146.0,-8.0
2013,8,6,WN,DEN,411.0,410.0,-1.0
2013,8,6,EV,GRR,189.0,204.0,15.0
2013,8,6,9E,CHS,135.0,102.0,-33.0
2013,8,6,EV,IAD,101.0,93.0,-8.0
2013,8,6,WN,MKE,154.0,122.0,-32.0
2013,8,6,B6,LAX,56.0,77.0,21.0
2013,8,6,B6,ORD,123.0,107.0,-16.0
2013,8,6,EV,TUL,127.0,107.0,-20.0
2013,8,6,B6,LAS,87.0,77.0,-10.0
2013,8,6,B6,DEN,111.0,99.0,-12.0
2013,8,6,B6,LAX,62.0,74.0,12.0
2013,8,6,B6,SJU,80.0,60.0,-20.0
2013,8,6,WN,MDW,205.0,184.0,-21.0
2013,8,7,UA,ORD,-1.0,76.0,77.0
2013,8,7,FL,ATL,1.0,64.0,63.0
2013,8,7,EV,CLT,105.0,108.0,3.0
2013,8,7,EV,IND,101.0,100.0,-1.0
2013,8,7,EV,GSP,88.0,84.0,-4.0
2013,8,7,DL,ATL,127.0,154.0,27.0
2013,8,7,UA,BOS,91.0,88.0,-3.0
2013,8,7,9E,CVG,178.0,174.0,-4.0
2013,8,7,DL,SEA,82.0,90.0,8.0
2013,8,7,UA,SFO,98.0,117.0,19.0
2013,8,7,EV,OMA,92.0,91.0,-1.0
2013,8,7,MQ,ORD,58.0,106.0,48.0
2013,8,7,AA,MIA,72.0,73.0,1.0
2013,8,7,MQ,BNA,63.0,90.0,27.0
2013,8,7,MQ,CLE,-7.0,65.0,72.0
2013,8,7,EV,PIT,127.0,107.0,-20.0
2013,8,7,9E,DAY,209.0,183.0,-26.0
2013,8,7,WN,DEN,64.0,70.0,6.0
2013,8,7,B6,BUF,66.0,62.0,-4.0
2013,8,7,EV,CLT,66.0,63.0,-3.0
2013,8,7,DL,ATL,136.0,133.0,-3.0
2013,8,7,EV,ATL,75.0,100.0,25.0
2013,8,7,UA,ATL,105.0,106.0,1.0
2013,8,7,MQ,ATL,7.0,62.0,55.0
2013,8,7,FL,ATL,92.0,134.0,42.0
2013,8,7,MQ,ORD,73.0,136.0,63.0
2013,8,7,WN,PHX,69.0,60.0,-9.0
2013,8,7,B6,SJU,81.0,90.0,9.0
2013,8,7,EV,MKE,69.0,72.0,3.0
2013,8,7,DL,ATL,116.0,139.0,23.0
2013,8,7,EV,CHS,124.0,112.0,-12.0
2013,8,7,US,PHL,91.0,101.0,10.0
2013,8,7,EV,DTW,67.0,66.0,-1.0
2013,8,7,EV,MEM,79.0,88.0,9.0
2013,8,7,B6,OAK,46.0,61.0,15.0
2013,8,7,UA,DFW,2.0,62.0,60.0
2013,8,7,EV,STL,78.0,82.0,4.0
2013,8,7,EV,DTW,68.0,81.0,13.0
2013,8,7,UA,LAX,13.0,91.0,78.0
2013,8,7,AA,DFW,104.0,130.0,26.0
2013,8,7,EV,IAD,111.0,114.0,3.0
2013,8,7,EV,DCA,65.0,83.0,18.0
2013,8,7,EV,MCI,19.0,76.0,57.0
2013,8,7,B6,SJC,26.0,69.0,43.0
2013,8,7,VX,SFO,44.0,97.0,53.0
2013,8,7,9E,SDF,209.0,244.0,35.0
2013,8,7,EV,CHS,151.0,151.0,0.0
2013,8,7,9E,MSY,32.0,101.0,69.0
2013,8,7,DL,ATL,127.0,109.0,-18.0
2013,8,7,9E,IAD,-4.0,87.0,91.0
2013,8,7,9E,BOS,57.0,93.0,36.0
2013,8,7,B6,PHX,0.0,68.0,68.0
2013,8,7,9E,DCA,0.0,71.0,71.0
2013,8,7,9E,PIT,85.0,105.0,20.0
2013,8,7,EV,ATL,73.0,60.0,-13.0
2013,8,7,EV,DCA,66.0,70.0,4.0
2013,8,7,EV,TYS,68.0,62.0,-6.0
2013,8,7,B6,PDX,3.0,66.0,63.0
2013,8,7,B6,LAX,13.0,71.0,58.0
2013,8,7,UA,IAH,73.0,74.0,1.0
2013,8,7,UA,ORD,73.0,67.0,-6.0
2013,8,7,DL,FLL,132.0,96.0,-36.0
2013,8,7,9E,BWI,73.0,93.0,20.0
2013,8,7,B6,LAS,36.0,64.0,28.0
2013,8,7,B6,LAX,34.0,79.0,45.0
2013,8,7,UA,SFO,171.0,174.0,3.0
2013,8,7,B6,SJU,83.0,74.0,-9.0
2013,8,8,DL,ATL,191.0,172.0,-19.0
2013,8,8,B6,BOS,83.0,72.0,-11.0
2013,8,8,UA,FLL,214.0,178.0,-36.0
2013,8,8,B6,FLL,186.0,188.0,2.0
2013,8,8,US,DCA,278.0,253.0,-25.0
2013,8,8,EV,MHT,136.0,128.0,-8.0
2013,8,8,B6,SJU,132.0,104.0,-28.0
2013,8,8,B6,MCO,178.0,146.0,-32.0
2013,8,8,B6,BUF,110.0,105.0,-5.0
2013,8,8,B6,LAS,182.0,167.0,-15.0
2013,8,8,WN,MDW,236.0,208.0,-28.0
2013,8,8,B6,BTV,127.0,116.0,-11.0
2013,8,8,B6,SYR,138.0,140.0,2.0
2013,8,8,B6,LAX,143.0,150.0,7.0
2013,8,8,B6,JAX,218.0,205.0,-13.0
2013,8,8,B6,PWM,136.0,126.0,-10.0
2013,8,8,EV,BTV,196.0,172.0,-24.0
2013,8,8,B6,PSE,91.0,75.0,-16.0
2013,8,8,B6,SJU,92.0,80.0,-12.0
2013,8,8,B6,BQN,134.0,126.0,-8.0
2013,8,8,B6,ROC,213.0,197.0,-16.0
2013,8,8,EV,PIT,94.0,104.0,10.0
2013,8,8,B6,PWM,37.0,78.0,41.0
2013,8,8,DL,LAS,15.0,72.0,57.0
2013,8,8,UA,LAX,84.0,96.0,12.0
2013,8,8,B6,BTV,31.0,62.0,31.0
2013,8,8,DL,SJU,63.0,102.0,39.0
2013,8,8,DL,SFO,-5.0,71.0,76.0
2013,8,8,EV,RIC,82.0,66.0,-16.0
2013,8,8,UA,DEN,75.0,68.0,-7.0
2013,8,8,EV,MCI,125.0,121.0,-4.0
2013,8,8,MQ,DTW,31.0,62.0,31.0
2013,8,8,MQ,ATL,70.0,106.0,36.0
2013,8,8,EV,BNA,81.0,77.0,-4.0
2013,8,8,EV,CLT,171.0,162.0,-9.0
2013,8,8,EV,PIT,75.0,69.0,-6.0
2013,8,8,MQ,ORD,78.0,90.0,12.0
2013,8,8,B6,BTV,84.0,88.0,4.0
2013,8,8,EV,DAY,88.0,83.0,-5.0
2013,8,8,EV,DTW,70.0,74.0,4.0
2013,8,8,B6,BOS,73.0,67.0,-6.0
2013,8,8,UA,LAS,198.0,194.0,-4.0
2013,8,8,MQ,RDU,85.0,76.0,-9.0
2013,8,8,EV,GSO,63.0,89.0,26.0
2013,8,8,MQ,ORD,52.0,60.0,8.0
2013,8,8,AA,BOS,108.0,107.0,-1.0
2013,8,8,US,PHX,45.0,64.0,19.0
2013,8,8,EV,IAD,42.0,99.0,57.0
2013,8,8,UA,IAH,11.0,104.0,93.0
2013,8,8,US,DCA,-3.0,124.0,127.0
2013,8,8,MQ,RDU,98.0,159.0,61.0
2013,8,8,EV,MCI,58.0,72.0,14.0
2013,8,8,WN,PHX,87.0,121.0,34.0
2013,8,8,UA,RSW,9.0,89.0,80.0
2013,8,8,EV,BNA,-1.0,94.0,95.0
2013,8,8,EV,PIT,201.0,217.0,16.0
2013,8,8,B6,SJU,54.0,125.0,71.0
2013,8,8,DL,ATL,25.0,81.0,56.0
2013,8,8,DL,MCO,11.0,82.0,71.0
2013,8,8,B6,FLL,57.0,60.0,3.0
2013,8,8,MQ,ATL,61.0,114.0,53.0
2013,8,8,UA,ORD,102.0,108.0,6.0
2013,8,8,US,CLT,-3.0,84.0,87.0
2013,8,8,UA,CLE,50.0,88.0,38.0
2013,8,8,UA,IAH,17.0,102.0,85.0
2013,8,8,EV,CLT,36.0,109.0,73.0
2013,8,8,UA,MCO,42.0,105.0,63.0
2013,8,8,B6,TPA,75.0,109.0,34.0
2013,8,8,DL,ATL,93.0,164.0,71.0
2013,8,8,MQ,CLT,23.0,109.0,86.0
2013,8,8,9E,DFW,51.0,92.0,41.0
2013,8,8,UA,PHX,222.0,262.0,40.0
2013,8,8,UA,SFO,12.0,67.0,55.0
2013,8,8,DL,LAX,23.0,73.0,50.0
2013,8,8,EV,JAX,43.0,94.0,51.0
2013,8,8,AA,DFW,5.0,71.0,66.0
2013,8,8,UA,MCO,5.0,69.0,64.0
2013,8,8,9E,DCA,68.0,154.0,86.0
2013,8,8,DL,SJU,14.0,75.0,61.0
2013,8,8,DL,MIA,14.0,83.0,69.0
2013,8,8,MQ,IND,34.0,68.0,34.0
2013,8,8,EV,DTW,69.0,104.0,35.0
2013,8,8,9E,IAD,79.0,125.0,46.0
2013,8,8,MQ,CVG,10.0,71.0,61.0
2013,8,8,EV,BNA,8.0,87.0,79.0
2013,8,8,B6,PBI,15.0,78.0,63.0
2013,8,8,B6,TPA,50.0,119.0,69.0
2013,8,8,DL,ATL,27.0,69.0,42.0
2013,8,8,MQ,DCA,77.0,153.0,76.0
2013,8,8,MQ,ORD,45.0,70.0,25.0
2013,8,8,EV,GRR,52.0,73.0,21.0
2013,8,8,EV,MSY,46.0,105.0,59.0
2013,8,8,DL,MSY,57.0,86.0,29.0
2013,8,8,EV,BTV,284.0,306.0,22.0
2013,8,8,DL,MIA,45.0,71.0,26.0
2013,8,8,B6,BTV,51.0,66.0,15.0
2013,8,8,EV,RDU,43.0,136.0,93.0
2013,8,8,WN,STL,61.0,169.0,108.0
2013,8,8,AA,DFW,117.0,129.0,12.0
2013,8,8,DL,ATL,72.0,80.0,8.0
2013,8,8,WN,MDW,87.0,129.0,42.0
2013,8,8,EV,SDF,98.0,153.0,55.0
2013,8,8,EV,STL,68.0,124.0,56.0
2013,8,8,US,PHX,38.0,110.0,72.0
2013,8,8,MQ,BNA,90.0,117.0,27.0
2013,8,8,UA,LAX,16.0,60.0,44.0
2013,8,8,DL,DTW,45.0,86.0,41.0
2013,8,8,EV,DTW,43.0,64.0,21.0
2013,8,8,UA,SFO,14.0,106.0,92.0
2013,8,8,9E,ORD,98.0,158.0,60.0
2013,8,8,B6,LAX,53.0,144.0,91.0
2013,8,8,9E,MKE,74.0,78.0,4.0
2013,8,8,MQ,ATL,80.0,116.0,36.0
2013,8,8,9E,CVG,35.0,70.0,35.0
2013,8,8,UA,DEN,28.0,102.0,74.0
2013,8,8,B6,FLL,73.0,101.0,28.0
2013,8,8,EV,MSP,259.0,335.0,76.0
2013,8,8,UA,SFO,104.0,187.0,83.0
2013,8,8,AA,DFW,59.0,95.0,36.0
2013,8,8,UA,PHX,44.0,161.0,117.0
2013,8,8,DL,SLC,30.0,114.0,84.0
2013,8,8,DL,DEN,10.0,66.0,56.0
2013,8,8,EV,MEM,80.0,84.0,4.0
2013,8,8,UA,LAX,11.0,86.0,75.0
2013,8,8,US,CLT,24.0,104.0,80.0
2013,8,8,B6,SJU,56.0,92.0,36.0
2013,8,8,B6,SEA,28.0,93.0,65.0
2013,8,8,UA,DEN,64.0,182.0,118.0
2013,8,8,EV,GSO,101.0,179.0,78.0
2013,8,8,AA,MIA,67.0,122.0,55.0
2013,8,8,DL,MSP,13.0,70.0,57.0
2013,8,8,AA,ORD,9.0,65.0,56.0
2013,8,8,9E,BNA,141.0,150.0,9.0
2013,8,8,EV,RIC,99.0,164.0,65.0
2013,8,8,UA,ATL,336.0,360.0,24.0
2013,8,8,UA,SFO,180.0,345.0,165.0
2013,8,8,B6,SAN,109.0,132.0,23.0
2013,8,8,US,PHX,90.0,201.0,111.0
2013,8,8,EV,STL,236.0,303.0,67.0
2013,8,8,DL,ATL,88.0,159.0,71.0
2013,8,8,B6,MCO,80.0,162.0,82.0
2013,8,8,DL,MEM,101.0,148.0,47.0
2013,8,8,AA,AUS,72.0,90.0,18.0
2013,8,8,WN,DEN,55.0,121.0,66.0
2013,8,8,MQ,ORF,96.0,96.0,0.0
2013,8,8,UA,SFO,11.0,78.0,67.0
2013,8,8,B6,LGB,24.0,68.0,44.0
2013,8,8,UA,DEN,41.0,101.0,60.0
2013,8,8,AA,IAH,76.0,93.0,17.0
2013,8,8,EV,STL,109.0,169.0,60.0
2013,8,8,UA,MCO,92.0,86.0,-6.0
2013,8,8,B6,CLT,113.0,135.0,22.0
2013,8,8,UA,DFW,38.0,91.0,53.0
2013,8,8,AA,SFO,61.0,127.0,66.0
2013,8,8,UA,SEA,87.0,165.0,78.0
2013,8,8,DL,MSP,162.0,205.0,43.0
2013,8,8,DL,PBI,35.0,98.0,63.0
2013,8,8,WN,HOU,110.0,127.0,17.0
2013,8,8,US,CLT,117.0,178.0,61.0
2013,8,8,B6,FLL,258.0,311.0,53.0
2013,8,8,AA,LAX,36.0,77.0,41.0
2013,8,8,B6,IAD,73.0,124.0,51.0
2013,8,8,F9,DEN,99.0,166.0,67.0
2013,8,8,EV,MSP,237.0,296.0,59.0
2013,8,8,B6,MCO,85.0,78.0,-7.0
2013,8,8,DL,MSP,39.0,75.0,36.0
2013,8,8,DL,ATL,316.0,342.0,26.0
2013,8,8,UA,LAX,76.0,92.0,16.0
2013,8,8,B6,SFO,77.0,119.0,42.0
2013,8,8,DL,SEA,21.0,90.0,69.0
2013,8,8,DL,SFO,111.0,165.0,54.0
2013,8,8,MQ,BWI,52.0,99.0,47.0
2013,8,8,DL,LAX,148.0,177.0,29.0
2013,8,8,B6,RDU,137.0,136.0,-1.0
2013,8,8,EV,DTW,121.0,100.0,-21.0
2013,8,8,FL,ATL,116.0,163.0,47.0
2013,8,8,MQ,BNA,62.0,161.0,99.0
2013,8,8,AA,MIA,108.0,79.0,-29.0
2013,8,8,WN,STL,121.0,149.0,28.0
2013,8,8,B6,BUF,61.0,86.0,25.0
2013,8,8,UA,ORD,34.0,85.0,51.0
2013,8,8,DL,SFO,45.0,85.0,40.0
2013,8,8,WN,MDW,181.0,203.0,22.0
2013,8,8,B6,BOS,191.0,212.0,21.0
2013,8,8,EV,IAD,317.0,326.0,9.0
2013,8,8,EV,DCA,116.0,188.0,72.0
2013,8,8,VX,SFO,142.0,161.0,19.0
2013,8,8,DL,ATL,97.0,111.0,14.0
2013,8,8,DL,MSY,87.0,118.0,31.0
2013,8,8,AS,SEA,88.0,111.0,23.0
2013,8,8,EV,RIC,53.0,88.0,35.0
2013,8,8,B6,SYR,164.0,178.0,14.0
2013,8,8,UA,SAT,163.0,168.0,5.0
2013,8,8,AA,ORD,171.0,173.0,2.0
2013,8,8,AA,STL,88.0,135.0,47.0
2013,8,8,MQ,XNA,273.0,280.0,7.0
2013,8,8,UA,LAX,48.0,87.0,39.0
2013,8,8,UA,SNA,88.0,82.0,-6.0
2013,8,8,B6,FLL,89.0,100.0,11.0
2013,8,8,AA,DFW,127.0,139.0,12.0
2013,8,8,UA,CLE,122.0,144.0,22.0
2013,8,8,B6,PWM,172.0,209.0,37.0
2013,8,8,AA,SEA,91.0,122.0,31.0
2013,8,8,B6,PBI,107.0,118.0,11.0
2013,8,8,B6,BUR,127.0,186.0,59.0
2013,8,8,UA,MIA,97.0,95.0,-2.0
2013,8,8,B6,TPA,36.0,60.0,24.0
2013,8,8,DL,PDX,244.0,283.0,39.0
2013,8,8,VX,LAX,75.0,100.0,25.0
2013,8,8,WN,DEN,260.0,310.0,50.0
2013,8,8,YV,CLT,156.0,193.0,37.0
2013,8,8,WN,MDW,134.0,148.0,14.0
2013,8,8,B6,LAS,76.0,126.0,50.0
2013,8,8,VX,LAX,204.0,191.0,-13.0
2013,8,8,DL,DTW,111.0,120.0,9.0
2013,8,8,MQ,CLE,106.0,156.0,50.0
2013,8,8,DL,ATL,52.0,64.0,12.0
2013,8,8,UA,SFO,147.0,194.0,47.0
2013,8,8,UA,IAH,73.0,84.0,11.0
2013,8,8,UA,BOS,76.0,90.0,14.0
2013,8,8,9E,DAY,86.0,108.0,22.0
2013,8,8,B6,BOS,174.0,215.0,41.0
2013,8,8,UA,TPA,106.0,97.0,-9.0
2013,8,8,UA,ORD,146.0,163.0,17.0
2013,8,8,EV,DSM,49.0,87.0,38.0
2013,8,8,AA,DFW,210.0,219.0,9.0
2013,8,8,B6,SJC,95.0,171.0,76.0
2013,8,8,EV,MCI,101.0,153.0,52.0
2013,8,8,EV,CAE,152.0,183.0,31.0
2013,8,8,AA,SAN,184.0,217.0,33.0
2013,8,8,US,CLT,108.0,114.0,6.0
2013,8,8,UA,LAS,72.0,121.0,49.0
2013,8,8,DL,SLC,67.0,77.0,10.0
2013,8,8,UA,CLE,21.0,62.0,41.0
2013,8,8,AA,ORD,83.0,95.0,12.0
2013,8,8,DL,DEN,104.0,135.0,31.0
2013,8,8,DL,PHX,120.0,180.0,60.0
2013,8,8,AA,LAX,95.0,95.0,0.0
2013,8,8,US,DCA,294.0,314.0,20.0
2013,8,8,B6,ABQ,48.0,76.0,28.0
2013,8,8,EV,ATL,255.0,281.0,26.0
2013,8,8,DL,ATL,123.0,132.0,9.0
2013,8,8,UA,PBI,123.0,142.0,19.0
2013,8,8,UA,ORD,163.0,147.0,-16.0
2013,8,8,B6,PBI,276.0,266.0,-10.0
2013,8,8,EV,ATL,102.0,123.0,21.0
2013,8,8,WN,MSY,159.0,162.0,3.0
2013,8,8,DL,MCO,191.0,167.0,-24.0
2013,8,8,DL,ATL,253.0,248.0,-5.0
2013,8,8,B6,SFO,46.0,71.0,25.0
2013,8,8,UA,SFO,47.0,92.0,45.0
2013,8,8,B6,SLC,108.0,149.0,41.0
2013,8,8,EV,PIT,318.0,313.0,-5.0
2013,8,8,UA,MIA,59.0,66.0,7.0
2013,8,8,AA,LAS,250.0,250.0,0.0
2013,8,8,B6,ORD,75.0,117.0,42.0
2013,8,8,UA,IAH,80.0,105.0,25.0
2013,8,8,AA,MIA,82.0,61.0,-21.0
2013,8,8,UA,ORD,263.0,256.0,-7.0
2013,8,8,B6,LAX,27.0,73.0,46.0
2013,8,8,DL,DTW,237.0,239.0,2.0
2013,8,8,EV,ATL,98.0,103.0,5.0
2013,8,8,AA,BOS,129.0,140.0,11.0
2013,8,8,DL,ATL,89.0,89.0,0.0
2013,8,8,VX,SFO,154.0,169.0,15.0
2013,8,8,US,DCA,152.0,140.0,-12.0
2013,8,8,WN,BNA,198.0,190.0,-8.0
2013,8,8,US,BOS,93.0,98.0,5.0
2013,8,8,EV,BNA,124.0,140.0,16.0
2013,8,8,B6,FLL,154.0,162.0,8.0
2013,8,8,EV,BGR,190.0,182.0,-8.0
2013,8,8,EV,OMA,75.0,108.0,33.0
2013,8,8,DL,ATL,225.0,209.0,-16.0
2013,8,8,EV,BHM,155.0,139.0,-16.0
2013,8,8,EV,DCA,125.0,144.0,19.0
2013,8,8,DL,SAT,160.0,135.0,-25.0
2013,8,8,DL,PWM,256.0,241.0,-15.0
2013,8,8,UA,SEA,133.0,165.0,32.0
2013,8,8,DL,ATL,230.0,227.0,-3.0
2013,8,8,MQ,BNA,315.0,316.0,1.0
2013,8,8,EV,TYS,136.0,181.0,45.0
2013,8,8,US,BOS,179.0,173.0,-6.0
2013,8,8,UA,SFO,150.0,157.0,7.0
2013,8,8,B6,MCO,121.0,124.0,3.0
2013,8,8,EV,DTW,147.0,157.0,10.0
2013,8,8,DL,FLL,63.0,61.0,-2.0
2013,8,8,UA,LAX,65.0,64.0,-1.0
2013,8,8,DL,TPA,155.0,128.0,-27.0
2013,8,8,DL,FLL,159.0,131.0,-28.0
2013,8,8,US,CLT,223.0,258.0,35.0
2013,8,8,EV,CLT,171.0,174.0,3.0
2013,8,8,DL,PIT,133.0,112.0,-21.0
2013,8,8,B6,FLL,157.0,138.0,-19.0
2013,8,8,EV,IAD,163.0,155.0,-8.0
2013,8,8,MQ,CMH,162.0,177.0,15.0
2013,8,8,DL,LAS,67.0,81.0,14.0
2013,8,8,UA,AUS,89.0,101.0,12.0
2013,8,8,UA,LAX,121.0,151.0,30.0
2013,8,8,EV,CLE,148.0,148.0,0.0
2013,8,8,B6,AUS,123.0,140.0,17.0
2013,8,8,DL,SJU,73.0,79.0,6.0
2013,8,8,EV,DCA,48.0,63.0,15.0
2013,8,8,US,DCA,90.0,77.0,-13.0
2013,8,8,UA,ORD,151.0,132.0,-19.0
2013,8,8,EV,TUL,144.0,150.0,6.0
2013,8,8,UA,MCO,67.0,71.0,4.0
2013,8,8,B6,PDX,103.0,118.0,15.0
2013,8,8,B6,BOS,149.0,151.0,2.0
2013,8,8,AA,ORD,172.0,159.0,-13.0
2013,8,8,B6,ROC,127.0,143.0,16.0
2013,8,8,EV,RIC,104.0,118.0,14.0
2013,8,8,EV,STL,104.0,106.0,2.0
2013,8,8,B6,SMF,184.0,204.0,20.0
2013,8,8,B6,MCO,85.0,97.0,12.0
2013,8,8,EV,SDF,75.0,91.0,16.0
2013,8,8,B6,DEN,80.0,93.0,13.0
2013,8,8,VX,LAX,175.0,200.0,25.0
2013,8,8,B6,MSY,94.0,93.0,-1.0
2013,8,8,AA,LAX,71.0,79.0,8.0
2013,8,8,B6,BUF,106.0,138.0,32.0
2013,8,8,9E,PHL,153.0,149.0,-4.0
2013,8,8,EV,CLT,228.0,186.0,-42.0
2013,8,8,DL,BOS,87.0,91.0,4.0
2013,8,8,EV,JAX,139.0,138.0,-1.0
2013,8,8,AA,DFW,238.0,221.0,-17.0
2013,8,8,FL,CAK,168.0,155.0,-13.0
2013,8,8,B6,PHX,176.0,199.0,23.0
2013,8,8,MQ,CMH,325.0,315.0,-10.0
2013,8,8,EV,BTV,70.0,98.0,28.0
2013,8,8,B6,BOS,171.0,161.0,-10.0
2013,8,8,EV,CLT,520.0,490.0,-30.0
2013,8,8,EV,MHT,132.0,108.0,-24.0
2013,8,8,WN,MKE,277.0,243.0,-34.0
2013,8,8,MQ,DCA,123.0,133.0,10.0
2013,8,8,MQ,BNA,133.0,142.0,9.0
2013,8,8,9E,CVG,181.0,172.0,-9.0
2013,8,8,AA,ORD,171.0,154.0,-17.0
2013,8,8,B6,SJU,176.0,172.0,-4.0
2013,8,8,B6,MCO,179.0,156.0,-23.0
2013,8,9,AA,LAX,134.0,119.0,-15.0
2013,8,9,DL,BOS,139.0,109.0,-30.0
2013,8,9,B6,MCO,145.0,118.0,-27.0
2013,8,9,B6,BOS,70.0,62.0,-8.0
2013,8,9,EV,SDF,166.0,148.0,-18.0
2013,8,9,EV,BTV,144.0,126.0,-18.0
2013,8,9,B6,FLL,177.0,173.0,-4.0
2013,8,9,UA,DEN,384.0,352.0,-32.0
2013,8,9,B6,SJU,218.0,198.0,-20.0
2013,8,9,B6,FLL,190.0,172.0,-18.0
2013,8,9,B6,SJU,121.0,119.0,-2.0
2013,8,9,B6,PSE,157.0,141.0,-16.0
2013,8,9,B6,ORD,93.0,123.0,30.0
2013,8,9,MQ,CLT,117.0,123.0,6.0
2013,8,9,B6,PBI,96.0,112.0,16.0
2013,8,9,WN,MDW,64.0,60.0,-4.0
2013,8,9,EV,MSP,159.0,170.0,11.0
2013,8,9,B6,MCO,57.0,62.0,5.0
2013,8,9,MQ,MSP,175.0,190.0,15.0
2013,8,9,EV,DTW,73.0,65.0,-8.0
2013,8,9,AA,ORD,55.0,63.0,8.0
2013,8,9,B6,SEA,51.0,84.0,33.0
2013,8,9,MQ,ATL,81.0,82.0,1.0
2013,8,9,UA,SFO,78.0,84.0,6.0
2013,8,9,VX,SFO,58.0,89.0,31.0
2013,8,9,EV,MSP,191.0,187.0,-4.0
2013,8,9,EV,IAD,103.0,92.0,-11.0
2013,8,9,B6,BUF,68.0,63.0,-5.0
2013,8,9,B6,MCO,111.0,112.0,1.0
2013,8,9,AA,SFO,82.0,95.0,13.0
2013,8,9,EV,IAD,126.0,128.0,2.0
2013,8,9,EV,RDU,97.0,88.0,-9.0
2013,8,9,EV,PIT,68.0,66.0,-2.0
2013,8,9,DL,FLL,57.0,129.0,72.0
2013,8,9,EV,SAV,154.0,152.0,-2.0
2013,8,9,DL,BOS,49.0,63.0,14.0
2013,8,9,AA,DFW,43.0,78.0,35.0
2013,8,9,DL,ATL,57.0,79.0,22.0
2013,8,9,MQ,DCA,70.0,65.0,-5.0
2013,8,9,MQ,ATL,91.0,93.0,2.0
2013,8,9,FL,ATL,38.0,79.0,41.0
2013,8,9,MQ,CLT,0.0,90.0,90.0
2013,8,9,WN,PHX,40.0,68.0,28.0
2013,8,9,WN,MDW,55.0,120.0,65.0
2013,8,9,B6,FLL,97.0,93.0,-4.0
2013,8,9,B6,RSW,97.0,136.0,39.0
2013,8,9,EV,IAD,36.0,89.0,53.0
2013,8,9,FL,CAK,27.0,92.0,65.0
2013,8,9,AA,ORD,60.0,68.0,8.0
2013,8,9,AA,TPA,5.0,67.0,62.0
2013,8,9,US,DCA,3.0,64.0,61.0
2013,8,9,B6,MCO,67.0,82.0,15.0
2013,8,9,B6,BOS,75.0,95.0,20.0
2013,8,9,AA,SFO,-1.0,80.0,81.0
2013,8,9,UA,SFO,59.0,117.0,58.0
2013,8,9,B6,HOU,31.0,65.0,34.0
2013,8,9,B6,MSY,56.0,102.0,46.0
2013,8,9,9E,BUF,62.0,96.0,34.0
2013,8,9,EV,CLT,48.0,68.0,20.0
2013,8,9,MQ,DCA,42.0,85.0,43.0
2013,8,9,EV,CHS,63.0,76.0,13.0
2013,8,9,AA,SJU,65.0,72.0,7.0
2013,8,9,DL,LAS,40.0,123.0,83.0
2013,8,9,DL,SLC,17.0,71.0,54.0
2013,8,9,B6,FLL,76.0,83.0,7.0
2013,8,9,UA,SFO,21.0,99.0,78.0
2013,8,9,EV,MKE,44.0,62.0,18.0
2013,8,9,AA,LAX,25.0,76.0,51.0
2013,8,9,9E,MKE,0.0,97.0,97.0
2013,8,9,US,CLT,38.0,70.0,32.0
2013,8,9,9E,DCA,87.0,114.0,27.0
2013,8,9,UA,CLE,37.0,71.0,34.0
2013,8,9,EV,JAX,71.0,89.0,18.0
2013,8,9,B6,ORD,33.0,118.0,85.0
2013,8,9,WN,MDW,59.0,62.0,3.0
2013,8,9,EV,CLT,95.0,74.0,-21.0
2013,8,9,AA,DFW,1.0,104.0,103.0
2013,8,9,9E,DTW,13.0,79.0,66.0
2013,8,9,DL,DTW,3.0,70.0,67.0
2013,8,9,WN,STL,39.0,114.0,75.0
2013,8,9,B6,SAN,0.0,89.0,89.0
2013,8,9,DL,MIA,39.0,87.0,48.0
2013,8,9,UA,CLE,54.0,142.0,88.0
2013,8,9,DL,BOS,108.0,143.0,35.0
2013,8,9,MQ,XNA,80.0,117.0,37.0
2013,8,9,9E,SDF,36.0,96.0,60.0
2013,8,9,US,DCA,54.0,164.0,110.0
2013,8,9,DL,SFO,55.0,80.0,25.0
2013,8,9,DL,MSP,41.0,129.0,88.0
2013,8,9,MQ,DTW,26.0,111.0,85.0
2013,8,9,B6,TPA,32.0,98.0,66.0
2013,8,9,AA,ORD,-7.0,100.0,107.0
2013,8,9,WN,DEN,69.0,120.0,51.0
2013,8,9,EV,IAD,148.0,188.0,40.0
2013,8,9,DL,ATL,78.0,68.0,-10.0
2013,8,9,UA,DEN,0.0,67.0,67.0
2013,8,9,YV,IAD,63.0,95.0,32.0
2013,8,9,UA,DEN,107.0,240.0,133.0
2013,8,9,DL,LAX,9.0,62.0,53.0
2013,8,9,B6,TPA,106.0,121.0,15.0
2013,8,9,DL,SAN,11.0,77.0,66.0
2013,8,9,MQ,BNA,38.0,96.0,58.0
2013,8,9,EV,MEM,44.0,69.0,25.0
2013,8,9,UA,DEN,112.0,136.0,24.0
2013,8,9,EV,RDU,73.0,118.0,45.0
2013,8,9,EV,GSO,52.0,65.0,13.0
2013,8,9,B6,SEA,-6.0,62.0,68.0
2013,8,9,MQ,ORF,30.0,70.0,40.0
2013,8,9,B6,BOS,58.0,70.0,12.0
2013,8,9,UA,PHX,24.0,167.0,143.0
2013,8,9,B6,MCO,89.0,79.0,-10.0
2013,8,9,EV,STL,98.0,140.0,42.0
2013,8,9,B6,PBI,77.0,138.0,61.0
2013,8,9,EV,DTW,25.0,109.0,84.0
2013,8,9,UA,BOS,174.0,161.0,-13.0
2013,8,9,EV,CHS,175.0,251.0,76.0
2013,8,9,MQ,DCA,35.0,63.0,28.0
2013,8,9,VX,SFO,88.0,105.0,17.0
2013,8,9,AA,MIA,54.0,62.0,8.0
2013,8,9,B6,BUF,74.0,116.0,42.0
2013,8,9,US,CLT,56.0,152.0,96.0
2013,8,9,EV,MKE,31.0,62.0,31.0
2013,8,9,EV,DTW,85.0,105.0,20.0
2013,8,9,AA,DFW,6.0,100.0,94.0
2013,8,9,UA,SFO,66.0,125.0,59.0
2013,8,9,AA,MIA,41.0,77.0,36.0
2013,8,9,DL,SFO,36.0,73.0,37.0
2013,8,9,DL,FLL,206.0,228.0,22.0
2013,8,9,9E,CVG,68.0,87.0,19.0
2013,8,9,US,CLT,34.0,109.0,75.0
2013,8,9,AA,IAH,37.0,61.0,24.0
2013,8,9,9E,CVG,75.0,90.0,15.0
2013,8,9,DL,MEM,85.0,122.0,37.0
2013,8,9,WN,MDW,91.0,126.0,35.0
2013,8,9,UA,LAX,18.0,61.0,43.0
2013,8,9,UA,SAT,67.0,88.0,21.0
2013,8,9,US,DCA,79.0,111.0,32.0
2013,8,9,B6,SYR,71.0,111.0,40.0
2013,8,9,DL,BOS,117.0,145.0,28.0
2013,8,9,UA,LAS,79.0,128.0,49.0
2013,8,9,EV,BGR,0.0,65.0,65.0
2013,8,9,UA,MCO,67.0,66.0,-1.0
2013,8,9,WN,DEN,50.0,88.0,38.0
2013,8,9,DL,PBI,9.0,65.0,56.0
2013,8,9,UA,SEA,68.0,70.0,2.0
2013,8,9,DL,DEN,53.0,102.0,49.0
2013,8,9,FL,ATL,66.0,87.0,21.0
2013,8,9,AA,DFW,106.0,116.0,10.0
2013,8,9,UA,SFO,19.0,93.0,74.0
2013,8,9,F9,DEN,73.0,142.0,69.0
2013,8,9,B6,PWM,94.0,145.0,51.0
2013,8,9,EV,DCA,52.0,85.0,33.0
2013,8,9,MQ,RDU,62.0,132.0,70.0
2013,8,9,B6,IAD,53.0,94.0,41.0
2013,8,9,DL,ATL,110.0,135.0,25.0
2013,8,9,UA,ORD,49.0,80.0,31.0
2013,8,9,UA,IAH,80.0,134.0,54.0
2013,8,9,EV,ORF,103.0,158.0,55.0
2013,8,9,DL,SJU,189.0,173.0,-16.0
2013,8,9,UA,ORD,35.0,66.0,31.0
2013,8,9,EV,CHS,90.0,119.0,29.0
2013,8,9,UA,SFO,213.0,269.0,56.0
2013,8,9,EV,STL,116.0,136.0,20.0
2013,8,9,B6,MCO,111.0,155.0,44.0
2013,8,9,B6,LGB,37.0,76.0,39.0
2013,8,9,US,CLT,34.0,60.0,26.0
2013,8,9,B6,OAK,112.0,95.0,-17.0
2013,8,9,B6,RSW,215.0,194.0,-21.0
2013,8,9,DL,MSP,71.0,123.0,52.0
2013,8,9,WN,HOU,121.0,132.0,11.0
2013,8,9,UA,LAX,46.0,94.0,48.0
2013,8,9,EV,ROC,147.0,181.0,34.0
2013,8,9,UA,SFO,122.0,167.0,45.0
2013,8,9,B6,MCO,86.0,131.0,45.0
2013,8,9,UA,DFW,58.0,101.0,43.0
2013,8,9,UA,PBI,27.0,73.0,46.0
2013,8,9,AA,STL,47.0,62.0,15.0
2013,8,9,AA,SFO,86.0,112.0,26.0
2013,8,9,UA,ORD,142.0,145.0,3.0
2013,8,9,UA,SNA,59.0,67.0,8.0
2013,8,9,WN,STL,112.0,150.0,38.0
2013,8,9,MQ,TVC,87.0,128.0,41.0
2013,8,9,EV,MCI,39.0,69.0,30.0
2013,8,9,UA,IAH,146.0,138.0,-8.0
2013,8,9,UA,BOS,153.0,198.0,45.0
2013,8,9,B6,BUF,55.0,78.0,23.0
2013,8,9,UA,BOS,111.0,156.0,45.0
2013,8,9,AA,BOS,216.0,239.0,23.0
2013,8,9,WN,MDW,101.0,127.0,26.0
2013,8,9,DL,PDX,219.0,240.0,21.0
2013,8,9,MQ,CMH,104.0,115.0,11.0
2013,8,9,UA,ORD,165.0,212.0,47.0
2013,8,9,AS,SEA,84.0,118.0,34.0
2013,8,9,B6,FLL,87.0,116.0,29.0
2013,8,9,EV,MSP,164.0,191.0,27.0
2013,8,9,9E,PIT,54.0,88.0,34.0
2013,8,9,DL,ATL,106.0,112.0,6.0
2013,8,9,AA,ORD,78.0,83.0,5.0
2013,8,9,DL,MSY,100.0,121.0,21.0
2013,8,9,WN,MSY,95.0,100.0,5.0
2013,8,9,UA,MIA,100.0,115.0,15.0
2013,8,9,DL,SFO,66.0,133.0,67.0
2013,8,9,VX,LAX,71.0,101.0,30.0
2013,8,9,UA,SEA,27.0,76.0,49.0
2013,8,9,UA,PDX,46.0,120.0,74.0
2013,8,9,UA,LAX,56.0,92.0,36.0
2013,8,9,B6,MCO,52.0,80.0,28.0
2013,8,9,9E,ORD,64.0,74.0,10.0
2013,8,9,DL,PHX,85.0,87.0,2.0
2013,8,9,B6,FLL,72.0,100.0,28.0
2013,8,9,B6,SFO,133.0,141.0,8.0
2013,8,9,UA,SFO,103.0,105.0,2.0
2013,8,9,DL,DEN,74.0,62.0,-12.0
2013,8,9,B6,PBI,116.0,137.0,21.0
2013,8,9,DL,MSP,101.0,92.0,-9.0
2013,8,9,WN,MKE,86.0,60.0,-26.0
2013,8,9,EV,CVG,192.0,203.0,11.0
2013,8,9,DL,SLC,188.0,238.0,50.0
2013,8,9,EV,BHM,95.0,95.0,0.0
2013,8,9,WN,BNA,151.0,132.0,-19.0
2013,8,9,MQ,CMH,72.0,75.0,3.0
2013,8,9,UA,SFO,279.0,332.0,53.0
2013,8,9,VX,SFO,204.0,196.0,-8.0
2013,8,9,EV,ATL,64.0,71.0,7.0
2013,8,9,DL,FLL,85.0,60.0,-25.0
2013,8,9,DL,SAT,105.0,71.0,-34.0
2013,8,9,UA,IAH,96.0,74.0,-22.0
2013,8,9,YV,CLT,204.0,196.0,-8.0
2013,8,9,9E,RDU,96.0,86.0,-10.0
2013,8,9,AA,BOS,111.0,105.0,-6.0
2013,8,9,UA,SFO,104.0,132.0,28.0
2013,8,9,FL,ATL,136.0,114.0,-22.0
2013,8,9,B6,FLL,100.0,107.0,7.0
2013,8,9,EV,TVC,107.0,116.0,9.0
2013,8,9,B6,LAS,143.0,115.0,-28.0
2013,8,9,UA,MIA,67.0,76.0,9.0
2013,8,9,DL,PIT,88.0,68.0,-20.0
2013,8,9,UA,ORD,88.0,78.0,-10.0
2013,8,9,DL,ATL,89.0,69.0,-20.0
2013,8,9,UA,LAX,66.0,82.0,16.0
2013,8,9,UA,CLE,72.0,82.0,10.0
2013,8,9,DL,MCO,124.0,123.0,-1.0
2013,8,9,EV,DSM,118.0,120.0,2.0
2013,8,9,MQ,CMH,104.0,105.0,1.0
2013,8,9,EV,OMA,74.0,96.0,22.0
2013,8,9,UA,FLL,49.0,71.0,22.0
2013,8,9,B6,SFO,75.0,70.0,-5.0
2013,8,9,EV,IAD,134.0,124.0,-10.0
2013,8,9,MQ,ATL,105.0,87.0,-18.0
2013,8,9,UA,SFO,76.0,98.0,22.0
2013,8,9,UA,TPA,185.0,195.0,10.0
2013,8,9,VX,SFO,172.0,159.0,-13.0
2013,8,9,9E,MSY,138.0,153.0,15.0
2013,8,9,WN,MDW,79.0,88.0,9.0
2013,8,9,EV,DCA,129.0,144.0,15.0
2013,8,9,B6,ABQ,112.0,98.0,-14.0
2013,8,9,B6,BOS,272.0,281.0,9.0
2013,8,9,EV,IAD,154.0,148.0,-6.0
2013,8,9,DL,ATL,185.0,165.0,-20.0
2013,8,9,US,DCA,187.0,156.0,-31.0
2013,8,9,VX,LAX,128.0,136.0,8.0
2013,8,9,MQ,BNA,222.0,213.0,-9.0
2013,8,9,DL,MCO,256.0,242.0,-14.0
2013,8,9,B6,BOS,96.0,110.0,14.0
2013,8,9,MQ,CLT,79.0,68.0,-11.0
2013,8,9,UA,TPA,89.0,77.0,-12.0
2013,8,9,B6,MCO,87.0,92.0,5.0
2013,8,9,B6,BUF,77.0,77.0,0.0
2013,8,9,B6,ORD,151.0,142.0,-9.0
2013,8,9,WN,MDW,101.0,72.0,-29.0
2013,8,9,EV,TVC,163.0,143.0,-20.0
2013,8,9,EV,CLE,162.0,139.0,-23.0
2013,8,9,EV,OKC,162.0,164.0,2.0
2013,8,9,US,DCA,168.0,144.0,-24.0
2013,8,9,MQ,CLE,255.0,258.0,3.0
2013,8,9,EV,TYS,191.0,201.0,10.0
2013,8,9,UA,IAH,109.0,121.0,12.0
2013,8,9,MQ,DCA,75.0,69.0,-6.0
2013,8,9,MQ,DTW,141.0,134.0,-7.0
2013,8,9,B6,MSY,105.0,90.0,-15.0
2013,8,9,B6,BOS,185.0,173.0,-12.0
2013,8,9,EV,ORF,109.0,98.0,-11.0
2013,8,9,B6,LAS,96.0,107.0,11.0
2013,8,9,B6,ROC,168.0,149.0,-19.0
2013,8,9,B6,JAX,120.0,107.0,-13.0
2013,8,9,UA,PBI,151.0,140.0,-11.0
2013,8,9,B6,DEN,136.0,109.0,-27.0
2013,8,9,B6,PDX,172.0,152.0,-20.0
2013,8,9,B6,MCO,145.0,132.0,-13.0
2013,8,9,B6,TPA,119.0,97.0,-22.0
2013,8,9,FL,CAK,205.0,193.0,-12.0
2013,8,9,B6,ROC,73.0,70.0,-3.0
2013,8,10,B6,LAX,51.0,66.0,15.0
2013,8,10,B6,SJU,70.0,65.0,-5.0
2013,8,10,B6,JAX,74.0,72.0,-2.0
2013,8,10,EV,MEM,60.0,74.0,14.0
2013,8,10,EV,MCI,81.0,74.0,-7.0
2013,8,10,B6,FLL,89.0,68.0,-21.0
2013,8,10,UA,LAS,87.0,76.0,-11.0
2013,8,10,MQ,BNA,75.0,102.0,27.0
2013,8,10,EV,TVC,230.0,220.0,-10.0
2013,8,10,B6,PBI,69.0,60.0,-9.0
2013,8,10,DL,BOS,167.0,160.0,-7.0
2013,8,10,MQ,MSP,72.0,62.0,-10.0
2013,8,10,EV,BTV,98.0,80.0,-18.0
2013,8,10,AA,DFW,107.0,86.0,-21.0
2013,8,10,UA,LAX,46.0,63.0,17.0
2013,8,10,UA,ORD,86.0,83.0,-3.0
2013,8,10,B6,LGB,65.0,84.0,19.0
2013,8,10,EV,OMA,137.0,135.0,-2.0
2013,8,10,US,CLT,1.0,64.0,63.0
2013,8,10,B6,MCO,182.0,174.0,-8.0
2013,8,10,UA,LAX,39.0,67.0,28.0
2013,8,10,UA,IAH,47.0,71.0,24.0
2013,8,10,DL,ATL,11.0,63.0,52.0
2013,8,10,US,CLT,103.0,124.0,21.0
2013,8,10,US,DCA,218.0,209.0,-9.0
2013,8,10,EV,BGR,109.0,89.0,-20.0
2013,8,10,MQ,CLT,34.0,63.0,29.0
2013,8,10,B6,CLT,9.0,62.0,53.0
2013,8,10,EV,ATL,94.0,131.0,37.0
2013,8,10,DL,ATL,74.0,93.0,19.0
2013,8,10,B6,LAX,68.0,67.0,-1.0
2013,8,10,9E,CLT,178.0,168.0,-10.0
2013,8,10,B6,TPA,89.0,70.0,-19.0
2013,8,10,MQ,IND,167.0,157.0,-10.0
2013,8,10,EV,GSO,105.0,103.0,-2.0
2013,8,10,US,CLT,207.0,228.0,21.0
2013,8,10,AA,LAS,79.0,61.0,-18.0
2013,8,10,B6,BOS,118.0,87.0,-31.0
2013,8,10,B6,MSY,244.0,255.0,11.0
2013,8,10,AA,SEA,82.0,80.0,-2.0
2013,8,10,B6,BUF,89.0,91.0,2.0
2013,8,10,DL,ATL,74.0,60.0,-14.0
2013,8,10,B6,LAX,3.0,61.0,58.0
2013,8,10,B6,SMF,97.0,118.0,21.0
2013,8,10,B6,FLL,144.0,143.0,-1.0
2013,8,10,B6,BOS,79.0,75.0,-4.0
2013,8,10,B6,MCO,67.0,64.0,-3.0
2013,8,10,B6,MCO,109.0,96.0,-13.0
2013,8,10,B6,BTV,75.0,69.0,-6.0
2013,8,11,DL,DEN,360.0,335.0,-25.0
2013,8,11,EV,BTV,184.0,159.0,-25.0
2013,8,11,DL,LAX,107.0,127.0,20.0
2013,8,11,MQ,DTW,133.0,120.0,-13.0
2013,8,11,EV,CLE,168.0,169.0,1.0
2013,8,11,AA,ORD,110.0,129.0,19.0
2013,8,11,EV,MCI,136.0,152.0,16.0
2013,8,11,EV,MSN,58.0,88.0,30.0
2013,8,11,MQ,ATL,195.0,185.0,-10.0
2013,8,11,AA,DFW,156.0,201.0,45.0
2013,8,11,DL,BOS,-4.0,65.0,69.0
2013,8,11,EV,PWM,93.0,120.0,27.0
2013,8,11,AA,MIA,108.0,117.0,9.0
2013,8,11,MQ,ATL,69.0,81.0,12.0
2013,8,11,UA,LAX,35.0,85.0,50.0
2013,8,11,EV,IAD,39.0,70.0,31.0
2013,8,11,B6,SJU,36.0,62.0,26.0
2013,8,11,B6,PWM,31.0,82.0,51.0
2013,8,11,AA,LAX,57.0,64.0,7.0
2013,8,11,EV,DTW,51.0,65.0,14.0
2013,8,11,EV,STL,75.0,101.0,26.0
2013,8,11,UA,LAX,24.0,82.0,58.0
2013,8,11,B6,BUR,65.0,89.0,24.0
2013,8,11,B6,SFO,65.0,77.0,12.0
2013,8,11,9E,MSP,56.0,68.0,12.0
2013,8,11,DL,LAX,63.0,63.0,0.0
2013,8,11,WN,MDW,91.0,98.0,7.0
2013,8,11,UA,DEN,76.0,100.0,24.0
2013,8,11,DL,DEN,108.0,111.0,3.0
2013,8,11,MQ,CMH,19.0,71.0,52.0
2013,8,11,VX,LAX,0.0,63.0,63.0
2013,8,11,EV,RIC,61.0,65.0,4.0
2013,8,11,AA,SFO,140.0,172.0,32.0
2013,8,11,B6,LGB,114.0,127.0,13.0
2013,8,11,DL,MSP,138.0,126.0,-12.0
2013,8,11,DL,MSY,114.0,121.0,7.0
2013,8,11,UA,LAX,78.0,95.0,17.0
2013,8,11,EV,TYS,68.0,74.0,6.0
2013,8,11,FL,ATL,115.0,114.0,-1.0
2013,8,11,9E,CVG,38.0,72.0,34.0
2013,8,11,B6,AUS,61.0,66.0,5.0
2013,8,11,UA,IAH,100.0,89.0,-11.0
2013,8,11,EV,TUL,103.0,103.0,0.0
2013,8,11,EV,CLE,128.0,104.0,-24.0
2013,8,11,B6,MCO,52.0,63.0,11.0
2013,8,11,B6,MSY,72.0,77.0,5.0
2013,8,11,B6,LAS,85.0,88.0,3.0
2013,8,11,B6,SEA,340.0,328.0,-12.0
2013,8,11,B6,TPA,114.0,98.0,-16.0
2013,8,12,B6,SJU,92.0,104.0,12.0
2013,8,12,WN,MDW,75.0,83.0,8.0
2013,8,12,B6,SJU,49.0,91.0,42.0
2013,8,12,EV,MCI,27.0,62.0,35.0
2013,8,12,9E,MSP,71.0,69.0,-2.0
2013,8,12,AA,LAS,125.0,137.0,12.0
2013,8,12,WN,MDW,45.0,67.0,22.0
2013,8,12,UA,SFO,30.0,84.0,54.0
2013,8,12,B6,SYR,79.0,78.0,-1.0
2013,8,12,EV,IAD,68.0,93.0,25.0
2013,8,12,9E,DCA,162.0,140.0,-22.0
2013,8,12,AA,SFO,72.0,102.0,30.0
2013,8,12,B6,BUF,92.0,94.0,2.0
2013,8,12,DL,TPA,59.0,63.0,4.0
2013,8,12,B6,LAX,24.0,89.0,65.0
2013,8,12,B6,BOS,65.0,61.0,-4.0
2013,8,12,B6,MCO,71.0,70.0,-1.0
2013,8,12,9E,BUF,108.0,108.0,0.0
2013,8,12,B6,PBI,87.0,91.0,4.0
2013,8,12,UA,FLL,104.0,99.0,-5.0
2013,8,12,EV,CLT,62.0,79.0,17.0
2013,8,12,B6,JAX,108.0,101.0,-7.0
2013,8,12,B6,TPA,68.0,60.0,-8.0
2013,8,12,DL,ATL,43.0,66.0,23.0
2013,8,12,EV,PIT,45.0,98.0,53.0
2013,8,12,9E,CLE,132.0,124.0,-8.0
2013,8,12,DL,ATL,14.0,70.0,56.0
2013,8,12,MQ,IND,123.0,125.0,2.0
2013,8,12,EV,GSO,87.0,83.0,-4.0
2013,8,12,B6,SJU,67.0,61.0,-6.0
2013,8,12,B6,FLL,120.0,99.0,-21.0
2013,8,12,WN,DEN,64.0,89.0,25.0
2013,8,12,EV,MKE,98.0,92.0,-6.0
2013,8,12,EV,ATL,-4.0,64.0,68.0
2013,8,12,UA,SFO,153.0,165.0,12.0
2013,8,12,UA,DEN,169.0,160.0,-9.0
2013,8,12,9E,CVG,170.0,139.0,-31.0
2013,8,12,9E,CHS,84.0,70.0,-14.0
2013,8,12,9E,MSP,107.0,87.0,-20.0
2013,8,12,DL,PHX,83.0,67.0,-16.0
2013,8,12,9E,CVG,115.0,94.0,-21.0
2013,8,12,DL,ATL,99.0,106.0,7.0
2013,8,12,EV,CLT,90.0,85.0,-5.0
2013,8,12,EV,TYS,70.0,69.0,-1.0
2013,8,12,FL,CAK,405.0,400.0,-5.0
2013,8,12,B6,PHX,47.0,109.0,62.0
2013,8,12,AA,ORD,89.0,83.0,-6.0
2013,8,12,FL,ATL,142.0,139.0,-3.0
2013,8,12,WN,MDW,64.0,60.0,-4.0
2013,8,12,UA,LAX,76.0,86.0,10.0
2013,8,12,B6,LAX,45.0,67.0,22.0
2013,8,12,B6,PDX,65.0,60.0,-5.0
2013,8,12,WN,MDW,156.0,133.0,-23.0
2013,8,13,B6,SJU,129.0,136.0,7.0
2013,8,13,EV,BNA,-2.0,121.0,123.0
2013,8,13,EV,GSP,1.0,76.0,75.0
2013,8,13,UA,PHX,-4.0,70.0,74.0
2013,8,13,AA,DFW,4.0,68.0,64.0
2013,8,13,UA,PDX,-3.0,65.0,68.0
2013,8,13,UA,DEN,22.0,97.0,75.0
2013,8,13,WN,STL,33.0,115.0,82.0
2013,8,13,UA,IAH,1.0,73.0,72.0
2013,8,13,B6,TPA,-6.0,83.0,89.0
2013,8,13,MQ,ATL,104.0,128.0,24.0
2013,8,13,DL,ATL,-4.0,72.0,76.0
2013,8,13,UA,LAX,-4.0,72.0,76.0
2013,8,13,UA,DFW,-4.0,74.0,78.0
2013,8,13,WN,BNA,39.0,123.0,84.0
2013,8,13,UA,LAS,0.0,81.0,81.0
2013,8,13,EV,OMA,-1.0,72.0,73.0
2013,8,13,UA,SFO,3.0,99.0,96.0
2013,8,13,FL,ATL,14.0,77.0,63.0
2013,8,13,9E,MSY,21.0,82.0,61.0
2013,8,13,DL,MCO,0.0,65.0,65.0
2013,8,13,B6,MCO,-5.0,80.0,85.0
2013,8,13,B6,CLT,-2.0,100.0,102.0
2013,8,13,WN,MDW,54.0,105.0,51.0
2013,8,13,US,CLT,10.0,83.0,73.0
2013,8,13,EV,RIC,-3.0,72.0,75.0
2013,8,13,MQ,RDU,9.0,71.0,62.0
2013,8,13,AA,MIA,23.0,60.0,37.0
2013,8,13,EV,STL,43.0,102.0,59.0
2013,8,13,MQ,ATL,13.0,64.0,51.0
2013,8,13,UA,DEN,14.0,60.0,46.0
2013,8,13,B6,FLL,-1.0,76.0,77.0
2013,8,13,MQ,DCA,68.0,127.0,59.0
2013,8,13,B6,SAN,25.0,67.0,42.0
2013,8,13,EV,IAD,221.0,251.0,30.0
2013,8,13,MQ,CLE,98.0,138.0,40.0
2013,8,13,EV,RDU,119.0,132.0,13.0
2013,8,13,9E,CVG,196.0,190.0,-6.0
2013,8,13,EV,DAY,174.0,168.0,-6.0
2013,8,13,MQ,ATL,50.0,97.0,47.0
2013,8,13,MQ,DTW,170.0,161.0,-9.0
2013,8,13,9E,PHL,76.0,100.0,24.0
2013,8,13,MQ,ORD,53.0,66.0,13.0
2013,8,13,AA,MIA,75.0,62.0,-13.0
2013,8,13,FL,CAK,72.0,60.0,-12.0
2013,8,13,EV,BNA,44.0,60.0,16.0
2013,8,13,EV,AVL,204.0,228.0,24.0
2013,8,13,US,CLT,103.0,115.0,12.0
2013,8,13,EV,IND,178.0,191.0,13.0
2013,8,13,B6,BUF,106.0,97.0,-9.0
2013,8,13,EV,IAD,136.0,146.0,10.0
2013,8,13,B6,PBI,117.0,133.0,16.0
2013,8,13,US,DCA,97.0,83.0,-14.0
2013,8,13,DL,ATL,129.0,127.0,-2.0
2013,8,13,US,CLT,85.0,75.0,-10.0
2013,8,13,YV,CLT,79.0,76.0,-3.0
2013,8,13,DL,ATL,117.0,115.0,-2.0
2013,8,13,B6,FLL,124.0,106.0,-18.0
2013,8,13,EV,STL,118.0,110.0,-8.0
2013,8,13,B6,LAX,69.0,104.0,35.0
2013,8,13,UA,PHX,77.0,104.0,27.0
2013,8,13,UA,MCO,109.0,99.0,-10.0
2013,8,13,WN,BNA,122.0,107.0,-15.0
2013,8,13,US,CLT,89.0,95.0,6.0
2013,8,13,DL,PBI,97.0,80.0,-17.0
2013,8,13,EV,SAV,215.0,216.0,1.0
2013,8,13,AA,DFW,141.0,159.0,18.0
2013,8,13,AA,MIA,132.0,109.0,-23.0
2013,8,13,DL,FLL,127.0,106.0,-21.0
2013,8,13,MQ,RDU,59.0,97.0,38.0
2013,8,13,DL,ATL,113.0,96.0,-17.0
2013,8,13,US,CLT,79.0,82.0,3.0
2013,8,13,WN,HOU,100.0,93.0,-7.0
2013,8,13,EV,RIC,82.0,73.0,-9.0
2013,8,13,B6,BUF,116.0,123.0,7.0
2013,8,13,EV,ROC,117.0,102.0,-15.0
2013,8,13,B6,MCO,116.0,106.0,-10.0
2013,8,13,B6,LGB,61.0,84.0,23.0
2013,8,13,B6,PBI,88.0,94.0,6.0
2013,8,13,F9,DEN,86.0,110.0,24.0
2013,8,13,EV,GSO,89.0,89.0,0.0
2013,8,13,UA,LAX,48.0,66.0,18.0
2013,8,13,EV,MEM,83.0,100.0,17.0
2013,8,13,B6,MCO,52.0,63.0,11.0
2013,8,13,B6,PWM,76.0,86.0,10.0
2013,8,13,WN,PHX,102.0,112.0,10.0
2013,8,13,UA,ORD,88.0,80.0,-8.0
2013,8,13,EV,CVG,70.0,66.0,-4.0
2013,8,13,WN,MDW,93.0,93.0,0.0
2013,8,13,B6,BOS,84.0,73.0,-11.0
2013,8,13,MQ,MSP,69.0,60.0,-9.0
2013,8,13,FL,ATL,87.0,78.0,-9.0
2013,8,13,AA,DFW,16.0,70.0,54.0
2013,8,13,EV,MCI,248.0,281.0,33.0
2013,8,13,EV,DTW,71.0,76.0,5.0
2013,8,13,B6,SJU,104.0,137.0,33.0
2013,8,13,MQ,DCA,63.0,69.0,6.0
2013,8,13,EV,IAD,100.0,99.0,-1.0
2013,8,13,B6,FLL,102.0,91.0,-11.0
2013,8,13,DL,LAS,74.0,84.0,10.0
2013,8,13,EV,JAX,86.0,80.0,-6.0
2013,8,13,B6,ORD,51.0,63.0,12.0
2013,8,13,UA,ORD,62.0,69.0,7.0
2013,8,13,EV,SDF,73.0,72.0,-1.0
2013,8,13,EV,BNA,94.0,95.0,1.0
2013,8,13,9E,ORD,70.0,63.0,-7.0
2013,8,13,EV,MHT,152.0,142.0,-10.0
2013,8,13,EV,IAD,158.0,156.0,-2.0
2013,8,13,EV,MSP,101.0,104.0,3.0
2013,8,13,WN,MDW,118.0,129.0,11.0
2013,8,13,AA,MIA,79.0,99.0,20.0
2013,8,13,AA,LAX,33.0,96.0,63.0
2013,8,13,B6,BOS,77.0,68.0,-9.0
2013,8,13,B6,PBI,92.0,142.0,50.0
2013,8,13,EV,DAY,99.0,103.0,4.0
2013,8,13,B6,TPA,98.0,103.0,5.0
2013,8,13,9E,MKE,115.0,118.0,3.0
2013,8,13,EV,PIT,132.0,112.0,-20.0
2013,8,13,B6,PWM,63.0,60.0,-3.0
2013,8,13,WN,HOU,75.0,61.0,-14.0
2013,8,13,EV,IND,288.0,308.0,20.0
2013,8,13,B6,BUF,95.0,93.0,-2.0
2013,8,13,EV,IND,149.0,170.0,21.0
2013,8,13,WN,MDW,113.0,106.0,-7.0
2013,8,13,DL,SLC,66.0,108.0,42.0
2013,8,13,AA,DFW,38.0,107.0,69.0
2013,8,13,B6,SFO,34.0,88.0,54.0
2013,8,13,AA,DFW,109.0,184.0,75.0
2013,8,13,VX,SFO,80.0,97.0,17.0
2013,8,13,EV,BNA,83.0,103.0,20.0
2013,8,13,B6,SJU,106.0,197.0,91.0
2013,8,13,MQ,DCA,95.0,86.0,-9.0
2013,8,13,B6,MCO,78.0,84.0,6.0
2013,8,13,AA,DFW,2.0,119.0,117.0
2013,8,13,9E,MCI,124.0,89.0,-35.0
2013,8,13,B6,IAD,85.0,71.0,-14.0
2013,8,13,AA,DFW,8.0,112.0,104.0
2013,8,13,DL,MSY,65.0,71.0,6.0
2013,8,13,WN,DEN,115.0,116.0,1.0
2013,8,13,UA,MIA,67.0,71.0,4.0
2013,8,13,VX,LAX,39.0,64.0,25.0
2013,8,13,EV,DTW,189.0,196.0,7.0
2013,8,13,AS,SEA,81.0,66.0,-15.0
2013,8,13,US,DCA,-8.0,60.0,68.0
2013,8,13,EV,IND,146.0,198.0,52.0
2013,8,13,F9,DEN,144.0,154.0,10.0
2013,8,13,B6,SJC,64.0,86.0,22.0
2013,8,13,B6,PBI,102.0,133.0,31.0
2013,8,13,UA,TPA,93.0,77.0,-16.0
2013,8,13,WN,MDW,146.0,166.0,20.0
2013,8,13,WN,MSY,126.0,101.0,-25.0
2013,8,13,DL,MIA,88.0,86.0,-2.0
2013,8,13,EV,BNA,113.0,108.0,-5.0
2013,8,13,MQ,CMH,103.0,134.0,31.0
2013,8,13,DL,ATL,139.0,195.0,56.0
2013,8,13,EV,TYS,116.0,134.0,18.0
2013,8,13,UA,LAX,39.0,71.0,32.0
2013,8,13,WN,MDW,68.0,80.0,12.0
2013,8,13,UA,SFO,51.0,65.0,14.0
2013,8,13,B6,AUS,92.0,98.0,6.0
2013,8,13,EV,TUL,142.0,155.0,13.0
2013,8,13,UA,PDX,160.0,125.0,-35.0
2013,8,13,EV,CVG,81.0,77.0,-4.0
2013,8,13,MQ,BNA,60.0,71.0,11.0
2013,8,13,B6,SJU,94.0,72.0,-22.0
2013,8,13,B6,LAS,54.0,69.0,15.0
2013,8,13,MQ,DCA,68.0,69.0,1.0
2013,8,13,EV,ATL,208.0,211.0,3.0
2013,8,13,UA,MIA,129.0,109.0,-20.0
2013,8,13,EV,BDL,119.0,97.0,-22.0
2013,8,14,EV,GSP,54.0,72.0,18.0
2013,8,14,WN,MDW,79.0,96.0,17.0
2013,8,14,EV,RIC,39.0,60.0,21.0
2013,8,14,UA,MIA,45.0,64.0,19.0
2013,8,14,MQ,RDU,61.0,87.0,26.0
2013,8,14,EV,AVL,80.0,83.0,3.0
2013,8,14,B6,MCO,125.0,129.0,4.0
2013,8,14,EV,DTW,149.0,140.0,-9.0
2013,8,14,DL,MCO,0.0,84.0,84.0
2013,8,14,EV,BTV,128.0,126.0,-2.0
2013,8,14,AA,MCO,26.0,64.0,38.0
2013,8,14,EV,MSN,72.0,68.0,-4.0
2013,8,14,B6,FLL,59.0,99.0,40.0
2013,8,14,B6,HOU,35.0,60.0,25.0
2013,8,14,EV,GSO,81.0,84.0,3.0
2013,8,14,UA,PBI,127.0,126.0,-1.0
2013,8,14,DL,MCO,2.0,61.0,59.0
2013,8,14,WN,BNA,180.0,174.0,-6.0
2013,8,14,B6,SJU,102.0,107.0,5.0
2013,8,14,EV,DTW,77.0,93.0,16.0
2013,8,14,EV,ATL,91.0,95.0,4.0
2013,8,14,EV,JAX,67.0,78.0,11.0
2013,8,14,UA,IAH,0.0,63.0,63.0
2013,8,14,EV,CMH,71.0,64.0,-7.0
2013,8,14,9E,CVG,0.0,68.0,68.0
2013,8,14,UA,SAN,124.0,95.0,-29.0
2013,8,14,B6,MCO,60.0,80.0,20.0
2013,8,14,DL,LAX,97.0,135.0,38.0
2013,8,14,B6,RDU,-2.0,62.0,64.0
2013,8,14,UA,IAH,12.0,61.0,49.0
2013,8,14,EV,SAV,56.0,75.0,19.0
2013,8,14,B6,FLL,58.0,91.0,33.0
2013,8,14,EV,BNA,87.0,69.0,-18.0
2013,8,14,AA,IAH,18.0,66.0,48.0
2013,8,14,AA,STL,158.0,151.0,-7.0
2013,8,14,AA,SAN,26.0,63.0,37.0
2013,8,14,MQ,CMH,185.0,186.0,1.0
2013,8,14,UA,IAH,43.0,75.0,32.0
2013,8,14,B6,LGB,27.0,83.0,56.0
2013,8,14,DL,MIA,194.0,194.0,0.0
2013,8,14,DL,DEN,75.0,67.0,-8.0
2013,8,14,EV,CMH,94.0,80.0,-14.0
2013,8,14,B6,SJC,14.0,75.0,61.0
2013,8,14,9E,DTW,54.0,62.0,8.0
2013,8,14,DL,PHX,34.0,96.0,62.0
2013,8,14,AA,LAX,16.0,65.0,49.0
2013,8,14,B6,MCO,142.0,169.0,27.0
2013,8,14,9E,CHS,58.0,86.0,28.0
2013,8,14,EV,CHS,149.0,152.0,3.0
2013,8,14,9E,DFW,301.0,300.0,-1.0
2013,8,14,9E,JAX,28.0,70.0,42.0
2013,8,14,US,CLT,70.0,82.0,12.0
2013,8,14,B6,SMF,28.0,61.0,33.0
2013,8,14,9E,BOS,57.0,89.0,32.0
2013,8,14,B6,TPA,56.0,106.0,50.0
2013,8,14,MQ,CMH,53.0,105.0,52.0
2013,8,14,DL,LAS,60.0,80.0,20.0
2013,8,14,EV,TUL,70.0,62.0,-8.0
2013,8,14,DL,ATL,113.0,129.0,16.0
2013,8,14,B6,PHX,39.0,83.0,44.0
2013,8,14,EV,MCI,138.0,118.0,-20.0
2013,8,14,B6,AUS,63.0,116.0,53.0
2013,8,14,B6,SJU,38.0,78.0,40.0
2013,8,14,DL,MIA,140.0,134.0,-6.0
2013,8,14,DL,TPA,105.0,97.0,-8.0
2013,8,14,DL,SJU,40.0,65.0,25.0
2013,8,14,EV,DSM,114.0,87.0,-27.0
2013,8,14,9E,CVG,107.0,72.0,-35.0
2013,8,14,UA,SFO,103.0,81.0,-22.0
2013,8,14,DL,ATL,107.0,91.0,-16.0
2013,8,14,EV,JAX,120.0,119.0,-1.0
2013,8,14,B6,DEN,99.0,109.0,10.0
2013,8,14,UA,BOS,102.0,72.0,-30.0
2013,8,14,B6,TPA,80.0,90.0,10.0
2013,8,14,B6,LAX,53.0,66.0,13.0
2013,8,15,UA,IAH,94.0,102.0,8.0
2013,8,15,B6,SJU,79.0,82.0,3.0
2013,8,15,B6,TPA,83.0,102.0,19.0
2013,8,15,EV,AVL,60.0,65.0,5.0
2013,8,15,MQ,RDU,99.0,110.0,11.0
2013,8,15,EV,MCI,105.0,99.0,-6.0
2013,8,15,UA,SFO,97.0,106.0,9.0
2013,8,15,9E,DCA,131.0,110.0,-21.0
2013,8,15,UA,SEA,160.0,123.0,-37.0
2013,8,15,UA,SFO,84.0,81.0,-3.0
2013,8,15,UA,SJU,215.0,197.0,-18.0
2013,8,15,B6,PBI,63.0,71.0,8.0
2013,8,15,EV,ROC,115.0,105.0,-10.0
2013,8,15,EV,BNA,97.0,99.0,2.0
2013,8,15,B6,SYR,119.0,116.0,-3.0
2013,8,15,UA,MCO,34.0,74.0,40.0
2013,8,15,AA,LAX,106.0,96.0,-10.0
2013,8,15,B6,BUF,73.0,64.0,-9.0
2013,8,15,EV,IAD,122.0,119.0,-3.0
2013,8,15,DL,LAS,80.0,60.0,-20.0
2013,8,15,B6,RSW,86.0,76.0,-10.0
2013,8,15,UA,LAS,164.0,154.0,-10.0
2013,8,15,EV,SAV,45.0,61.0,16.0
2013,8,15,EV,CVG,103.0,89.0,-14.0
2013,8,15,AA,DFW,120.0,107.0,-13.0
2013,8,15,UA,ORD,137.0,146.0,9.0
2013,8,15,EV,ROC,107.0,88.0,-19.0
2013,8,15,EV,STL,80.0,78.0,-2.0
2013,8,15,UA,IAH,59.0,101.0,42.0
2013,8,15,DL,ATL,291.0,296.0,5.0
2013,8,15,EV,BNA,92.0,107.0,15.0
2013,8,15,EV,CAE,66.0,82.0,16.0
2013,8,15,B6,ROC,122.0,130.0,8.0
2013,8,15,UA,LAS,156.0,142.0,-14.0
2013,8,15,EV,RIC,51.0,66.0,15.0
2013,8,15,UA,LAX,108.0,108.0,0.0
2013,8,15,EV,PIT,251.0,232.0,-19.0
2013,8,15,EV,CVG,179.0,196.0,17.0
2013,8,15,AA,ORD,145.0,102.0,-43.0
2013,8,15,B6,TPA,64.0,68.0,4.0
2013,8,15,UA,LAS,137.0,101.0,-36.0
2013,8,15,B6,MCO,94.0,73.0,-21.0
2013,8,15,UA,TPA,80.0,61.0,-19.0
2013,8,15,UA,SFO,141.0,114.0,-27.0
2013,8,16,B6,FLL,153.0,138.0,-15.0
2013,8,16,B6,MCO,161.0,172.0,11.0
2013,8,16,DL,FLL,223.0,189.0,-34.0
2013,8,16,EV,DTW,75.0,76.0,1.0
2013,8,16,B6,JAX,92.0,92.0,0.0
2013,8,16,EV,RIC,104.0,90.0,-14.0
2013,8,16,EV,OMA,179.0,154.0,-25.0
2013,8,16,EV,CLT,109.0,106.0,-3.0
2013,8,16,B6,BUF,65.0,74.0,9.0
2013,8,16,EV,MEM,79.0,70.0,-9.0
2013,8,16,EV,MKE,93.0,83.0,-10.0
2013,8,16,9E,DTW,297.0,267.0,-30.0
2013,8,16,UA,LAS,271.0,225.0,-46.0
2013,8,16,AA,DFW,90.0,77.0,-13.0
2013,8,16,UA,IAH,9.0,68.0,59.0
2013,8,16,EV,BTV,161.0,133.0,-28.0
2013,8,16,UA,BOS,135.0,127.0,-8.0
2013,8,16,EV,CLT,174.0,182.0,8.0
2013,8,16,DL,ATL,103.0,109.0,6.0
2013,8,16,AA,MCO,64.0,63.0,-1.0
2013,8,16,EV,IAD,99.0,102.0,3.0
2013,8,16,UA,TPA,79.0,76.0,-3.0
2013,8,16,EV,GSO,119.0,96.0,-23.0
2013,8,16,UA,SFO,71.0,61.0,-10.0
2013,8,16,UA,IAH,233.0,224.0,-9.0
2013,8,16,B6,BOS,62.0,66.0,4.0
2013,8,16,B6,SJU,40.0,61.0,21.0
2013,8,16,UA,SAT,51.0,70.0,19.0
2013,8,16,EV,CHS,193.0,172.0,-21.0
2013,8,16,EV,RDU,124.0,101.0,-23.0
2013,8,16,UA,ORD,84.0,95.0,11.0
2013,8,16,DL,MEM,137.0,112.0,-25.0
2013,8,16,UA,SAN,131.0,104.0,-27.0
2013,8,16,9E,MSY,56.0,70.0,14.0
2013,8,16,EV,BHM,110.0,86.0,-24.0
2013,8,16,AA,DFW,211.0,180.0,-31.0
2013,8,16,EV,OMA,59.0,61.0,2.0
2013,8,16,B6,SJU,70.0,64.0,-6.0
2013,8,16,B6,MCO,63.0,67.0,4.0
2013,8,16,AA,SFO,294.0,247.0,-47.0
2013,8,16,EV,STL,115.0,94.0,-21.0
2013,8,16,EV,CVG,125.0,108.0,-17.0
2013,8,16,UA,BQN,102.0,74.0,-28.0
2013,8,17,B6,PDX,255.0,221.0,-34.0
2013,8,17,B6,BQN,95.0,123.0,28.0
2013,8,17,B6,MCO,86.0,90.0,4.0
2013,8,17,DL,TPA,105.0,100.0,-5.0
2013,8,17,9E,CHS,121.0,104.0,-17.0
2013,8,17,DL,MCO,82.0,85.0,3.0
2013,8,17,DL,ATL,39.0,61.0,22.0
2013,8,17,EV,ROC,65.0,61.0,-4.0
2013,8,17,B6,SJU,168.0,158.0,-10.0
2013,8,17,EV,ATL,54.0,66.0,12.0
2013,8,17,UA,IAH,299.0,294.0,-5.0
2013,8,17,EV,MSN,77.0,63.0,-14.0
2013,8,17,B6,MCO,86.0,89.0,3.0
2013,8,17,EV,GRR,154.0,149.0,-5.0
2013,8,17,9E,PHL,120.0,110.0,-10.0
2013,8,17,EV,BNA,92.0,73.0,-19.0
2013,8,17,UA,LAX,112.0,97.0,-15.0
2013,8,17,UA,DEN,190.0,155.0,-35.0
2013,8,17,9E,MSP,126.0,87.0,-39.0
2013,8,17,B6,MCO,69.0,63.0,-6.0
2013,8,17,9E,MSY,125.0,118.0,-7.0
2013,8,17,9E,DCA,107.0,88.0,-19.0
2013,8,17,B6,MCO,60.0,73.0,13.0
2013,8,17,B6,LAX,113.0,81.0,-32.0
2013,8,18,B6,PBI,67.0,79.0,12.0
2013,8,18,EV,JAX,53.0,66.0,13.0
2013,8,18,UA,MIA,94.0,87.0,-7.0
2013,8,18,9E,DCA,245.0,250.0,5.0
2013,8,18,UA,LAS,-7.0,75.0,82.0
2013,8,18,EV,MSY,107.0,117.0,10.0
2013,8,18,EV,GSO,89.0,88.0,-1.0
2013,8,18,9E,CVG,79.0,74.0,-5.0
2013,8,18,EV,MCI,175.0,188.0,13.0
2013,8,18,EV,JAX,65.0,62.0,-3.0
2013,8,18,B6,SRQ,189.0,189.0,0.0
2013,8,18,UA,SAN,110.0,73.0,-37.0
2013,8,18,EV,PVD,140.0,138.0,-2.0
2013,8,18,EV,CVG,78.0,77.0,-1.0
2013,8,18,EV,ROC,69.0,60.0,-9.0
2013,8,18,MQ,IND,142.0,155.0,13.0
2013,8,18,B6,PBI,96.0,97.0,1.0
2013,8,18,EV,SDF,190.0,214.0,24.0
2013,8,18,EV,BNA,165.0,164.0,-1.0
2013,8,18,EV,CHS,119.0,120.0,1.0
2013,8,18,DL,MSY,49.0,63.0,14.0
2013,8,18,EV,BGR,74.0,68.0,-6.0
2013,8,18,VX,LAX,392.0,404.0,12.0
2013,8,18,UA,DEN,97.0,61.0,-36.0
2013,8,18,EV,BOS,156.0,134.0,-22.0
2013,8,18,EV,MKE,105.0,117.0,12.0
2013,8,18,9E,PIT,98.0,73.0,-25.0
2013,8,18,AA,DFW,235.0,225.0,-10.0
2013,8,18,EV,CVG,208.0,189.0,-19.0
2013,8,18,B6,TPA,135.0,125.0,-10.0
2013,8,18,B6,MCO,290.0,274.0,-16.0
2013,8,18,B6,SJU,18.0,76.0,58.0
2013,8,18,B6,TPA,63.0,65.0,2.0
2013,8,18,EV,RIC,174.0,153.0,-21.0
2013,8,18,B6,MCO,154.0,145.0,-9.0
2013,8,18,B6,FLL,134.0,127.0,-7.0
2013,8,19,EV,IND,61.0,67.0,6.0
2013,8,19,UA,ORD,145.0,139.0,-6.0
2013,8,19,MQ,ORD,184.0,178.0,-6.0
2013,8,19,EV,CHS,125.0,105.0,-20.0
2013,8,19,EV,MCI,179.0,149.0,-30.0
2013,8,19,FL,ATL,27.0,70.0,43.0
2013,8,19,B6,BOS,61.0,64.0,3.0
2013,8,19,AA,MIA,241.0,253.0,12.0
2013,8,19,UA,TPA,31.0,70.0,39.0
2013,8,19,UA,ORD,132.0,104.0,-28.0
2013,8,19,EV,CHS,84.0,66.0,-18.0
2013,8,19,EV,PIT,98.0,60.0,-38.0
2013,8,19,AA,LAX,118.0,91.0,-27.0
2013,8,19,DL,ATL,106.0,76.0,-30.0
2013,8,19,MQ,IND,145.0,160.0,15.0
2013,8,19,B6,MCO,64.0,61.0,-3.0
2013,8,19,UA,PHX,113.0,87.0,-26.0
2013,8,19,UA,TPA,87.0,61.0,-26.0
2013,8,19,WN,MDW,54.0,60.0,6.0
2013,8,19,UA,FLL,102.0,87.0,-15.0
2013,8,19,B6,BOS,96.0,80.0,-16.0
2013,8,20,EV,BNA,77.0,63.0,-14.0
2013,8,20,MQ,ORD,92.0,82.0,-10.0
2013,8,20,UA,ORD,108.0,89.0,-19.0
2013,8,20,EV,ATL,79.0,81.0,2.0
2013,8,20,DL,LAS,245.0,227.0,-18.0
2013,8,20,UA,LAS,109.0,80.0,-29.0
2013,8,20,B6,PBI,85.0,86.0,1.0
2013,8,20,US,PHX,99.0,80.0,-19.0
2013,8,20,FL,ATL,102.0,107.0,5.0
2013,8,20,B6,TPA,84.0,81.0,-3.0
2013,8,20,B6,BOS,112.0,114.0,2.0
2013,8,20,EV,CVG,110.0,113.0,3.0
2013,8,20,MQ,CLE,67.0,66.0,-1.0
2013,8,20,MQ,DCA,77.0,64.0,-13.0
2013,8,20,9E,DTW,100.0,61.0,-39.0
2013,8,20,DL,SAN,85.0,66.0,-19.0
2013,8,20,DL,LAX,111.0,89.0,-22.0
2013,8,20,UA,SFO,263.0,229.0,-34.0
2013,8,20,MQ,BNA,55.0,71.0,16.0
2013,8,20,DL,PDX,123.0,78.0,-45.0
2013,8,20,B6,MCO,128.0,97.0,-31.0
2013,8,20,9E,MCI,284.0,262.0,-22.0
2013,8,20,9E,CVG,76.0,74.0,-2.0
2013,8,20,UA,IAH,107.0,94.0,-13.0
2013,8,20,UA,BQN,138.0,104.0,-34.0
2013,8,21,DL,ATL,508.0,469.0,-39.0
2013,8,21,AA,MIA,67.0,77.0,10.0
2013,8,21,EV,IAD,99.0,89.0,-10.0
2013,8,21,EV,RDU,81.0,69.0,-12.0
2013,8,21,UA,DEN,121.0,91.0,-30.0
2013,8,21,EV,JAX,79.0,76.0,-3.0
2013,8,21,EV,STL,90.0,92.0,2.0
2013,8,21,EV,GRR,156.0,169.0,13.0
2013,8,21,WN,MDW,26.0,64.0,38.0
2013,8,21,EV,STL,110.0,128.0,18.0
2013,8,21,DL,SEA,281.0,248.0,-33.0
2013,8,21,UA,SAN,183.0,159.0,-24.0
2013,8,21,UA,ORD,107.0,70.0,-37.0
2013,8,21,EV,JAX,82.0,63.0,-19.0
2013,8,22,B6,FLL,139.0,115.0,-24.0
2013,8,22,EV,CLT,168.0,145.0,-23.0
2013,8,22,B6,FLL,166.0,156.0,-10.0
2013,8,22,B6,TPA,152.0,145.0,-7.0
2013,8,22,FL,CAK,264.0,246.0,-18.0
2013,8,22,B6,PSE,79.0,74.0,-5.0
2013,8,22,B6,BQN,127.0,116.0,-11.0
2013,8,22,DL,SEA,0.0,82.0,82.0
2013,8,22,VX,SFO,-3.0,69.0,72.0
2013,8,22,EV,MSP,81.0,61.0,-20.0
2013,8,22,US,DCA,-3.0,83.0,86.0
2013,8,22,US,CLT,6.0,84.0,78.0
2013,8,22,DL,SAN,-5.0,63.0,68.0
2013,8,22,EV,CVG,-8.0,64.0,72.0
2013,8,22,MQ,ORD,38.0,115.0,77.0
2013,8,22,US,CLT,11.0,68.0,57.0
2013,8,22,EV,GRR,80.0,110.0,30.0
2013,8,22,MQ,ATL,11.0,88.0,77.0
2013,8,22,MQ,DCA,49.0,91.0,42.0
2013,8,22,B6,BTV,6.0,108.0,102.0
2013,8,22,AA,LAX,109.0,149.0,40.0
2013,8,22,EV,DTW,45.0,99.0,54.0
2013,8,22,B6,SYR,-2.0,79.0,81.0
2013,8,22,EV,CHS,129.0,177.0,48.0
2013,8,22,UA,ORD,42.0,66.0,24.0
2013,8,22,AA,ORD,67.0,85.0,18.0
2013,8,22,9E,ORD,92.0,91.0,-1.0
2013,8,22,B6,ROC,34.0,89.0,55.0
2013,8,22,EV,SAV,6.0,67.0,61.0
2013,8,22,UA,SFO,89.0,91.0,2.0
2013,8,22,EV,IAD,0.0,71.0,71.0
2013,8,22,UA,MIA,83.0,96.0,13.0
2013,8,22,MQ,ATL,21.0,66.0,45.0
2013,8,22,EV,IND,59.0,77.0,18.0
2013,8,22,UA,IAH,76.0,90.0,14.0
2013,8,22,US,CLT,12.0,64.0,52.0
2013,8,22,MQ,ORD,22.0,81.0,59.0
2013,8,22,EV,CLT,92.0,90.0,-2.0
2013,8,22,VX,LAS,54.0,81.0,27.0
2013,8,22,US,CLT,36.0,86.0,50.0
2013,8,22,EV,BNA,25.0,64.0,39.0
2013,8,22,DL,ATL,29.0,63.0,34.0
2013,8,22,UA,ORD,58.0,124.0,66.0
2013,8,22,UA,ORD,39.0,113.0,74.0
2013,8,22,B6,IAD,62.0,76.0,14.0
2013,8,22,US,DCA,108.0,87.0,-21.0
2013,8,22,US,DCA,73.0,66.0,-7.0
2013,8,22,MQ,DCA,87.0,88.0,1.0
2013,8,22,UA,ORD,42.0,86.0,44.0
2013,8,22,WN,MKE,99.0,78.0,-21.0
2013,8,22,EV,IAD,264.0,253.0,-11.0
2013,8,22,US,CLT,78.0,61.0,-17.0
2013,8,22,EV,ATL,100.0,79.0,-21.0
2013,8,22,EV,ORF,135.0,127.0,-8.0
2013,8,22,DL,ATL,76.0,81.0,5.0
2013,8,22,EV,RIC,105.0,100.0,-5.0
2013,8,22,B6,BOS,57.0,71.0,14.0
2013,8,22,EV,GSO,88.0,100.0,12.0
2013,8,22,UA,SJU,112.0,147.0,35.0
2013,8,22,FL,ATL,110.0,92.0,-18.0
2013,8,22,EV,BDL,198.0,199.0,1.0
2013,8,22,AA,DFW,127.0,95.0,-32.0
2013,8,22,B6,CHS,80.0,79.0,-1.0
2013,8,22,AA,ORD,84.0,82.0,-2.0
2013,8,22,EV,IND,115.0,111.0,-4.0
2013,8,22,B6,MCO,78.0,95.0,17.0
2013,8,22,EV,MSN,75.0,72.0,-3.0
2013,8,22,MQ,RDU,36.0,70.0,34.0
2013,8,22,FL,ATL,87.0,65.0,-22.0
2013,8,22,AA,ORD,145.0,140.0,-5.0
2013,8,22,B6,JAX,62.0,96.0,34.0
2013,8,22,MQ,ORD,134.0,132.0,-2.0
2013,8,22,UA,PBI,136.0,122.0,-14.0
2013,8,22,UA,RSW,67.0,71.0,4.0
2013,8,22,MQ,CLE,73.0,78.0,5.0
2013,8,22,FL,CAK,110.0,93.0,-17.0
2013,8,22,UA,SAN,73.0,70.0,-3.0
2013,8,22,WN,DEN,38.0,87.0,49.0
2013,8,22,EV,GSP,91.0,71.0,-20.0
2013,8,22,UA,DEN,64.0,75.0,11.0
2013,8,22,US,PHL,40.0,66.0,26.0
2013,8,22,MQ,IND,51.0,63.0,12.0
2013,8,22,UA,CLE,116.0,105.0,-11.0
2013,8,22,UA,ORD,87.0,72.0,-15.0
2013,8,22,AA,MIA,93.0,65.0,-28.0
2013,8,22,EV,GRR,64.0,72.0,8.0
2013,8,22,UA,FLL,188.0,184.0,-4.0
2013,8,22,UA,ORD,169.0,155.0,-14.0
2013,8,22,MQ,ORD,50.0,85.0,35.0
2013,8,22,DL,ATL,141.0,135.0,-6.0
2013,8,22,EV,IAD,132.0,136.0,4.0
2013,8,22,EV,CLT,247.0,246.0,-1.0
2013,8,22,B6,FLL,122.0,139.0,17.0
2013,8,22,UA,IAH,152.0,141.0,-11.0
2013,8,22,US,CLT,72.0,68.0,-4.0
2013,8,22,US,CLT,127.0,113.0,-14.0
2013,8,22,EV,GSO,166.0,136.0,-30.0
2013,8,22,9E,CLE,140.0,128.0,-12.0
2013,8,22,B6,PBI,84.0,74.0,-10.0
2013,8,22,DL,ATL,101.0,106.0,5.0
2013,8,22,MQ,CLT,211.0,213.0,2.0
2013,8,22,B6,TPA,128.0,128.0,0.0
2013,8,22,EV,STL,92.0,100.0,8.0
2013,8,22,AA,DFW,112.0,81.0,-31.0
2013,8,22,9E,MSP,105.0,64.0,-41.0
2013,8,22,DL,MCO,110.0,81.0,-29.0
2013,8,22,EV,JAX,147.0,153.0,6.0
2013,8,22,B6,RSW,132.0,107.0,-25.0
2013,8,22,WN,STL,140.0,122.0,-18.0
2013,8,22,B6,SJU,203.0,188.0,-15.0
2013,8,22,EV,RIC,59.0,63.0,4.0
2013,8,22,US,PHX,236.0,267.0,31.0
2013,8,22,B6,TPA,97.0,86.0,-11.0
2013,8,22,DL,ATL,67.0,69.0,2.0
2013,8,22,AA,MIA,108.0,99.0,-9.0
2013,8,22,9E,CVG,71.0,84.0,13.0
2013,8,22,9E,IND,207.0,191.0,-16.0
2013,8,22,B6,FLL,291.0,302.0,11.0
2013,8,22,EV,MKE,179.0,183.0,4.0
2013,8,22,UA,CLE,174.0,166.0,-8.0
2013,8,22,US,DCA,87.0,71.0,-16.0
2013,8,22,B6,MCO,144.0,104.0,-40.0
2013,8,22,MQ,RDU,45.0,67.0,22.0
2013,8,22,B6,BOS,120.0,96.0,-24.0
2013,8,22,UA,MCO,147.0,135.0,-12.0
2013,8,22,WN,BNA,339.0,324.0,-15.0
2013,8,22,B6,MCO,93.0,92.0,-1.0
2013,8,22,B6,PWM,90.0,66.0,-24.0
2013,8,22,B6,BUF,119.0,96.0,-23.0
2013,8,22,MQ,BNA,124.0,116.0,-8.0
2013,8,22,UA,ORD,107.0,81.0,-26.0
2013,8,22,B6,PBI,139.0,129.0,-10.0
2013,8,22,AA,BOS,168.0,151.0,-17.0
2013,8,22,UA,SAT,99.0,109.0,10.0
2013,8,22,AA,MIA,112.0,90.0,-22.0
2013,8,22,AA,ORD,116.0,90.0,-26.0
2013,8,22,9E,PHL,147.0,131.0,-16.0
2013,8,22,B6,BOS,107.0,123.0,16.0
2013,8,22,MQ,ORF,145.0,115.0,-30.0
2013,8,22,UA,DEN,72.0,65.0,-7.0
2013,8,22,B6,RDU,139.0,122.0,-17.0
2013,8,22,US,DCA,92.0,85.0,-7.0
2013,8,22,UA,ORD,100.0,83.0,-17.0
2013,8,22,WN,DEN,127.0,132.0,5.0
2013,8,22,AA,SFO,118.0,109.0,-9.0
2013,8,22,DL,ATL,99.0,71.0,-28.0
2013,8,22,AA,IAH,141.0,129.0,-12.0
2013,8,22,MQ,CMH,116.0,98.0,-18.0
2013,8,22,MQ,CLE,85.0,113.0,28.0
2013,8,22,9E,DTW,106.0,90.0,-16.0
2013,8,22,AA,MIA,142.0,119.0,-23.0
2013,8,22,9E,DFW,103.0,70.0,-33.0
2013,8,22,B6,MCO,155.0,139.0,-16.0
2013,8,22,DL,ATL,88.0,67.0,-21.0
2013,8,22,WN,MDW,238.0,228.0,-10.0
2013,8,22,US,CLT,214.0,188.0,-26.0
2013,8,22,EV,RIC,106.0,98.0,-8.0
2013,8,22,AA,DFW,84.0,74.0,-10.0
2013,8,22,AA,LAX,212.0,180.0,-32.0
2013,8,22,FL,ATL,195.0,178.0,-17.0
2013,8,22,AA,ORD,91.0,77.0,-14.0
2013,8,22,EV,CVG,208.0,187.0,-21.0
2013,8,22,EV,IAD,86.0,84.0,-2.0
2013,8,22,US,CLT,128.0,115.0,-13.0
2013,8,22,AA,ORD,148.0,128.0,-20.0
2013,8,22,EV,MCI,129.0,111.0,-18.0
2013,8,22,EV,CLE,76.0,66.0,-10.0
2013,8,22,WN,BNA,194.0,173.0,-21.0
2013,8,22,B6,BOS,76.0,66.0,-10.0
2013,8,22,EV,TYS,111.0,91.0,-20.0
2013,8,22,EV,TUL,105.0,83.0,-22.0
2013,8,22,EV,ATL,101.0,69.0,-32.0
2013,8,22,US,CLT,184.0,160.0,-24.0
2013,8,22,AA,ORD,105.0,86.0,-19.0
2013,8,22,FL,ATL,160.0,153.0,-7.0
2013,8,22,9E,BOS,134.0,107.0,-27.0
2013,8,22,WN,MDW,224.0,210.0,-14.0
2013,8,22,DL,TPA,104.0,66.0,-38.0
2013,8,22,WN,MKE,165.0,152.0,-13.0
2013,8,22,EV,DSM,100.0,79.0,-21.0
2013,8,22,9E,DCA,85.0,71.0,-14.0
2013,8,22,9E,RDU,136.0,93.0,-43.0
2013,8,22,B6,BUR,236.0,222.0,-14.0
2013,8,22,EV,CLT,164.0,146.0,-18.0
2013,8,22,EV,OKC,137.0,109.0,-28.0
2013,8,22,9E,PHL,93.0,78.0,-15.0
2013,8,22,B6,SFO,100.0,69.0,-31.0
2013,8,22,AA,LAX,177.0,133.0,-44.0
2013,8,22,MQ,RDU,138.0,121.0,-17.0
2013,8,22,B6,AUS,112.0,97.0,-15.0
2013,8,22,US,DCA,82.0,67.0,-15.0
2013,8,22,9E,TYS,115.0,89.0,-26.0
2013,8,22,MQ,ORD,82.0,61.0,-21.0
2013,8,22,B6,FLL,177.0,149.0,-28.0
2013,8,22,9E,BWI,142.0,126.0,-16.0
2013,8,22,MQ,ATL,179.0,152.0,-27.0
2013,8,22,B6,DEN,101.0,73.0,-28.0
2013,8,22,UA,TPA,116.0,90.0,-26.0
2013,8,22,B6,MCO,98.0,69.0,-29.0
2013,8,22,WN,MDW,177.0,151.0,-26.0
2013,8,22,EV,DSM,149.0,114.0,-35.0
2013,8,22,MQ,RDU,109.0,97.0,-12.0
2013,8,22,B6,MCO,170.0,147.0,-23.0
2013,8,23,AA,SFO,77.0,73.0,-4.0
2013,8,23,DL,DTW,95.0,73.0,-22.0
2013,8,23,B6,FLL,163.0,137.0,-26.0
2013,8,23,B6,MCO,67.0,65.0,-2.0
2013,8,23,DL,ATL,131.0,117.0,-14.0
2013,8,23,DL,ATL,100.0,107.0,7.0
2013,8,23,UA,SFO,94.0,93.0,-1.0
2013,8,23,DL,MCO,214.0,197.0,-17.0
2013,8,23,DL,ATL,349.0,360.0,11.0
2013,8,23,FL,ATL,63.0,69.0,6.0
2013,8,23,WN,PHX,104.0,90.0,-14.0
2013,8,23,EV,IAD,75.0,91.0,16.0
2013,8,23,B6,FLL,160.0,166.0,6.0
2013,8,23,MQ,ORD,156.0,156.0,0.0
2013,8,23,UA,ORD,78.0,67.0,-11.0
2013,8,23,UA,LAX,159.0,145.0,-14.0
2013,8,23,DL,ATL,60.0,70.0,10.0
2013,8,23,UA,CLE,109.0,131.0,22.0
2013,8,23,AA,MIA,93.0,109.0,16.0
2013,8,23,9E,CVG,65.0,78.0,13.0
2013,8,23,DL,ATL,66.0,100.0,34.0
2013,8,23,B6,TPA,105.0,125.0,20.0
2013,8,23,DL,MEM,109.0,100.0,-9.0
2013,8,23,DL,PWM,86.0,88.0,2.0
2013,8,23,AA,LAS,115.0,74.0,-41.0
2013,8,23,9E,DAY,36.0,60.0,24.0
2013,8,23,UA,LAX,69.0,72.0,3.0
2013,8,23,UA,DEN,92.0,82.0,-10.0
2013,8,23,UA,ORD,142.0,121.0,-21.0
2013,8,23,EV,CLT,102.0,85.0,-17.0
2013,8,23,UA,PBI,117.0,136.0,19.0
2013,8,23,B6,BUF,164.0,171.0,7.0
2013,8,23,DL,MIA,195.0,207.0,12.0
2013,8,23,UA,AUS,99.0,60.0,-39.0
2013,8,23,UA,BOS,86.0,65.0,-21.0
2013,8,23,B6,MCO,129.0,135.0,6.0
2013,8,24,EV,IAD,93.0,86.0,-7.0
2013,8,24,9E,MSY,115.0,86.0,-29.0
2013,8,24,AA,SJU,156.0,142.0,-14.0
2013,8,24,UA,DEN,88.0,71.0,-17.0
2013,8,24,UA,RSW,146.0,136.0,-10.0
2013,8,24,UA,SFO,101.0,85.0,-16.0
2013,8,24,9E,ROC,151.0,138.0,-13.0
2013,8,24,UA,BOS,78.0,64.0,-14.0
2013,8,24,9E,BUF,101.0,97.0,-4.0
2013,8,24,B6,MCO,135.0,132.0,-3.0
2013,8,24,MQ,CLT,88.0,68.0,-20.0
2013,8,24,UA,LAX,97.0,63.0,-34.0
2013,8,24,WN,MDW,95.0,69.0,-26.0
2013,8,24,B6,MCO,244.0,208.0,-36.0
2013,8,24,MQ,BWI,117.0,115.0,-2.0
2013,8,24,9E,MSP,269.0,225.0,-44.0
2013,8,24,B6,MCO,103.0,78.0,-25.0
2013,8,24,UA,FLL,110.0,81.0,-29.0
2013,8,25,UA,RSW,137.0,110.0,-27.0
2013,8,25,UA,TPA,119.0,96.0,-23.0
2013,8,25,B6,SRQ,113.0,94.0,-19.0
2013,8,25,EV,SAV,115.0,96.0,-19.0
2013,8,25,HA,HNL,134.0,125.0,-9.0
2013,8,25,UA,FLL,114.0,98.0,-16.0
2013,8,25,UA,SFO,81.0,65.0,-16.0
2013,8,25,B6,MCO,78.0,70.0,-8.0
2013,8,25,EV,JAX,93.0,74.0,-19.0
2013,8,25,EV,CLT,136.0,113.0,-23.0
2013,8,25,UA,CLE,100.0,80.0,-20.0
2013,8,25,EV,STL,100.0,87.0,-13.0
2013,8,25,UA,SAT,80.0,60.0,-20.0
2013,8,25,EV,DAY,164.0,156.0,-8.0
2013,8,25,EV,BGR,76.0,63.0,-13.0
2013,8,25,EV,CVG,169.0,149.0,-20.0
2013,8,25,EV,BHM,96.0,63.0,-33.0
2013,8,25,EV,CLT,110.0,94.0,-16.0
2013,8,25,US,PHX,286.0,243.0,-43.0
2013,8,25,B6,MCO,123.0,75.0,-48.0
2013,8,25,UA,ORD,154.0,112.0,-42.0
2013,8,25,B6,SJU,156.0,135.0,-21.0
2013,8,26,B6,SJU,17.0,72.0,55.0
2013,8,26,B6,FLL,86.0,67.0,-19.0
2013,8,26,EV,IAD,92.0,78.0,-14.0
2013,8,26,DL,MCO,64.0,65.0,1.0
2013,8,26,UA,LAX,156.0,111.0,-45.0
2013,8,26,EV,MEM,151.0,125.0,-26.0
2013,8,26,UA,MIA,118.0,107.0,-11.0
2013,8,26,US,PHX,81.0,63.0,-18.0
2013,8,26,B6,FLL,70.0,68.0,-2.0
2013,8,26,MQ,RDU,67.0,66.0,-1.0
2013,8,26,B6,FLL,189.0,187.0,-2.0
2013,8,26,B6,PBI,95.0,77.0,-18.0
2013,8,26,B6,TPA,158.0,160.0,2.0
2013,8,26,US,PHX,78.0,72.0,-6.0
2013,8,26,B6,BOS,68.0,71.0,3.0
2013,8,26,9E,DTW,157.0,125.0,-32.0
2013,8,26,MQ,BWI,60.0,68.0,8.0
2013,8,26,EV,BGR,81.0,79.0,-2.0
2013,8,26,B6,MCO,137.0,120.0,-17.0
2013,8,26,B6,BUF,96.0,86.0,-10.0
2013,8,26,MQ,CMH,71.0,64.0,-7.0
2013,8,26,AA,DFW,147.0,120.0,-27.0
2013,8,27,EV,DTW,153.0,168.0,15.0
2013,8,27,UA,FLL,143.0,116.0,-27.0
2013,8,27,EV,RIC,99.0,102.0,3.0
2013,8,27,UA,LAX,161.0,120.0,-41.0
2013,8,27,AA,ORD,98.0,76.0,-22.0
2013,8,27,MQ,ORD,64.0,64.0,0.0
2013,8,27,DL,DTW,67.0,60.0,-7.0
2013,8,27,EV,PIT,91.0,70.0,-21.0
2013,8,27,EV,SYR,76.0,64.0,-12.0
2013,8,27,B6,TPA,83.0,81.0,-2.0
2013,8,27,AA,DFW,177.0,165.0,-12.0
2013,8,27,B6,MCO,392.0,398.0,6.0
2013,8,27,AA,SJU,72.0,85.0,13.0
2013,8,27,AA,BOS,56.0,63.0,7.0
2013,8,27,EV,GSO,136.0,130.0,-6.0
2013,8,27,B6,RSW,104.0,66.0,-38.0
2013,8,27,EV,IAD,62.0,75.0,13.0
2013,8,27,UA,FLL,253.0,235.0,-18.0
2013,8,27,UA,DEN,165.0,151.0,-14.0
2013,8,27,US,DCA,71.0,80.0,9.0
2013,8,27,B6,MCO,113.0,89.0,-24.0
2013,8,27,FL,CAK,126.0,110.0,-16.0
2013,8,27,DL,TPA,215.0,171.0,-44.0
2013,8,28,B6,SYR,85.0,99.0,14.0
2013,8,28,B6,BUF,77.0,91.0,14.0
2013,8,28,B6,MCO,209.0,183.0,-26.0
2013,8,28,B6,BTV,148.0,140.0,-8.0
2013,8,28,B6,ROC,167.0,151.0,-16.0
2013,8,28,B6,PSE,113.0,107.0,-6.0
2013,8,28,DL,MSP,54.0,67.0,13.0
2013,8,28,EV,XNA,56.0,83.0,27.0
2013,8,28,MQ,ATL,55.0,76.0,21.0
2013,8,28,B6,HOU,143.0,144.0,1.0
2013,8,28,EV,IAD,75.0,95.0,20.0
2013,8,28,US,DCA,-3.0,124.0,127.0
2013,8,28,DL,ATL,-1.0,83.0,84.0
2013,8,28,AA,SFO,92.0,101.0,9.0
2013,8,28,B6,IAD,27.0,65.0,38.0
2013,8,28,MQ,BNA,-2.0,102.0,104.0
2013,8,28,WN,DEN,23.0,102.0,79.0
2013,8,28,DL,PBI,20.0,105.0,85.0
2013,8,28,AA,DFW,4.0,86.0,82.0
2013,8,28,UA,IAH,109.0,183.0,74.0
2013,8,28,B6,SJU,85.0,99.0,14.0
2013,8,28,UA,ORD,24.0,110.0,86.0
2013,8,28,AA,ORD,-4.0,64.0,68.0
2013,8,28,DL,MIA,9.0,83.0,74.0
2013,8,28,US,CLT,-4.0,69.0,73.0
2013,8,28,EV,DTW,18.0,116.0,98.0
2013,8,28,AA,DFW,-1.0,64.0,65.0
2013,8,28,US,DCA,-1.0,86.0,87.0
2013,8,28,WN,HOU,25.0,68.0,43.0
2013,8,28,WN,MKE,21.0,81.0,60.0
2013,8,28,UA,BOS,39.0,127.0,88.0
2013,8,28,FL,ATL,14.0,72.0,58.0
2013,8,28,MQ,CMH,24.0,99.0,75.0
2013,8,28,AA,DFW,181.0,217.0,36.0
2013,8,28,EV,RIC,19.0,87.0,68.0
2013,8,28,UA,IAH,41.0,65.0,24.0
2013,8,28,F9,DEN,18.0,63.0,45.0
2013,8,28,MQ,DTW,26.0,99.0,73.0
2013,8,28,AA,ORD,45.0,89.0,44.0
2013,8,28,UA,LAX,50.0,65.0,15.0
2013,8,28,MQ,RDU,34.0,71.0,37.0
2013,8,28,MQ,CLT,25.0,68.0,43.0
2013,8,28,B6,FLL,53.0,69.0,16.0
2013,8,28,B6,MCO,106.0,111.0,5.0
2013,8,28,EV,MSY,97.0,72.0,-25.0
2013,8,28,AA,BOS,129.0,128.0,-1.0
2013,8,28,DL,MCO,94.0,72.0,-22.0
2013,8,28,MQ,CLE,204.0,194.0,-10.0
2013,8,28,MQ,ATL,190.0,166.0,-24.0
2013,8,28,DL,BOS,47.0,149.0,102.0
2013,8,28,MQ,MSP,75.0,75.0,0.0
2013,8,28,DL,MSP,86.0,95.0,9.0
2013,8,28,EV,CMH,78.0,66.0,-12.0
2013,8,28,AA,DFW,213.0,189.0,-24.0
2013,8,28,AA,MIA,155.0,129.0,-26.0
2013,8,28,UA,CLE,112.0,129.0,17.0
2013,8,28,9E,IND,105.0,71.0,-34.0
2013,8,28,WN,BNA,213.0,188.0,-25.0
2013,8,28,WN,PHX,190.0,165.0,-25.0
2013,8,28,AA,BOS,60.0,120.0,60.0
2013,8,28,US,PHL,66.0,62.0,-4.0
2013,8,28,US,BOS,106.0,139.0,33.0
2013,8,28,US,DCA,108.0,91.0,-17.0
2013,8,28,EV,MSP,203.0,202.0,-1.0
2013,8,28,AA,DFW,171.0,127.0,-44.0
2013,8,28,DL,PBI,132.0,92.0,-40.0
2013,8,28,WN,HOU,255.0,230.0,-25.0
2013,8,28,UA,SFO,99.0,67.0,-32.0
2013,8,28,EV,JAX,129.0,108.0,-21.0
2013,8,28,AA,DFW,127.0,88.0,-39.0
2013,8,28,UA,LAS,171.0,139.0,-32.0
2013,8,28,MQ,CMH,137.0,124.0,-13.0
2013,8,28,US,BOS,24.0,64.0,40.0
2013,8,28,UA,DFW,217.0,211.0,-6.0
2013,8,28,9E,CLE,153.0,167.0,14.0
2013,8,28,EV,BNA,272.0,265.0,-7.0
2013,8,28,WN,MDW,214.0,201.0,-13.0
2013,8,28,US,DCA,92.0,74.0,-18.0
2013,8,28,MQ,ORD,244.0,248.0,4.0
2013,8,28,EV,DCA,176.0,182.0,6.0
2013,8,28,WN,MDW,61.0,72.0,11.0
2013,8,28,B6,MSY,178.0,152.0,-26.0
2013,8,28,B6,BUF,196.0,193.0,-3.0
2013,8,28,B6,SRQ,251.0,219.0,-32.0
2013,8,28,UA,BOS,82.0,79.0,-3.0
2013,8,28,B6,RSW,276.0,252.0,-24.0
2013,8,28,EV,IAD,199.0,203.0,4.0
2013,8,28,UA,ORD,114.0,79.0,-35.0
2013,8,28,B6,MCO,224.0,208.0,-16.0
2013,8,28,DL,ATL,236.0,214.0,-22.0
2013,8,28,B6,MCO,176.0,143.0,-33.0
2013,8,28,EV,RDU,108.0,71.0,-37.0
2013,8,28,B6,ORD,124.0,121.0,-3.0
2013,8,28,DL,ATL,121.0,84.0,-37.0
2013,8,28,DL,DTW,187.0,185.0,-2.0
2013,8,28,EV,PIT,123.0,93.0,-30.0
2013,8,28,UA,CLE,151.0,143.0,-8.0
2013,8,28,B6,HOU,187.0,191.0,4.0
2013,8,28,UA,SFO,151.0,166.0,15.0
2013,8,28,9E,RDU,102.0,107.0,5.0
2013,8,28,EV,CVG,117.0,97.0,-20.0
2013,8,28,EV,MKE,160.0,152.0,-8.0
2013,8,28,9E,ORD,144.0,134.0,-10.0
2013,8,28,EV,MHT,264.0,267.0,3.0
2013,8,28,MQ,RDU,81.0,60.0,-21.0
2013,8,28,B6,SYR,67.0,73.0,6.0
2013,8,28,UA,PBI,289.0,268.0,-21.0
2013,8,28,DL,BOS,117.0,94.0,-23.0
2013,8,28,EV,GSO,237.0,221.0,-16.0
2013,8,28,B6,BTV,144.0,151.0,7.0
2013,8,28,B6,ROC,55.0,65.0,10.0
2013,8,28,AA,LAX,180.0,190.0,10.0
2013,8,28,DL,PDX,146.0,109.0,-37.0
2013,8,28,EV,ROC,120.0,113.0,-7.0
2013,8,28,UA,SFO,87.0,87.0,0.0
2013,8,28,UA,IAH,219.0,175.0,-44.0
2013,8,28,UA,BOS,70.0,81.0,11.0
2013,8,28,DL,DTW,230.0,235.0,5.0
2013,8,28,UA,ORD,212.0,236.0,24.0
2013,8,28,US,PHX,124.0,136.0,12.0
2013,8,28,UA,ORD,291.0,301.0,10.0
2013,8,28,AA,IAH,99.0,91.0,-8.0
2013,8,28,US,CLT,182.0,171.0,-11.0
2013,8,28,B6,RDU,89.0,105.0,16.0
2013,8,28,UA,IAH,104.0,110.0,6.0
2013,8,28,AA,ORD,206.0,213.0,7.0
2013,8,28,EV,GSO,131.0,154.0,23.0
2013,8,28,B6,RSW,194.0,194.0,0.0
2013,8,28,UA,ORD,109.0,104.0,-5.0
2013,8,28,B6,BUF,129.0,133.0,4.0
2013,8,28,US,CLT,111.0,106.0,-5.0
2013,8,28,UA,ORD,56.0,89.0,33.0
2013,8,28,B6,BOS,291.0,282.0,-9.0
2013,8,28,US,DCA,119.0,121.0,2.0
2013,8,28,UA,SAN,249.0,234.0,-15.0
2013,8,28,9E,CVG,122.0,107.0,-15.0
2013,8,28,UA,IAH,101.0,87.0,-14.0
2013,8,28,UA,ORD,241.0,268.0,27.0
2013,8,28,YV,CLT,95.0,114.0,19.0
2013,8,28,MQ,TPA,255.0,241.0,-14.0
2013,8,28,DL,ATL,67.0,62.0,-5.0
2013,8,28,US,BOS,73.0,88.0,15.0
2013,8,28,MQ,BWI,43.0,65.0,22.0
2013,8,28,DL,DTW,106.0,90.0,-16.0
2013,8,28,B6,JAX,272.0,277.0,5.0
2013,8,28,DL,MIA,68.0,78.0,10.0
2013,8,28,B6,SEA,105.0,112.0,7.0
2013,8,28,EV,MCI,232.0,222.0,-10.0
2013,8,28,AA,AUS,122.0,113.0,-9.0
2013,8,28,AA,ORD,146.0,146.0,0.0
2013,8,28,B6,MCO,200.0,187.0,-13.0
2013,8,28,EV,MSY,162.0,130.0,-32.0
2013,8,28,DL,SAN,145.0,107.0,-38.0
2013,8,28,EV,BGR,67.0,69.0,2.0
2013,8,28,DL,MIA,230.0,208.0,-22.0
2013,8,28,EV,IAD,281.0,299.0,18.0
2013,8,28,EV,GRR,214.0,208.0,-6.0
2013,8,28,UA,FLL,289.0,275.0,-14.0
2013,8,28,9E,MCI,146.0,94.0,-52.0
2013,8,28,B6,TPA,197.0,174.0,-23.0
2013,8,28,B6,MCO,115.0,112.0,-3.0
2013,8,28,B6,CLT,170.0,214.0,44.0
2013,8,28,US,DCA,110.0,113.0,3.0
2013,8,28,DL,MEM,180.0,152.0,-28.0
2013,8,28,EV,CLT,48.0,91.0,43.0
2013,8,28,US,CLT,86.0,91.0,5.0
2013,8,28,9E,MSP,95.0,116.0,21.0
2013,8,28,B6,PWM,164.0,189.0,25.0
2013,8,28,US,CLT,63.0,62.0,-1.0
2013,8,28,US,CLT,88.0,80.0,-8.0
2013,8,28,UA,SAN,152.0,131.0,-21.0
2013,8,28,B6,BOS,205.0,227.0,22.0
2013,8,28,EV,IAD,31.0,82.0,51.0
2013,8,28,9E,DTW,102.0,117.0,15.0
2013,8,28,US,DCA,64.0,61.0,-3.0
2013,8,28,UA,PBI,124.0,100.0,-24.0
2013,8,28,WN,DEN,151.0,135.0,-16.0
2013,8,28,AA,MIA,113.0,83.0,-30.0
2013,8,28,B6,PBI,219.0,204.0,-15.0
2013,8,28,MQ,RDU,68.0,64.0,-4.0
2013,8,28,FL,ATL,159.0,159.0,0.0
2013,8,28,9E,PHL,216.0,215.0,-1.0
2013,8,28,AA,ORD,85.0,70.0,-15.0
2013,8,28,B6,BOS,169.0,160.0,-9.0
2013,8,28,UA,DFW,191.0,153.0,-38.0
2013,8,28,MQ,BNA,118.0,116.0,-2.0
2013,8,28,B6,IAD,154.0,149.0,-5.0
2013,8,28,EV,IAD,361.0,356.0,-5.0
2013,8,28,MQ,CMH,143.0,134.0,-9.0
2013,8,28,EV,RIC,71.0,88.0,17.0
2013,8,28,OO,CLE,154.0,140.0,-14.0
2013,8,28,UA,LAX,130.0,77.0,-53.0
2013,8,28,9E,CHS,127.0,105.0,-22.0
2013,8,28,MQ,RDU,76.0,65.0,-11.0
2013,8,28,WN,STL,328.0,299.0,-29.0
2013,8,28,EV,CLT,109.0,72.0,-37.0
2013,8,28,9E,ORD,120.0,112.0,-8.0
2013,8,28,B6,FLL,129.0,124.0,-5.0
2013,8,28,B6,FLL,95.0,75.0,-20.0
2013,8,28,UA,ORD,102.0,80.0,-22.0
2013,8,28,US,DCA,73.0,64.0,-9.0
2013,8,28,EV,BHM,124.0,85.0,-39.0
2013,8,28,9E,PIT,130.0,132.0,2.0
2013,8,28,B6,ROC,41.0,62.0,21.0
2013,8,28,DL,SEA,145.0,110.0,-35.0
2013,8,28,MQ,MSP,116.0,102.0,-14.0
2013,8,28,B6,BOS,83.0,98.0,15.0
2013,8,28,WN,BNA,204.0,179.0,-25.0
2013,8,28,MQ,CLE,166.0,171.0,5.0
2013,8,28,UA,CLE,89.0,74.0,-15.0
2013,8,28,MQ,ORD,105.0,94.0,-11.0
2013,8,28,DL,MCO,143.0,109.0,-34.0
2013,8,28,DL,MSP,338.0,314.0,-24.0
2013,8,28,EV,MCI,114.0,85.0,-29.0
2013,8,28,DL,SAT,160.0,95.0,-65.0
2013,8,28,MQ,RDU,68.0,62.0,-6.0
2013,8,28,AA,BOS,105.0,108.0,3.0
2013,8,28,9E,CVG,93.0,74.0,-19.0
2013,8,28,EV,CVG,99.0,80.0,-19.0
2013,8,28,MQ,CLT,83.0,65.0,-18.0
2013,8,28,UA,TPA,174.0,129.0,-45.0
2013,8,28,B6,BUF,77.0,81.0,4.0
2013,8,28,UA,SFO,103.0,72.0,-31.0
2013,8,28,EV,RIC,91.0,100.0,9.0
2013,8,28,FL,CAK,125.0,109.0,-16.0
2013,8,28,US,DCA,100.0,87.0,-13.0
2013,8,28,MQ,DCA,61.0,70.0,9.0
2013,8,28,EV,DCA,73.0,62.0,-11.0
2013,8,28,EV,JAX,84.0,60.0,-24.0
2013,8,28,EV,MHT,79.0,70.0,-9.0
2013,8,28,9E,IAD,136.0,124.0,-12.0
2013,8,28,B6,SJU,110.0,94.0,-16.0
2013,8,28,WN,MDW,146.0,119.0,-27.0
2013,8,28,B6,AUS,156.0,139.0,-17.0
2013,8,28,AA,LAX,83.0,72.0,-11.0
2013,8,28,UA,ORD,183.0,160.0,-23.0
2013,8,28,B6,MCO,106.0,89.0,-17.0
2013,8,28,9E,BWI,157.0,186.0,29.0
2013,8,28,MQ,BNA,88.0,78.0,-10.0
2013,8,28,B6,FLL,100.0,103.0,3.0
2013,8,28,DL,MIA,436.0,399.0,-37.0
2013,8,28,EV,CLT,141.0,112.0,-29.0
2013,8,28,B6,PWM,41.0,65.0,24.0
2013,8,28,B6,JAX,134.0,142.0,8.0
2013,8,28,B6,BOS,42.0,73.0,31.0
2013,8,28,UA,ORD,424.0,398.0,-26.0
2013,8,28,WN,MKE,292.0,267.0,-25.0
2013,8,28,B6,MCO,132.0,138.0,6.0
2013,8,29,EV,BTV,116.0,99.0,-17.0
2013,8,29,DL,DEN,340.0,276.0,-64.0
2013,8,29,EV,BNA,88.0,81.0,-7.0
2013,8,29,US,PHX,106.0,78.0,-28.0
2013,8,29,MQ,ORD,172.0,178.0,6.0
2013,8,29,B6,SRQ,73.0,70.0,-3.0
2013,8,29,AA,SFO,67.0,79.0,12.0
2013,8,29,MQ,ATL,93.0,85.0,-8.0
2013,8,29,UA,ORD,90.0,67.0,-23.0
2013,8,29,MQ,ORD,74.0,65.0,-9.0
2013,8,29,B6,ROC,87.0,75.0,-12.0
2013,8,29,EV,GSO,74.0,62.0,-12.0
2013,8,29,B6,JAX,87.0,78.0,-9.0
2013,8,29,EV,CLT,85.0,79.0,-6.0
2013,8,29,US,CLT,83.0,67.0,-16.0
2013,8,29,EV,ROC,1.0,66.0,65.0
2013,8,29,DL,DTW,28.0,79.0,51.0
2013,8,29,MQ,DTW,0.0,60.0,60.0
2013,8,29,EV,GSO,56.0,60.0,4.0
2013,8,29,MQ,CMH,150.0,149.0,-1.0
2013,8,29,MQ,ORD,123.0,135.0,12.0
2013,8,29,B6,SEA,48.0,64.0,16.0
2013,8,29,UA,ORD,89.0,113.0,24.0
2013,8,29,UA,ORD,30.0,64.0,34.0
2013,8,29,MQ,RDU,40.0,65.0,25.0
2013,8,29,YV,CLT,65.0,69.0,4.0
2013,8,29,MQ,CMH,44.0,66.0,22.0
2013,8,29,B6,BOS,89.0,96.0,7.0
2013,8,29,EV,STL,111.0,97.0,-14.0
2013,8,29,B6,SJU,138.0,153.0,15.0
2013,8,29,B6,PBI,90.0,88.0,-2.0
2013,8,29,B6,BUF,82.0,74.0,-8.0
2013,8,29,MQ,CLE,80.0,145.0,65.0
2013,8,29,EV,BHM,72.0,82.0,10.0
2013,8,29,EV,CLE,38.0,61.0,23.0
2013,8,29,EV,MHT,84.0,93.0,9.0
2013,8,29,DL,SFO,141.0,75.0,-66.0
2013,8,29,EV,RIC,66.0,61.0,-5.0
2013,8,29,UA,ORD,117.0,97.0,-20.0
2013,8,29,UA,SFO,149.0,117.0,-32.0
2013,8,29,B6,FLL,98.0,94.0,-4.0
2013,8,29,EV,MHT,87.0,81.0,-6.0
2013,8,30,EV,CMH,94.0,91.0,-3.0
2013,8,30,EV,GSO,71.0,68.0,-3.0
2013,8,30,EV,CLT,146.0,122.0,-24.0
2013,8,30,US,BOS,61.0,64.0,3.0
2013,8,30,UA,PBI,141.0,138.0,-3.0
2013,8,30,MQ,RDU,76.0,61.0,-15.0
2013,8,30,AA,ORD,87.0,69.0,-18.0
2013,8,30,MQ,TPA,88.0,69.0,-19.0
2013,8,30,EV,GSO,122.0,98.0,-24.0
2013,8,30,UA,DEN,95.0,68.0,-27.0
2013,8,30,UA,AUS,119.0,76.0,-43.0
2013,8,30,EV,IND,-3.0,60.0,63.0
2013,8,30,UA,ORD,79.0,82.0,3.0
2013,8,30,AA,BOS,154.0,139.0,-15.0
2013,8,30,EV,MKE,170.0,190.0,20.0
2013,8,30,UA,ORD,33.0,115.0,82.0
2013,8,30,AA,ORD,93.0,133.0,40.0
2013,8,30,AA,SJU,237.0,211.0,-26.0
2013,8,30,UA,ORD,34.0,75.0,41.0
2013,8,30,OO,CLE,85.0,69.0,-16.0
2013,8,30,DL,MSY,81.0,89.0,8.0
2013,8,30,AA,ORD,109.0,108.0,-1.0
2013,8,30,9E,ORD,65.0,73.0,8.0
2013,8,30,AA,ORD,75.0,133.0,58.0
2013,8,30,MQ,ORD,101.0,147.0,46.0
2013,8,30,MQ,ORD,8.0,97.0,89.0
2013,8,30,UA,ORD,60.0,89.0,29.0
2013,8,30,UA,ORD,149.0,142.0,-7.0
2013,8,30,WN,MDW,225.0,213.0,-12.0
2013,8,30,DL,LAS,160.0,129.0,-31.0
2013,8,30,EV,CLT,173.0,128.0,-45.0
2013,8,30,B6,SJU,74.0,89.0,15.0
2013,8,30,AA,BOS,126.0,131.0,5.0
2013,8,30,UA,BOS,112.0,97.0,-15.0
2013,8,30,B6,TPA,73.0,74.0,1.0
2013,8,31,UA,LAX,110.0,65.0,-45.0
2013,8,31,UA,SFO,96.0,68.0,-28.0
2013,8,31,DL,SLC,135.0,125.0,-10.0
2013,8,31,WN,MDW,170.0,197.0,27.0
2013,8,31,B6,FLL,35.0,94.0,59.0
2013,8,31,B6,FLL,120.0,168.0,48.0
2013,8,31,MQ,MSP,84.0,65.0,-19.0
2013,8,31,FL,ATL,104.0,94.0,-10.0
2013,8,31,DL,ATL,71.0,60.0,-11.0
2013,8,31,AA,STL,100.0,83.0,-17.0
2013,8,31,MQ,IND,64.0,63.0,-1.0
2013,8,31,EV,GSO,159.0,149.0,-10.0
2013,8,31,MQ,CVG,26.0,79.0,53.0
2013,8,31,B6,MCO,81.0,65.0,-16.0
2013,8,31,9E,ROC,135.0,144.0,9.0
2013,8,31,AA,DFW,98.0,73.0,-25.0
2013,8,31,UA,BOS,92.0,80.0,-12.0
2013,8,31,YV,IAD,232.0,212.0,-20.0
2013,8,31,AA,LAS,93.0,70.0,-23.0
2013,8,31,DL,MCO,84.0,77.0,-7.0
2013,8,31,B6,BUF,50.0,76.0,26.0
2013,8,31,B6,PBI,180.0,157.0,-23.0
